{"type":"Topology","arcs":[[[56087,104963],[-123,0],[-123,0],[-122,0],[-123,0],[-123,0],[0,-85],[-123,0],[-122,0],[0,-84],[-123,0],[-123,0],[-122,0],[-123,0],[-123,0],[0,-84],[-123,0],[-122,0],[-123,0],[0,-85],[-123,0],[-123,0],[0,-84],[-122,0],[-123,0],[0,-84],[-123,0],[-122,0],[0,-85],[-123,0],[-123,0],[-123,0],[-122,0],[-123,0],[-123,0],[0,-84],[-123,0],[-122,0],[0,-85],[-123,0],[0,-84]],[[52405,104119],[-123,0],[-122,0],[0,-84],[-123,0],[0,-85],[-123,0],[0,-84],[-123,0],[0,-84],[-122,0],[0,-85],[-123,0],[0,-84],[-123,0],[-123,0],[-122,0],[0,-85],[-123,0],[0,-84],[-123,0],[0,-84],[-122,0],[-123,0],[0,-85],[-123,0],[0,-84],[-123,0],[-122,0],[0,-84],[-123,0],[-123,0],[0,-85],[-123,0],[-122,0],[0,-84],[-123,0],[0,-85],[-123,0],[-122,0],[0,-84],[-123,0],[0,-84],[-123,0],[0,-85],[-123,0],[0,-84],[-122,0],[0,-84],[-123,0],[0,-85],[-123,0],[0,-84],[-123,0],[0,-85],[-122,0],[-123,0],[0,-84],[-123,0],[0,-84],[-122,0],[-123,0],[-123,0],[0,-85],[-123,0],[0,-84],[-122,0],[0,-84],[-123,0],[0,-85],[-123,0],[0,-84],[0,-85],[-123,0],[0,-84],[0,-84],[-122,0],[0,-85],[0,-84],[-123,0],[0,-84],[0,-85],[0,-84],[-123,0],[0,-85],[0,-84],[-123,0],[0,-84],[0,-85],[-122,0],[0,-84],[0,-84],[-123,0],[0,-85],[0,-84],[-123,0],[0,-85],[-122,0],[0,-84],[-123,0],[0,-84],[-123,0],[0,-85],[-123,0],[0,-84],[-122,0],[0,-84],[-123,0],[0,-85],[-123,0],[0,-84],[-123,0],[0,-85],[-122,0],[-123,0],[0,-84],[-123,0],[-122,0],[0,-84],[-123,0],[-123,0],[0,-85],[-123,0],[0,-84],[-122,0],[-123,0],[0,-84],[-123,0],[-123,0],[0,-85],[0,-84],[-122,0],[0,-85],[122,0],[0,-84],[0,-84],[0,-85],[0,-84],[123,0],[0,-84],[0,-85],[123,0],[0,-84],[123,0],[0,-85],[-123,0],[0,-84],[0,-84],[0,-85],[-123,0],[0,-84],[0,-84],[-123,0],[0,-85],[-122,0],[0,-84],[0,-85],[-123,0],[0,-84],[0,-84],[-123,0],[0,-85],[0,-84],[0,-84],[-122,0],[0,-85],[0,-84],[0,-85],[0,-84],[0,-84],[0,-85],[0,-84],[0,-84],[0,-85],[0,-84],[122,0],[0,-85],[0,-84],[0,-84],[0,-85],[123,0],[0,-84],[0,-84],[123,0],[0,-85],[0,-84],[122,0],[0,-85],[0,-84],[0,-84],[0,-85],[0,-84],[-122,0],[0,-84],[0,-85],[-123,0],[0,-84],[-123,0],[0,-85],[-122,0],[0,-84],[-123,0],[0,-84],[-123,0],[0,-85],[-123,0],[0,-84],[123,0],[0,-84],[0,-85],[0,-84],[0,-85],[123,0],[0,-84],[0,-84],[0,-85],[0,-84],[0,-84],[123,0],[0,-85],[122,0],[123,0],[123,0],[122,0],[123,0],[123,0],[123,0],[122,0],[0,-84],[123,0],[0,-85],[123,0],[0,-84],[0,-84],[123,0],[0,-85],[0,-84],[122,0],[0,-84],[123,0],[123,0],[0,-85],[122,0],[0,85],[123,0],[123,0],[0,-85],[123,0],[122,0],[123,0],[0,-84],[123,0],[0,-85],[0,-84],[0,-84],[123,0],[0,-85],[122,0],[0,-84],[123,0],[0,-84],[123,0],[0,-85],[0,-84],[0,-85],[0,-84],[0,-84],[122,0],[0,-85],[0,-84],[123,0],[123,0],[123,0],[0,84],[122,0],[123,0],[123,0],[0,85],[123,0],[122,0],[123,0],[123,0],[123,0],[122,0],[123,0],[0,-85],[123,0],[0,-84],[122,0],[0,-84],[123,0],[0,-85],[123,0],[0,-84],[0,-85],[123,0],[0,-84],[122,0],[123,0],[0,-84],[123,0],[0,-85],[123,0],[122,0],[0,-84],[123,0],[0,-84],[123,0],[122,0],[0,-85],[0,-84],[0,-85],[0,-84],[0,-84],[123,0],[0,-85],[0,-84],[0,-84],[0,-85],[123,0],[0,-84],[0,-85],[123,0],[0,-84],[122,0],[0,-84],[123,0],[123,0],[0,-85],[123,0],[0,-84],[122,0],[0,-84],[123,0],[0,-85],[123,0],[0,-84],[122,0],[0,-85],[123,0],[0,-84],[0,-84],[123,0],[0,-85],[0,-84],[123,0],[0,-84],[0,-85],[0,-84],[122,0],[0,-85],[0,-84],[0,-84],[0,-85],[123,0],[0,-84],[0,-84],[0,-85],[0,-84],[123,0],[0,-85],[0,-84],[0,-84],[123,0],[0,-85],[0,-84],[122,0],[0,-84],[0,-85],[123,0],[0,-84],[0,-85],[123,0],[0,-84],[0,-84],[0,-85],[122,0],[0,-84],[0,-84],[0,-85],[123,0],[0,-84],[0,-85],[123,0],[0,-84],[0,-84],[123,0],[0,-85],[0,-84],[122,0],[0,-84],[123,0],[0,-85],[0,-84],[123,0],[0,-85],[0,-84],[123,0],[0,-84],[122,0],[0,-85],[123,0],[0,-84],[0,-84],[0,-85],[123,0],[0,-84],[122,0],[0,-85],[0,-84],[123,0],[0,-84],[0,-85],[123,0],[0,-84],[0,-84],[0,-85],[123,0],[0,-84],[0,-85],[122,0],[0,-84],[0,-84],[123,0],[0,-85]],[[54614,84375],[0,-84],[0,-84],[-123,0],[0,-85],[0,-84],[0,-85],[0,-84],[0,-84],[0,-85],[-122,0],[0,-84],[0,-84],[0,-85],[0,-84],[0,-85],[0,-84],[0,-84],[0,-85],[-123,0],[0,-84],[-123,0],[-123,0],[0,-84],[-122,0],[0,-85],[-123,0],[0,-84],[0,-85],[-123,0],[0,-84],[-122,0],[0,-84],[-123,0],[-123,0],[0,84],[-123,0],[-122,0],[-123,0],[0,84],[-123,0],[-123,0],[0,85],[-122,0],[-123,0],[0,84],[-123,0],[-122,0],[-123,0],[-123,0],[0,85],[-123,0],[-122,0],[-123,0]],[[51546,82857],[0,84],[-123,0],[0,84],[0,85],[-123,0],[0,84],[0,84],[0,85],[-122,0],[0,84],[0,85],[-123,0],[0,84],[-123,0],[0,84],[0,85],[-122,0],[0,84],[0,84],[-123,0],[0,85],[-123,0],[0,84],[0,85],[-123,0],[0,84],[-122,0],[0,84],[0,85],[-123,0],[0,84],[-123,0],[0,-84],[0,-85],[0,-84],[0,-84],[0,-85],[0,-84],[0,-85],[0,-84],[0,-84],[0,-85],[-123,0],[0,-84],[0,-84],[-122,0],[0,-85],[-123,0],[0,-84],[-123,0],[-122,0],[0,-85],[-123,0],[-123,0],[0,85],[-123,0],[-122,0],[0,84],[-123,0],[0,85],[0,84],[-123,0],[0,84],[0,85],[-123,0],[0,84],[0,84],[0,85],[-122,0],[0,84],[0,85],[0,84],[0,84],[0,85],[122,0],[0,84],[0,84],[123,0],[0,85],[0,84],[0,85],[123,0],[0,84],[0,84],[0,85],[0,84],[0,84],[-123,0],[0,85],[-123,0],[0,84],[-122,0],[0,85],[-123,0],[-123,0],[-122,0],[-123,0],[-123,0],[-123,0],[-122,0],[-123,0],[-123,0],[-123,0],[-122,0],[-123,0],[-123,0],[-123,0],[-122,0],[-123,0],[-123,0],[-122,0],[-123,0],[-123,0],[-123,0],[-122,0],[-123,0],[-123,0],[-123,0],[-122,0],[-123,0],[-123,0],[-122,0],[0,-85],[-123,0],[-123,0],[-123,0],[0,-84],[-122,0],[-123,0],[-123,0],[-123,0],[-122,0],[0,84],[-123,0],[0,85],[-123,0],[-122,0],[0,84],[-123,0],[0,84],[-123,0],[-123,0],[0,85],[-122,0],[-123,0],[-123,0],[-123,0],[-122,0],[-123,0],[-123,0],[0,-85],[-122,0],[-123,0],[0,-84],[-123,0],[-123,0],[-122,0],[-123,0],[-123,0],[-123,0],[-122,0],[-123,0],[-123,0],[-122,0],[0,-84],[-123,0],[-123,0],[-123,0],[0,-85],[0,-84],[-122,0],[0,-85],[122,0],[0,-84],[0,-84],[123,0],[0,-85],[0,-84],[123,0],[0,-84],[-123,0],[0,-85],[-123,0],[0,-84],[-122,0],[-123,0],[-123,0],[-123,0],[-122,0],[-123,0],[-123,0],[-122,0],[-123,0],[-123,0],[-123,0],[0,84],[-122,0],[-123,0],[-123,0],[-123,0],[-122,0],[0,85],[-123,0],[-123,0],[-122,0],[-123,0],[-123,0],[-123,0],[-122,0],[-123,0],[-123,0],[0,-85],[-123,0],[-122,0],[-123,0],[0,-84],[-123,0],[-123,0],[0,-85],[-122,0],[-123,0],[-123,0],[0,-84],[-122,0],[-123,0],[0,-84],[-123,0],[-123,0],[-122,0],[-123,0],[-123,0],[0,-85],[-123,0],[-122,0],[-123,0],[-123,0],[-122,0],[0,85],[-123,0],[-123,0],[0,84],[-123,0],[-122,0],[0,84],[-123,0],[0,85],[-123,0],[0,84],[-123,0],[0,85],[-122,0],[0,84],[-123,0],[0,84],[0,85],[-123,0],[0,84],[0,84],[-122,0],[0,85],[0,84],[-123,0],[0,85],[-123,0],[0,84],[0,84],[-123,0],[0,85],[-122,0],[0,84],[-123,0],[-123,0],[0,84],[-123,0],[-122,0],[-123,0],[-123,0],[-122,0],[-123,0],[0,-84],[-123,0],[0,-84],[-123,0],[0,-85],[0,-84],[0,-84],[0,-85],[0,-84],[0,-85],[0,-84],[0,-84],[0,-85],[0,-84],[-122,0],[0,-84],[-123,0],[-123,0],[0,-85],[-123,0],[0,-84],[0,-85],[0,-84],[0,-84],[0,-85],[0,-84],[-122,0],[0,-84],[0,-85],[-123,0],[0,-84],[-123,0],[0,-85],[-122,0],[0,-84],[-123,0],[0,-84],[-123,0],[0,-85],[-123,0],[0,-84],[-122,0],[0,-84],[0,-85],[0,-84],[122,0],[0,-85],[0,-84],[123,0],[123,0],[0,-84],[123,0],[122,0],[123,0],[123,0],[0,84],[122,0],[0,84],[123,0],[123,0],[0,85],[123,0],[0,84],[122,0],[0,85],[123,0],[123,0],[123,0],[122,0],[123,0],[123,0],[0,-85],[122,0],[0,-84],[123,0],[0,-85],[123,0],[123,0],[0,-84],[122,0],[0,-84],[123,0],[0,-85],[0,-84],[123,0],[0,-84],[0,-85],[123,0],[0,-84],[0,-85],[122,0],[0,-84],[0,-84],[0,-85],[123,0],[0,-84],[0,-84],[123,0],[122,0],[123,0],[123,0],[0,84],[123,0],[122,0],[123,0],[0,84],[123,0],[0,85],[123,0],[122,0],[123,0],[0,84],[123,0],[122,0],[123,0],[0,84],[123,0],[123,0],[122,0],[0,85],[123,0],[123,0],[0,84],[123,0],[122,0],[123,0],[0,85],[123,0],[122,0],[123,0],[123,0],[123,0],[0,84],[122,0],[123,0],[123,0],[123,0],[0,84],[122,0],[123,0],[123,0],[123,0],[122,0],[0,85],[123,0],[0,-85],[123,0],[122,0],[123,0],[0,-84],[123,0],[0,-84],[123,0],[122,0],[0,-85],[123,0],[0,-84],[0,-85],[123,0],[0,-84],[123,0],[0,-84],[122,0],[0,-85],[0,-84],[0,-84],[0,-85],[0,-84],[123,0],[0,-85],[0,-84],[-123,0],[0,-84],[0,-85],[0,-84],[0,-84],[0,-85],[123,0],[0,-84],[123,0],[0,-85],[122,0],[123,0],[0,85],[123,0],[123,0],[122,0],[0,84],[123,0],[123,0],[123,0],[122,0],[123,0],[123,0],[122,0],[123,0],[123,0],[123,0],[122,0],[123,0],[123,0],[0,85],[123,0],[0,84],[122,0],[0,84],[123,0],[0,85],[123,0],[122,0],[0,-85],[123,0],[123,0],[0,-84],[123,0],[0,-84],[0,-85],[0,-84],[0,-85],[0,-84],[0,-84],[0,-85],[0,-84],[122,0],[0,-84],[0,-85],[123,0],[0,-84],[-123,0],[0,-85],[0,-84],[0,-84],[123,0],[0,-85],[0,-84],[0,-84],[0,-85],[0,-84],[0,-85],[0,-84],[0,-84],[0,-85],[-123,0],[0,-84],[0,-84],[0,-85],[0,-84],[0,-85],[0,-84],[0,-84],[0,-85],[123,0],[0,-84],[0,-84],[0,-85],[0,-84],[0,-85],[123,0],[0,-84],[0,-84],[0,-85],[123,0],[0,-84],[122,0],[0,-84],[123,0],[0,-85],[123,0],[122,0],[123,0],[123,0],[123,0],[0,85],[122,0],[0,84],[0,84],[123,0],[0,85],[0,84],[0,84],[0,85],[0,84],[0,85],[123,0],[0,84],[0,84],[0,85],[0,84],[123,0],[0,84],[122,0],[0,85],[123,0],[0,84],[123,0],[0,85],[0,84],[122,0],[0,84],[0,85],[0,84],[0,84],[0,85],[0,84],[0,85],[0,84],[0,84],[0,85],[123,0],[0,84],[0,84],[0,85],[123,0],[123,0],[0,84],[122,0],[123,0],[0,-84],[123,0],[0,-85],[123,0],[0,-84],[0,-84],[122,0],[0,-85],[0,-84],[123,0],[0,-84],[123,0],[0,-85],[0,-84],[0,-85],[122,0],[0,-84],[0,-84],[0,-85],[0,-84],[0,-84],[123,0],[0,-85],[0,-84],[0,-85],[123,0],[0,-84],[0,-84],[0,-85],[0,-84],[0,-84],[123,0],[0,-85],[0,-84],[0,-85],[122,0],[0,-84],[0,-84],[0,-85],[123,0],[0,-84],[0,-84],[123,0],[0,-85],[0,-84],[123,0],[0,-85],[0,-84],[0,-84],[122,0],[0,-85],[0,-84],[123,0],[0,-84],[123,0],[0,-85],[123,0],[122,0],[0,-84],[123,0],[123,0],[122,0],[123,0],[123,0],[123,0],[0,84],[122,0],[0,85],[123,0],[123,0],[0,84],[0,84],[123,0],[0,85],[0,84],[122,0],[0,84],[123,0],[0,85],[0,84],[123,0],[0,85],[122,0],[0,84],[123,0],[123,0],[123,0],[0,-84],[122,0],[0,-85],[123,0],[0,-84],[123,0],[0,-85],[123,0],[0,-84],[122,0],[123,0],[0,-84],[123,0],[122,0],[123,0],[123,0],[0,84],[123,0],[122,0],[0,84],[123,0],[0,85],[123,0],[0,84],[0,85],[123,0],[122,0],[0,84],[123,0],[0,84],[123,0],[122,0],[0,-84],[123,0],[123,0],[123,0],[122,0],[123,0],[123,0],[123,0],[0,-84],[122,0],[123,0],[0,-85],[123,0],[0,-84],[122,0],[123,0],[123,0],[123,0],[122,0],[123,0],[123,0],[123,0],[122,0],[0,84],[123,0],[123,0],[122,0],[0,85],[123,0],[0,84],[123,0],[0,84],[0,85],[123,0],[0,84],[122,0]],[[55841,78469],[123,0],[0,-84],[123,0],[123,0],[0,-85],[0,-84],[122,0],[123,0],[0,-84],[123,0],[0,-85],[0,-84],[122,0],[0,-85],[0,-84],[123,0],[0,-84],[0,-85],[0,-84],[-123,0],[0,-84],[-122,0],[0,-85],[-123,0],[0,-84],[-123,0],[0,-85]],[[56332,77203],[-122,0],[-123,0],[-123,0],[-123,0],[-122,0],[-123,0],[-123,0],[0,-84],[-123,0],[-122,0],[-123,0],[0,-84],[-123,0],[0,-85],[0,-84],[-122,0],[0,-84],[-123,0],[0,-85],[0,-84],[0,-85],[-123,0],[0,-84],[0,-84],[-123,0],[0,-85],[0,-84],[-122,0],[-123,0],[0,-84],[-123,0],[-123,0],[-122,0],[-123,0],[-123,0],[-122,0],[0,-85],[-123,0],[0,-84],[0,-85],[-123,0],[0,-84],[-123,0],[0,-84],[-122,0],[0,-85],[-123,0],[-123,0],[-123,0],[-122,0],[0,-84],[-123,0],[-123,0],[-122,0],[-123,0],[0,-84],[-123,0],[-123,0],[0,-85],[-122,0],[0,-84],[-123,0],[0,-85],[-123,0],[0,-84],[-123,0],[0,-84],[-122,0],[0,-85],[-123,0],[0,-84],[-123,0],[0,-84],[0,-85],[-122,0],[0,-84],[-123,0],[0,-85],[-123,0],[0,-84],[0,-84],[-123,0],[0,-85],[-122,0],[0,-84],[0,-84],[-123,0],[0,-85],[-123,0],[0,-84],[0,-85],[-123,0],[0,-84],[-122,0],[0,-84],[0,-85],[0,-84],[-123,0],[0,-84],[-123,0],[0,-85],[0,-84],[-122,0],[0,-85],[-123,0],[0,-84],[0,-84],[-123,0],[0,-85],[0,-84],[0,-84],[-123,0],[0,-85],[0,-84],[0,-85],[0,-84],[0,-84],[0,-85],[0,-84],[123,0],[0,-84],[0,-85],[0,-84],[0,-85],[0,-84],[0,-84],[0,-85],[0,-84],[0,-84],[123,0],[0,-85],[0,-84],[0,-85],[-123,0],[0,-84],[0,-84],[-123,0],[0,-85],[-122,0],[0,-84],[-123,0],[0,-84],[-123,0],[-123,0],[0,-85],[-122,0],[-123,0],[0,-84],[-123,0],[0,-85],[-122,0],[0,-84],[-123,0],[-123,0],[0,-84],[0,-85],[-123,0],[0,-84],[-122,0],[0,-85],[0,-84],[-123,0],[0,-84],[-123,0],[0,-85],[-123,0],[0,-84],[0,-84],[-122,0],[0,-85],[-123,0],[0,-84],[-123,0],[0,-85],[-123,0],[-122,0],[0,-84],[-123,0],[-123,0],[-122,0],[-123,0],[-123,0],[-123,0],[0,-84],[-122,0],[-123,0],[-123,0],[0,84],[-123,0],[-122,0],[-123,0],[-123,0],[-122,0],[-123,0],[0,84],[-123,0],[-123,0],[-122,0],[-123,0],[-123,0],[0,85],[-123,0],[-122,0],[-123,0],[0,-85],[-123,0],[-122,0],[-123,0],[0,-84],[-123,0],[0,-84],[0,-85],[-123,0],[0,-84],[0,-84],[0,-85],[-122,0],[0,-84],[0,-85],[0,-84],[-123,0],[0,-84],[0,-85],[0,-84],[0,-84],[-123,0],[0,-85],[0,-84],[0,-85],[-123,0],[0,-84],[0,-84],[0,-85],[0,-84],[0,-84],[123,0],[0,-85],[0,-84],[0,-85],[123,0],[0,-84],[0,-84],[0,-85],[0,-84],[123,0],[0,-84],[0,-85],[0,-84],[122,0],[0,-85],[0,-84],[0,-84],[0,-85],[0,-84],[0,-84],[0,-85],[-122,0],[0,-84],[-123,0],[0,-85],[0,-84],[-123,0],[0,-84],[0,-85],[0,-84],[0,-84],[0,-85],[0,-84],[0,-85],[0,-84],[0,-84],[123,0],[0,-85],[0,-84],[0,-84],[0,-85],[0,-84],[0,-85],[0,-84],[0,-84],[123,0],[0,-85],[0,-84],[0,-84],[0,-85],[0,-84],[0,-85],[0,-84],[0,-84],[0,-85],[0,-84],[0,-84],[0,-85],[0,-84],[0,-85],[0,-84],[0,-84],[0,-85],[0,-84],[-123,0],[0,-84],[0,-85],[0,-84],[0,-85],[0,-84],[-123,0],[0,-84],[0,-85],[0,-84],[0,-84],[0,-85],[0,-84],[0,-85],[0,-84],[0,-84],[0,-85],[0,-84],[0,-84],[0,-85],[0,-84],[-123,0],[0,-85],[0,-84],[0,-84],[0,-85],[-122,0],[0,-84],[0,-84],[0,-85],[-123,0],[0,-84],[0,-85],[0,-84],[-123,0],[0,-84],[0,-85],[0,-84],[0,-84],[-122,0],[0,-85],[0,-84],[0,-85],[0,-84],[0,-84],[0,-85],[-123,0],[0,-84],[0,-84],[0,-85],[0,-84],[0,-85],[-123,0],[0,-84],[0,-84],[0,-85],[0,-84],[0,-84],[-123,0],[0,-85],[0,-84],[-122,0],[0,-85],[0,-84],[0,-84],[0,-85],[0,-84],[0,-84],[0,-85],[-123,0],[0,-84],[0,-85],[0,-84],[-123,0],[0,-84],[0,-85],[0,-84],[0,-84],[0,-85],[0,-84],[0,-85],[0,-84],[-123,0],[0,-84],[0,-85],[0,-84],[0,-84],[0,-85],[-122,0],[0,-84],[0,-85],[-123,0],[0,85],[-123,0],[-122,0],[0,84],[-123,0],[0,85],[-123,0],[0,84],[-123,0],[0,84],[-122,0],[-123,0],[0,85],[-123,0],[-123,0],[0,84],[-122,0],[0,84],[-123,0],[0,85],[-123,0],[0,84],[-122,0],[0,85],[-123,0],[0,84],[-123,0],[0,84],[0,85],[-123,0],[0,84],[-122,0],[0,84],[-123,0],[0,85],[0,84],[-123,0],[0,85],[-123,0],[0,84],[-122,0],[0,84],[-123,0],[0,85],[-123,0],[0,84],[0,84],[-122,0],[0,85],[-123,0],[0,84],[-123,0],[0,85],[-123,0],[0,84],[0,84],[-122,0],[0,85],[0,84],[-123,0],[0,84],[-123,0],[0,85],[-123,0],[0,84],[0,85],[-122,0],[0,84],[-123,0],[0,84],[0,85],[-123,0],[0,84],[-123,0],[0,84],[-122,0],[0,85],[0,84],[-123,0],[0,85],[-123,0],[0,84],[0,84],[-122,0],[0,85],[-123,0],[0,84],[0,84],[0,85],[-123,0],[0,84],[-123,0],[0,85],[0,84],[-122,0],[0,84],[-123,0],[0,85],[-123,0],[0,84],[-123,0],[0,84],[0,85],[-122,0],[0,84],[-123,0],[0,85],[-123,0],[0,84],[-122,0],[0,84],[-123,0],[0,85],[-123,0],[0,84],[-123,0],[-122,0],[0,84],[-123,0],[0,85],[-123,0],[0,84],[-123,0],[0,85],[-122,0],[0,84],[-123,0],[0,84],[-123,0],[0,85],[-122,0],[-123,0],[0,84],[-123,0],[0,84],[-123,0],[-122,0],[-123,0],[0,85],[-123,0],[-123,0],[0,84],[-122,0],[0,85],[-123,0],[0,84],[-123,0],[-122,0],[0,84],[-123,0],[0,85],[-123,0],[0,84],[0,84],[-123,0],[0,85],[-122,0],[0,84],[-123,0],[0,-84],[-123,0],[0,-85],[-123,0],[0,-84],[0,-84],[-122,0],[0,-85],[-123,0],[0,-84],[-123,0],[0,-84],[0,-85],[0,-84],[-122,0],[0,-85],[0,-84],[0,-84],[0,-85],[0,-84],[0,-84],[122,0],[0,-85],[123,0],[0,-84],[123,0],[0,-85],[0,-84],[122,0],[0,-84],[0,-85],[0,-84],[0,-84],[0,-85],[0,-84],[0,-85],[0,-84],[0,-84],[0,-85],[0,-84],[0,-84],[123,0],[0,-85],[123,0],[0,-84],[123,0],[0,-85],[122,0],[123,0],[0,-84],[123,0],[123,0],[0,-84],[122,0],[0,-85],[123,0],[0,-84],[123,0],[0,-84],[122,0],[0,-85],[123,0],[0,-84],[0,-85],[123,0],[0,-84],[0,-84],[0,-85],[0,-84],[0,-84],[123,0],[0,-85],[0,-84],[0,-85],[0,-84],[0,-84],[122,0],[0,-85],[0,-84],[0,-84],[0,-85],[123,0],[0,-84],[0,-85],[0,-84],[0,-84],[-123,0],[0,-85],[0,-84],[-122,0],[0,-84],[-123,0],[0,-85],[0,-84],[0,-85],[0,-84],[0,-84],[123,0],[0,-85],[122,0],[0,-84],[0,-84],[0,-85],[123,0],[0,-84],[0,-85],[0,-84],[0,-84],[-123,0],[0,-85],[0,-84],[0,-84],[-122,0],[0,-85],[0,-84],[-123,0],[0,-85],[0,-84],[-123,0],[0,-84],[-123,0],[0,-85],[-122,0],[0,-84],[-123,0],[0,-84],[0,-85],[-123,0],[0,-84],[0,-85],[-122,0],[0,-84],[-123,0],[0,-84],[0,-85],[0,-84],[-123,0],[0,-84],[0,-85],[-123,0],[0,-84],[0,-85],[0,-84],[-122,0],[0,-84],[-123,0],[-123,0],[0,-85],[0,-84],[-123,0],[0,-84],[-122,0],[0,-85],[-123,0],[0,-84],[0,-85],[0,-84],[0,-84],[0,-85],[0,-84],[0,-84],[0,-85],[0,-84],[0,-85],[123,0],[0,-84],[0,-84],[0,-85],[122,0],[0,-84],[0,-84],[0,-85],[123,0],[0,-84],[0,-85],[0,-84],[0,-84],[123,0],[0,-85],[0,-84],[0,-84],[0,-85],[0,-84],[0,-85],[0,-84],[0,-84],[0,-85],[-123,0],[0,-84],[-123,0],[0,-84],[-122,0],[0,-85],[-123,0],[0,-84],[0,-85],[-123,0],[0,-84],[-122,0],[0,-84],[0,-85],[-123,0],[0,-84],[-123,0],[0,-84],[0,-85],[0,-84],[0,-85],[0,-84],[0,-84],[0,-85],[0,-84],[123,0],[0,-84],[0,-85],[0,-84],[0,-85],[0,-84],[0,-84],[123,0],[0,-85],[0,-84],[0,-84],[122,0],[0,-85],[0,-84],[0,-85],[123,0],[0,-84],[123,0],[0,-84],[0,-85],[0,-84],[0,-84],[122,0],[0,-85],[0,-84],[123,0],[0,-85],[0,-84],[0,-84],[0,-85],[-123,0],[-122,0],[-123,0],[-123,0],[-122,0],[-123,0],[-123,0],[0,-84],[-123,0],[-122,0],[0,-84],[-123,0],[-123,0],[-123,0],[0,84],[-122,0],[0,-84],[-123,0],[-123,0],[-122,0],[-123,0],[0,84],[-123,0],[-123,0],[-122,0],[0,84],[-123,0],[-123,0],[0,85],[-123,0],[0,84],[-122,0],[0,84],[-123,0],[0,85],[-123,0],[0,84],[-122,0],[0,85],[-123,0],[0,84],[-123,0],[0,84],[-123,0],[-122,0],[0,85],[-123,0],[0,84],[-123,0],[0,84],[-123,0],[0,85],[-122,0],[-123,0],[0,84],[-123,0],[0,85],[-122,0],[0,84],[-123,0],[0,84],[0,85],[-123,0],[0,84],[0,84],[-123,0],[0,85],[-122,0],[0,84],[-123,0],[0,85],[0,84],[-123,0],[0,84],[0,85],[0,84],[-123,0],[0,84],[0,85],[-122,0],[0,84],[0,85],[0,84],[0,84],[0,85],[0,84],[0,84],[0,85],[0,84],[0,85],[0,84],[0,84],[0,85],[0,84],[0,84],[0,85],[0,84],[0,85],[0,84],[-123,0],[0,84],[-123,0],[0,85],[-123,0],[-122,0],[0,-85],[-123,0],[0,-84],[0,-84],[0,-85],[0,-84],[0,-85],[0,-84],[-123,0],[0,-84],[0,-85],[0,-84],[-122,0],[-123,0],[-123,0],[-123,0],[0,84],[-122,0],[-123,0],[-123,0],[0,-84],[-123,0],[0,-84],[0,-85],[-122,0],[-123,0],[0,-84],[-123,0],[0,-85],[-122,0],[-123,0],[0,-84],[-123,0],[-123,0],[-122,0],[-123,0],[-123,0],[0,-84],[-123,0],[0,-85],[0,-84],[-122,0],[0,-84],[-123,0],[0,-85],[0,-84],[0,-85],[0,-84],[123,0],[0,-84],[0,-85],[122,0],[0,-84],[123,0],[0,-84],[123,0],[123,0],[0,-85],[122,0],[0,-84],[0,-85],[123,0],[0,-84],[0,-84],[0,-85],[0,-84],[0,-84],[123,0],[0,-85],[0,-84],[0,-85],[0,-84],[123,0],[0,-84],[0,-85],[0,-84],[0,-84],[0,-85],[122,0],[0,-84],[123,0],[0,-85],[0,-84],[0,-84],[123,0],[0,-85],[0,-84],[0,-84],[0,-85],[122,0],[123,0],[123,0],[0,-84],[123,0],[0,-85],[122,0],[0,-84],[123,0],[123,0],[0,-84],[123,0],[0,-85],[122,0],[0,-84],[123,0],[0,-84],[123,0],[0,-85],[122,0],[0,-84],[123,0],[0,-85],[123,0],[0,-84],[123,0],[0,-84],[122,0],[0,-85],[0,-84],[123,0],[123,0],[0,-84],[123,0],[122,0],[123,0],[0,84],[0,84],[0,85],[123,0],[0,84],[123,0],[122,0],[0,84],[123,0],[123,0],[0,-84],[122,0],[0,-84],[123,0],[0,-85],[123,0],[123,0],[122,0],[123,0],[123,0],[123,0],[122,0],[123,0],[123,0],[122,0],[0,85],[0,84],[0,84],[123,0],[0,85],[0,84],[123,0],[0,85],[123,0],[0,84],[122,0],[0,84],[123,0],[123,0],[123,0],[0,-84],[122,0],[123,0],[123,0],[122,0],[123,0],[0,-84],[123,0],[123,0],[122,0],[123,0],[123,0],[123,0],[0,-85],[122,0],[123,0],[123,0],[122,0],[123,0],[0,-84],[123,0],[123,0],[122,0],[0,-85],[123,0],[123,0],[0,-84],[123,0],[122,0],[0,-84],[123,0],[123,0],[0,-85],[122,0],[123,0],[0,-84],[123,0],[0,-84],[123,0],[122,0],[0,-85],[123,0],[0,-84],[123,0],[0,-85],[123,0],[0,-84],[122,0],[0,-84],[123,0],[0,-85],[123,0],[0,-84],[122,0],[0,-84],[123,0],[0,-85],[123,0],[123,0],[0,-84],[122,0],[123,0],[0,-85],[123,0],[123,0],[0,-84],[122,0],[123,0],[0,-84],[123,0],[122,0],[0,-85],[123,0],[123,0],[123,0],[0,-84],[122,0],[123,0],[0,-84],[123,0],[123,0],[122,0],[123,0],[123,0],[122,0],[0,-85],[123,0],[123,0],[123,0],[122,0],[123,0],[0,85],[123,0],[123,0],[122,0],[123,0],[123,0],[123,0],[122,0],[123,0],[123,0],[122,0],[123,0],[123,0],[123,0],[122,0],[123,0],[123,0],[123,0],[122,0],[0,84],[123,0],[123,0],[122,0],[0,84],[123,0],[0,85],[123,0],[0,84],[123,0],[0,84],[122,0],[0,85],[123,0],[123,0],[0,84],[123,0],[122,0],[123,0],[123,0],[122,0],[0,-84],[123,0],[123,0],[123,0],[0,-85],[122,0],[0,-84],[123,0],[0,-84],[0,-85],[123,0],[0,-84],[123,0],[0,-84],[0,-85],[0,-84],[122,0],[0,-85],[123,0],[0,-84],[123,0],[0,-84],[122,0],[123,0],[0,-85],[123,0],[123,0],[122,0],[123,0],[0,85],[123,0],[123,0],[122,0],[123,0],[123,0],[122,0],[0,84],[123,0],[123,0],[0,-84],[123,0],[0,-85],[122,0],[0,-84],[123,0],[0,-84],[123,0],[0,-85],[123,0],[122,0],[0,-84],[123,0],[0,-85],[123,0],[122,0],[0,-84],[123,0],[123,0],[123,0],[122,0],[123,0]],[[46023,44972],[0,-84],[123,0],[0,-85],[123,0],[122,0],[123,0],[0,-84],[123,0],[0,-84],[122,0],[123,0],[0,-85],[123,0],[0,-84],[123,0],[0,-85],[0,-84],[122,0],[0,-84],[123,0],[123,0],[0,-85],[123,0],[0,-84],[122,0],[0,-84],[123,0],[0,-85],[123,0],[123,0],[0,-84],[122,0],[0,-85],[123,0],[123,0],[0,-84],[122,0],[123,0],[0,-84],[123,0],[0,-85],[123,0],[122,0],[0,-84],[123,0],[0,-84],[-123,0],[0,-85],[0,-84],[0,-85],[0,-84],[-122,0],[0,-84],[0,-85],[0,-84],[-123,0],[0,-84],[-123,0],[0,-85],[-123,0],[-122,0],[0,-84],[0,-85],[-123,0],[0,-84],[-123,0],[-122,0],[0,-84],[0,-85],[-123,0],[0,-84],[-123,0],[0,-84],[0,-85],[0,-84],[0,-85],[0,-84],[0,-84],[0,-85],[0,-84],[0,-84],[-123,0],[-122,0],[-123,0],[-123,0],[-123,0],[0,84],[-122,0],[-123,0],[-123,0],[-123,0],[0,84],[-122,0],[-123,0],[0,-84],[-123,0],[0,-84],[-122,0],[0,-85],[0,-84],[-123,0],[0,-85],[0,-84],[-123,0],[0,-84],[-123,0],[-122,0],[-123,0],[-123,0],[-123,0],[-122,0],[-123,0],[-123,0],[-122,0],[-123,0],[-123,0],[-123,0],[-122,0],[0,84],[-123,0],[0,84],[-123,0],[-123,0],[0,85],[-122,0],[-123,0],[-123,0],[-122,0],[-123,0],[0,-85],[-123,0],[0,-84],[-123,0],[0,-84],[0,-85],[0,-84],[0,-84],[123,0],[0,-85],[123,0],[0,-84],[123,0],[0,-85],[0,-84],[0,-84],[0,-85],[0,-84],[0,-84],[122,0],[0,-85],[0,-84],[0,-85],[0,-84],[0,-84],[0,-85],[0,-84],[0,-84],[123,0],[0,-85],[123,0],[122,0],[123,0],[0,85],[123,0],[0,84],[123,0],[122,0],[0,84],[123,0],[0,85],[123,0],[0,84],[123,0],[122,0],[123,0],[123,0],[0,84],[122,0],[0,-84],[123,0],[123,0],[123,0],[122,0],[123,0],[123,0],[123,0],[122,0],[123,0],[123,0],[122,0],[123,0],[123,0],[123,0],[0,84],[122,0],[123,0],[123,0],[123,0],[122,0],[0,85],[123,0],[123,0],[123,0],[122,0],[0,84],[123,0],[123,0],[0,85],[122,0],[123,0],[123,0],[0,84],[123,0],[122,0],[0,84],[123,0],[123,0],[123,0],[122,0],[0,85],[123,0],[0,84],[123,0],[122,0],[0,84],[123,0],[0,85],[123,0],[123,0],[0,84],[122,0],[0,85],[123,0],[0,84],[123,0],[0,84],[123,0],[122,0],[0,85],[123,0],[0,84],[123,0],[122,0],[0,84],[123,0],[0,85],[123,0],[0,84],[123,0],[0,85],[122,0],[123,0],[0,84],[123,0],[0,84],[123,0],[122,0],[0,85],[123,0],[0,84],[123,0],[122,0],[0,84],[123,0],[123,0],[123,0],[0,85],[122,0],[123,0],[123,0],[123,0],[122,0],[123,0],[123,0],[122,0],[0,-85],[123,0],[123,0],[0,-84],[0,-84],[0,-85],[0,-84],[0,-84],[-123,0],[0,-85],[-123,0],[-122,0],[0,-84],[-123,0],[0,-85],[-123,0],[0,-84],[-122,0],[0,-84],[-123,0],[-123,0],[0,-85],[0,-84],[-123,0],[0,-84],[0,-85],[0,-84],[-122,0],[0,-85],[0,-84],[-123,0],[0,-84],[0,-85],[-123,0],[0,-84],[-123,0],[0,-84],[0,-85],[0,-84],[-122,0],[0,-85],[0,-84],[-123,0],[0,-84],[0,-85],[-123,0],[0,-84],[0,-84],[-122,0],[-123,0],[0,-85],[-123,0],[-123,0],[0,-84],[-122,0],[0,-85],[0,-84],[-123,0],[0,-84],[0,-85],[-123,0],[0,-84],[0,-84],[0,-85],[-123,0],[0,-84],[-122,0],[0,-85],[-123,0],[-123,0],[0,-84],[-122,0],[-123,0],[0,-84],[-123,0],[-123,0],[0,-85],[-122,0],[-123,0],[0,-84],[-123,0],[-123,0],[-122,0],[0,-84],[-123,0],[0,-85],[-123,0],[0,-84],[0,-85],[-122,0],[0,-84],[-123,0],[0,-84],[-123,0],[0,-85],[0,-84],[-123,0],[0,-84],[-122,0],[-123,0],[0,-85],[-123,0],[0,-84],[-123,0],[-122,0],[-123,0],[0,-85],[-123,0],[-122,0],[0,-84],[-123,0],[-123,0],[0,-84],[-123,0],[0,-85],[-122,0],[0,-84],[0,-84],[0,-85],[-123,0],[0,-84],[0,-85],[0,-84],[0,-84],[0,-85],[0,-84],[0,-84],[0,-85],[0,-84],[0,-85],[0,-84],[0,-84],[0,-85],[-123,0],[-123,0],[0,-84],[-122,0],[-123,0],[0,-85],[-123,0],[0,-84],[-123,0],[0,-84],[-122,0],[0,-85],[0,-84],[-123,0],[0,-84],[-123,0],[0,-85],[0,-84],[-122,0],[-123,0],[0,-85],[-123,0],[-123,0],[0,-84],[-122,0],[0,84],[-123,0],[-123,0],[-123,0],[-122,0],[-123,0],[0,85],[-123,0],[-122,0],[0,-85],[-123,0],[0,-84],[-123,0],[-123,0],[0,-84],[-122,0],[0,-85],[-123,0],[0,-84],[-123,0],[-123,0],[-122,0],[-123,0],[0,-84],[-123,0],[-122,0],[0,-85],[0,-84],[-123,0],[0,-85],[123,0],[0,-84],[122,0],[0,-84],[0,-85],[123,0],[0,-84],[0,-84],[0,-85],[0,-84],[0,-85],[0,-84],[-123,0],[0,-84],[-122,0],[0,-85],[-123,0],[-123,0],[-123,0],[0,-84],[-122,0],[-123,0],[0,-84],[-123,0],[-123,0],[-122,0],[0,-85],[-123,0],[-123,0],[-122,0],[-123,0],[-123,0],[0,-84],[-123,0],[0,-85],[-122,0],[-123,0],[0,-84],[0,-84],[-123,0],[0,-85],[0,-84],[-123,0],[0,-84],[0,-85],[0,-84],[0,-85],[0,-84],[123,0],[0,-84],[0,-85],[123,0],[123,0],[122,0],[0,-84],[123,0],[123,0],[0,-84],[123,0],[122,0],[123,0],[123,0],[0,-85],[122,0],[0,-84],[123,0],[0,-85],[0,-84],[-123,0],[0,-84],[-122,0],[0,-85],[0,-84],[0,-84],[0,-85],[0,-84],[0,-85],[0,-84],[122,0],[0,-84],[0,-85],[0,-84],[0,-84],[0,-85],[0,-84],[-122,0],[0,-85],[0,-84],[0,-84],[0,-85],[-123,0],[0,-84],[-123,0],[0,-84],[0,-85],[-122,0],[-123,0],[0,-84],[0,-85],[-123,0],[0,-84],[-123,0],[0,-84],[-122,0],[0,-85],[-123,0],[0,-84],[-123,0],[-123,0],[0,-84],[-122,0],[0,-85],[0,-84],[-123,0],[-123,0],[0,-85],[-122,0],[-123,0],[0,-84],[-123,0],[0,-84],[-123,0],[0,-85],[-122,0],[0,-84],[0,-84],[-123,0],[0,-85],[0,-84],[-123,0],[0,-85],[0,-84],[0,-84],[0,-85],[0,-84],[0,-84],[123,0],[0,-85],[0,-84],[0,-85],[0,-84],[-123,0],[0,-84],[0,-85],[-123,0],[-122,0],[0,-84],[-123,0],[-123,0],[-122,0],[-123,0],[-123,0],[-123,0],[0,-84],[-122,0],[-123,0],[0,-85],[0,-84],[0,-85],[0,-84],[123,0],[0,-84],[0,-85],[122,0],[0,-84],[123,0],[0,-84],[123,0],[0,-85],[0,-84],[0,-85],[0,-84],[0,-84],[123,0],[0,-85],[122,0],[0,-84],[123,0],[123,0],[122,0],[0,-84],[123,0],[0,84],[123,0],[123,0],[122,0],[123,0],[123,0],[0,84],[123,0],[122,0],[123,0],[123,0],[0,85],[122,0],[123,0],[123,0],[0,-85],[123,0],[122,0],[123,0],[0,-84],[123,0],[0,-84],[123,0],[0,-85],[122,0],[0,-84],[123,0],[0,-85],[123,0],[122,0],[123,0],[123,0],[123,0],[0,85],[0,84],[122,0],[0,85],[0,84],[123,0],[0,84],[0,85],[123,0],[0,84],[0,84],[0,85],[123,0],[0,84],[122,0],[0,85],[123,0],[0,84],[123,0],[122,0],[123,0],[0,84],[0,85],[0,84],[0,84],[123,0],[0,85],[0,84],[0,85],[123,0],[0,84],[122,0],[123,0],[0,84],[123,0],[123,0],[122,0],[123,0],[123,0],[122,0],[0,85],[123,0],[123,0],[0,84],[0,84],[123,0],[0,85],[0,84],[122,0],[0,85],[0,84],[0,84],[123,0],[0,85],[0,84],[123,0],[0,84]],[[46146,27759],[123,0],[0,-84],[122,0],[0,-84],[123,0],[123,0],[0,-85],[122,0],[123,0],[0,-84],[123,0],[0,-84],[123,0],[122,0],[0,-85],[123,0],[123,0],[0,-84],[123,0],[122,0],[123,0],[0,-85],[123,0],[123,0],[122,0],[123,0],[123,0],[0,-84],[122,0],[123,0],[123,0],[123,0],[122,0],[123,0],[123,0],[0,-84],[123,0],[122,0],[0,-85],[123,0],[0,-84],[123,0],[0,-84],[122,0],[0,-85],[123,0],[0,-84],[123,0],[0,-85],[123,0],[122,0],[0,-84],[123,0],[0,-84],[123,0],[0,-85],[123,0],[0,-84],[122,0],[0,-84],[123,0],[0,-85],[123,0],[122,0],[0,-84],[123,0],[0,-85],[123,0],[123,0],[0,-84],[122,0],[123,0],[123,0],[0,-84],[123,0],[122,0],[123,0],[123,0],[122,0],[0,-85],[123,0],[123,0],[123,0],[122,0],[123,0],[0,-84],[123,0],[123,0],[122,0],[123,0],[123,0],[122,0],[123,0],[123,0],[123,0],[0,-84],[122,0],[123,0],[123,0],[123,0],[122,0],[0,-85],[123,0],[123,0],[122,0],[123,0],[123,0],[123,0],[122,0],[123,0],[0,-84],[123,0],[123,0],[122,0],[123,0],[123,0],[0,-85],[122,0],[123,0],[123,0],[123,0],[0,-84],[122,0],[123,0],[123,0],[0,-84],[123,0],[0,-85],[122,0],[123,0],[0,-84],[123,0],[123,0],[0,-84],[122,0],[123,0],[0,-85],[123,0],[0,-84],[122,0],[0,-85],[123,0],[0,-84],[123,0],[123,0],[0,-84],[122,0],[0,-85],[123,0],[0,-84],[123,0],[0,-84],[123,0],[0,-85],[122,0],[123,0],[0,-84],[123,0],[122,0],[123,0],[0,-85],[123,0],[123,0],[122,0],[123,0],[0,-84],[123,0],[123,0],[122,0],[123,0],[123,0],[122,0],[0,84],[123,0],[123,0],[0,-84],[123,0],[0,-84],[122,0],[123,0],[0,-85],[123,0],[0,-84],[123,0],[122,0],[123,0],[0,-84],[123,0],[0,-85],[122,0],[123,0],[0,-84],[123,0],[123,0],[0,-85],[122,0],[0,-84],[123,0],[0,-84],[123,0],[0,-85],[123,0],[122,0],[0,-84],[123,0],[123,0],[0,-84],[122,0],[123,0],[0,-85],[123,0],[123,0],[122,0],[0,-84],[123,0],[123,0],[123,0],[122,0],[123,0],[0,-85],[123,0],[122,0],[123,0],[0,85],[123,0]],[[65537,22444],[123,0],[0,-85],[122,0],[0,-84],[123,0],[0,-84],[123,0],[123,0],[122,0],[123,0],[123,0],[122,0],[0,-85],[123,0],[123,0],[123,0],[122,0],[123,0],[123,0],[0,-84],[123,0],[122,0],[0,-84],[123,0],[123,0],[0,-85],[0,-84],[122,0],[0,-85],[123,0],[0,-84],[123,0],[0,-84],[0,-85],[123,0],[0,-84],[0,-84],[122,0],[0,-85],[123,0],[0,-84],[0,-85],[0,-84],[123,0],[0,-84],[0,-85],[0,-84],[123,0],[0,-84],[0,-85],[122,0],[0,-84],[0,-85],[123,0],[0,-84],[0,-84],[0,-85],[123,0],[0,-84],[0,-84],[0,-85],[123,0],[0,-84],[0,-85],[0,-84],[0,-84],[0,-85],[122,0],[0,-84],[0,-84],[0,-85],[0,-84]],[[69464,19069],[0,-85],[-122,0],[-123,0],[0,-84],[-123,0],[-123,0],[0,-84],[-122,0],[-123,0],[-123,0],[-123,0],[-122,0],[-123,0],[-123,0],[-123,0],[0,84],[-122,0],[-123,0],[-123,0],[0,84],[-122,0],[-123,0],[0,85],[-123,0],[-123,0],[-122,0],[0,84],[-123,0],[-123,0],[0,-84],[-123,0],[-122,0],[-123,0],[-123,0],[-122,0],[-123,0],[0,84],[-123,0],[-123,0],[0,85],[-122,0],[-123,0],[0,84],[-123,0],[0,84],[-123,0],[-122,0],[-123,0],[0,85],[-123,0],[-122,0],[0,84],[-123,0],[-123,0],[-123,0],[-122,0],[-123,0],[0,84],[-123,0],[-123,0],[-122,0],[-123,0],[0,85],[0,84],[-123,0],[-122,0],[0,85],[-123,0],[0,84],[-123,0],[0,84],[-123,0],[0,85],[-122,0],[0,84],[-123,0],[-123,0],[-123,0],[0,84],[-122,0],[-123,0],[-123,0],[0,85],[-122,0],[0,84],[0,85],[-123,0],[0,84],[-123,0],[0,84],[-123,0],[0,85],[-122,0],[0,84],[-123,0],[-123,0],[0,-84],[-123,0],[-122,0],[-123,0],[-123,0],[-122,0],[-123,0],[-123,0],[-123,0],[0,84],[-122,0],[-123,0],[-123,0],[0,84],[-123,0],[-122,0],[0,-84],[-123,0],[0,-84],[0,-85],[0,-84],[0,-84],[0,-85],[0,-84],[0,-85],[123,0],[0,-84],[0,-84],[0,-85],[0,-84],[0,-84],[0,-85],[0,-84],[0,-85],[122,0],[0,-84],[0,-84],[0,-85],[123,0],[0,-84],[0,-84],[123,0],[0,-85],[123,0],[0,-84],[122,0],[0,-85],[123,0],[0,-84],[0,-84],[123,0],[123,0],[0,-85],[0,-84],[122,0],[0,-84],[123,0],[0,-85],[123,0],[122,0],[0,-84],[123,0],[123,0],[123,0],[122,0],[123,0],[0,-85],[123,0],[123,0],[122,0],[0,-84],[123,0],[0,-84],[123,0],[0,-85],[122,0],[0,-84],[123,0],[0,-84],[123,0],[0,-85],[0,-84],[0,-85],[123,0],[122,0],[0,-84],[0,-84],[123,0],[123,0],[0,-85],[123,0],[0,-84],[122,0],[0,-84],[123,0],[123,0],[0,-85],[122,0],[0,-84],[123,0],[0,-85],[123,0],[123,0],[0,-84],[122,0],[0,-84],[123,0],[0,-85],[123,0],[0,-84],[123,0],[0,-84],[122,0],[0,-85],[0,-84],[123,0],[0,-85],[123,0],[0,-84],[0,-84],[0,-85],[0,-84],[122,0]],[[65291,15947],[0,-84],[0,-85],[0,-84],[0,-85],[0,-84],[0,-84],[0,-85],[0,-84],[0,-84],[123,0],[0,-85],[123,0],[0,-84],[0,-85],[0,-84],[123,0],[0,-84],[0,-85],[0,-84],[0,-84],[0,-85],[0,-84],[0,-85],[0,-84],[0,-84],[0,-85],[0,-84],[0,-84],[0,-85],[0,-84],[-123,0],[0,-85],[0,-84],[-123,0],[0,-84],[0,-85],[-123,0],[-122,0],[-123,0],[0,-84],[-123,0],[0,84],[-122,0],[-123,0],[-123,0],[0,85],[-123,0],[0,84],[-122,0],[-123,0],[-123,0],[0,84],[-123,0],[-122,0],[-123,0],[-123,0],[-122,0],[0,-84],[-123,0],[-123,0],[-123,0],[0,-84],[-122,0],[0,84],[-123,0],[-123,0],[-123,0],[-122,0],[-123,0],[-123,0],[0,-84],[-122,0],[-123,0],[0,-85],[-123,0],[-123,0],[-122,0],[-123,0],[-123,0],[0,85],[-123,0],[-122,0],[0,84],[-123,0],[-123,0],[0,84],[-122,0],[-123,0],[-123,0]],[[60505,13584],[0,85],[-123,0],[0,84],[-122,0],[0,85],[-123,0],[-123,0],[0,84],[-123,0],[0,84],[-122,0],[0,85],[-123,0],[-123,0],[0,84],[-122,0],[-123,0],[0,84],[-123,0],[-123,0],[0,85],[-122,0],[0,84],[-123,0],[-123,0],[-123,0],[0,85],[-122,0],[-123,0],[0,84],[-123,0],[-122,0],[0,84],[-123,0],[0,85],[-123,0],[-123,0],[0,84],[-122,0],[0,84],[-123,0],[-123,0],[0,85],[-123,0],[-122,0],[0,84],[-123,0],[-123,0],[0,85],[-123,0],[0,84],[-122,0],[0,84],[0,85],[-123,0],[0,84],[0,84],[-123,0],[0,85],[0,84],[-122,0],[0,85],[0,84],[-123,0],[0,84],[0,85],[0,84],[0,84],[0,85],[-123,0],[0,84],[0,85],[0,84],[0,84],[0,85],[-123,0],[0,84],[0,84],[0,85],[0,84],[0,85],[0,84],[0,84],[0,85],[0,84],[0,84],[-122,0],[0,85],[0,84],[0,85],[0,84],[0,84],[122,0],[0,85],[0,84],[123,0],[0,84],[0,85],[123,0],[0,84],[0,85],[123,0],[0,84],[0,84],[122,0],[0,85],[123,0],[0,84],[0,84],[0,85],[0,84],[0,85],[0,84],[0,84],[-123,0],[0,85],[0,84],[-122,0],[0,84],[-123,0],[0,85],[-123,0],[0,84],[-123,0],[-122,0],[-123,0],[-123,0],[0,-84],[-123,0],[0,-85],[-122,0],[0,-84],[-123,0],[0,-84],[-123,0],[0,-85],[-122,0],[0,-84],[-123,0],[0,-84],[-123,0],[0,-85],[-123,0],[-122,0],[-123,0],[-123,0],[0,-84],[-123,0],[-122,0],[-123,0],[-123,0],[0,84],[-122,0],[-123,0],[-123,0],[0,85],[-123,0],[0,84],[0,84],[0,85],[0,84],[0,84],[0,85],[0,84],[0,85],[-122,0],[0,84],[0,84],[0,85],[0,84],[0,84],[0,85],[0,84],[0,85],[0,84],[0,84],[0,85],[0,84],[0,84],[0,85],[0,84],[0,85],[0,84],[122,0],[0,84],[0,85],[0,84],[0,84],[0,85],[-122,0],[0,84],[0,85],[0,84],[0,84],[0,85],[0,84],[0,84],[0,85],[0,84],[0,85],[0,84],[0,84],[0,85],[0,84],[0,84],[0,85],[-123,0],[0,84],[0,85],[0,84],[-123,0],[0,84],[-123,0],[0,85],[-122,0],[0,84],[0,84],[-123,0],[-123,0],[0,85],[-122,0],[-123,0],[-123,0],[-123,0],[0,-85],[-122,0],[-123,0],[-123,0],[-123,0],[-122,0],[0,-84],[-123,0],[0,-84],[0,-85],[0,-84],[0,-84],[0,-85],[0,-84],[0,-85],[0,-84],[0,-84],[-123,0],[0,-85],[0,-84],[0,-84],[-122,0],[0,-85],[0,-84],[-123,0],[0,-85],[0,-84],[0,-84],[-123,0],[0,-85],[0,-84],[0,-84],[0,-85],[-123,0],[0,-84],[0,-85],[-122,0],[0,-84],[0,-84],[0,-85],[-123,0],[0,-84],[0,-84],[-123,0],[0,-85],[0,-84],[0,-85],[-123,0],[0,-84],[0,-84],[-122,0],[0,-85],[0,-84],[0,-84],[0,-85],[-123,0],[0,-84],[0,-85],[0,-84],[0,-84],[-123,0],[0,-85],[-122,0],[0,-84],[0,-84],[-123,0],[0,-85],[-123,0],[0,-84],[-123,0],[0,-85],[-122,0],[0,-84],[-123,0],[-123,0],[0,-84],[-123,0],[0,-85],[0,-84],[-122,0],[0,-84],[-123,0],[0,-85],[0,-84],[123,0],[0,-85],[0,-84],[122,0],[0,-84],[123,0],[0,-85],[0,-84],[123,0],[123,0],[0,-84],[0,-85],[122,0],[0,-84],[123,0],[0,-85],[123,0],[0,-84],[123,0],[0,-84],[122,0],[0,-85],[123,0],[0,-84],[123,0],[122,0],[0,-84],[123,0],[123,0],[0,-85],[123,0],[122,0],[0,-84],[123,0],[123,0],[0,-85],[123,0],[122,0],[0,-84],[123,0],[0,-84],[123,0],[0,-85],[0,-84],[122,0],[0,-84],[0,-85],[123,0],[0,-84],[123,0],[0,-85],[0,-84],[123,0],[0,-84],[0,-85],[0,-84],[0,-84],[0,-85],[0,-84],[-123,0],[0,-85],[0,-84],[-123,0],[0,-84],[0,-85],[0,-84],[0,-84],[-123,0],[0,-85],[0,-84],[0,-85],[123,0],[0,-84],[0,-84],[0,-85],[0,-84],[123,0],[0,-84],[123,0],[0,-85],[122,0],[0,-84],[123,0],[0,-85],[0,-84],[0,-84],[0,-85],[0,-84],[0,-84],[-123,0],[0,-85],[0,-84],[0,-85],[0,-84],[0,-84],[-122,0],[0,-85],[0,-84],[0,-84],[-123,0],[0,-85],[-123,0],[0,-84],[0,-85],[-123,0],[0,-84],[0,-84],[-122,0],[0,-85],[0,-84],[0,-84],[0,-85],[0,-84],[0,-85],[0,-84],[0,-84],[0,-85],[0,-84],[0,-84],[0,-85],[0,-84],[122,0],[0,-85],[0,-84],[0,-84],[0,-85],[0,-84],[0,-84],[0,-85],[123,0],[0,-84],[0,-85],[0,-84],[123,0],[0,-84],[0,-85],[123,0],[0,-84],[122,0],[0,-84],[0,-85],[0,-84],[0,-85],[0,-84],[0,-84],[0,-85],[0,-84],[-122,0],[0,-84],[0,-85],[-123,0],[0,-84],[0,-85],[0,-84],[0,-84],[-123,0],[0,-85],[0,-84],[0,-84],[0,-85],[-123,0],[0,-84],[0,-85],[0,-84],[0,-84],[0,-85],[0,-84],[0,-84],[0,-85],[123,0],[0,-84],[0,-85],[0,-84],[0,-84],[0,-85],[0,-84],[-123,0],[0,-84],[0,-85],[0,-84],[0,-85],[-122,0],[0,-84],[0,-84],[0,-85],[-123,0],[0,-84],[-123,0],[0,-84],[-122,0],[0,-85],[0,-84],[-123,0],[0,-85],[-123,0],[0,-84],[0,-84],[-123,0],[0,-85],[0,-84],[-122,0],[0,-84],[0,-85],[0,-84],[-123,0],[0,-85],[0,-84],[0,-84],[0,-85],[-123,0],[0,-84],[0,-84],[0,-85],[-123,0],[0,-84],[0,-85],[0,-84],[-122,0],[0,-84],[0,-85],[0,-84],[-123,0],[0,-84],[0,-85],[-123,0],[0,-84],[-122,0],[0,-85],[-123,0],[0,-84],[-123,0],[-123,0],[-122,0],[0,-84],[-123,0],[-123,0],[0,-85],[-123,0],[-122,0],[-123,0],[0,-84],[-123,0],[-122,0],[-123,0],[-123,0],[-123,0],[0,-84],[-122,0],[-123,0],[-123,0],[-123,0],[-122,0],[0,-85],[-123,0],[0,-84],[0,-85],[-123,0],[0,-84],[0,-84],[-123,0],[0,-85],[-122,0],[0,-84],[-123,0],[-123,0],[0,-84],[-122,0],[0,-85],[-123,0],[-123,0],[-123,0],[0,-84],[-122,0],[-123,0],[0,-85],[-123,0]],[[45532,4134],[-123,0],[0,85],[-122,0],[-123,0],[0,84],[-123,0],[-122,0],[0,85],[-123,0],[-123,0],[-123,0],[0,84],[-122,0],[-123,0],[0,84],[-123,0],[-123,0],[-122,0],[0,85],[-123,0],[-123,0],[-122,0],[0,84],[-123,0],[-123,0],[0,84],[-123,0],[-122,0],[-123,0],[0,85],[-123,0],[-123,0],[-122,0],[0,84],[-123,0],[-123,0],[0,85],[-122,0],[-123,0],[-123,0],[0,84],[-123,0],[-122,0],[-123,0],[0,84],[-123,0],[-123,0],[0,85],[-122,0],[-123,0],[-123,0],[0,84],[-122,0],[-123,0],[-123,0],[0,84],[-123,0],[-122,0],[0,85],[-123,0],[-123,0],[-123,0],[0,84],[-122,0],[-123,0],[-123,0],[0,85],[-122,0],[-123,0],[0,84],[-123,0],[-123,0],[-122,0],[0,84],[-123,0],[-123,0],[-123,0],[0,85],[-122,0],[-123,0],[0,84],[-123,0],[-122,0],[-123,0],[0,84],[-123,0],[-123,0],[0,85],[-122,0],[-123,0],[-123,0],[0,84],[-123,0],[-122,0],[-123,0],[0,85],[-123,0],[-123,0],[0,84],[-122,0],[-123,0],[-123,0],[0,84],[-122,0],[-123,0],[-123,0],[0,85],[-123,0],[-122,0],[0,84],[-123,0],[-123,0],[-123,0],[0,84],[-122,0],[-123,0],[-123,0],[0,85],[-122,0],[-123,0],[0,84],[-123,0],[-123,0],[-122,0],[0,85],[-123,0],[-123,0],[-123,0],[0,84],[-122,0],[-123,0],[0,84],[-123,0],[-122,0],[-123,0],[0,85],[-123,0],[-123,0],[-122,0],[0,84],[-123,0],[-123,0],[0,84],[-123,0],[-122,0],[-123,0],[0,85],[-123,0],[-122,0],[0,84],[-123,0],[-123,0],[-123,0],[0,85],[-122,0],[-123,0],[-123,0],[0,84],[-123,0],[-122,0],[0,84],[-123,0],[-123,0],[0,85],[-122,0],[0,84],[-123,0],[0,84],[-123,0],[0,85],[0,84],[-123,0],[0,85],[-122,0],[0,84],[-123,0],[0,84],[0,85],[-123,0],[0,84],[-123,0],[0,84],[-122,0],[0,85],[0,84],[-123,0],[0,85],[-123,0],[0,84],[-122,0],[0,84],[-123,0],[0,85],[0,84],[-123,0],[0,84],[-123,0],[0,85],[-122,0],[0,84],[0,85],[-123,0],[0,84],[-123,0],[0,84],[-123,0],[0,85],[0,84],[-122,0],[0,84],[-123,0],[0,85],[-123,0],[0,84],[0,85],[-122,0],[0,84],[-123,0],[0,84],[-123,0],[0,85],[0,84],[-123,0],[0,84],[-122,0],[0,85],[-123,0],[0,84],[-123,0],[0,85],[0,84],[-123,0],[0,84],[-122,0],[0,85],[-123,0],[0,84],[0,84],[-123,0],[0,85],[-122,0],[0,84],[-123,0],[0,85],[0,84],[-123,0],[0,84],[-123,0],[0,85],[-122,0],[0,84],[0,84],[-123,0],[0,85],[-123,0],[0,84],[-123,0],[0,85],[-122,0],[0,84],[0,84],[-123,0],[0,85],[-123,0],[0,84],[-123,0],[0,84],[0,85],[-122,0],[0,84],[-123,0],[0,85],[-123,0],[0,84],[0,84],[-122,0],[0,85],[-123,0],[0,84],[-123,0],[0,84],[0,85],[-123,0],[0,84],[-122,0],[0,85],[-123,0],[0,84],[-123,0],[0,84],[0,85],[-123,0],[0,84],[-122,0],[0,84],[-123,0],[0,85],[0,84],[-123,0],[0,85],[-122,0],[0,84],[-123,0],[0,84],[0,85],[-123,0],[0,84],[-123,0],[-122,0],[0,84],[-123,0],[0,85],[-123,0],[0,84],[-123,0],[0,85],[-122,0],[-123,0],[0,84],[-123,0],[0,84],[-122,0],[0,85],[-123,0],[0,84],[-123,0],[-123,0],[0,84],[-122,0],[0,85],[-123,0],[0,84],[-123,0],[0,85],[-123,0],[0,84],[-122,0],[-123,0],[0,84],[-123,0],[0,85],[-122,0],[0,84],[-123,0],[0,84],[-123,0],[0,85],[-123,0],[0,84],[-122,0],[0,85],[-123,0],[0,84],[-123,0],[0,84],[-123,0],[0,85],[-122,0],[0,84],[-123,0],[-123,0],[0,84],[-122,0],[0,85],[-123,0],[0,84],[-123,0],[0,85],[-123,0],[0,84],[-122,0],[0,84],[-123,0],[0,85],[-123,0],[0,84],[-123,0],[0,84],[-122,0],[0,85],[-123,0],[0,84],[-123,0],[-122,0],[0,85],[-123,0],[0,84],[-123,0],[0,84],[-123,0],[0,85],[-122,0],[0,84],[-123,0],[0,84],[-123,0],[0,85],[-123,0],[0,84],[-122,0],[0,85],[-123,0],[0,84],[-123,0],[-122,0],[0,84],[0,85],[-123,0],[0,84],[0,84],[-123,0],[0,85],[0,84],[-123,0],[0,85],[-122,0],[0,84],[0,84],[-123,0],[0,85],[0,84],[-123,0],[0,84],[0,85],[-123,0],[0,84],[0,85],[-122,0],[0,84],[-123,0],[0,84],[0,85],[-123,0],[0,84],[0,84],[-123,0],[0,85],[0,84],[-122,0],[0,85],[0,84],[-123,0],[0,84],[-123,0],[0,85],[0,84],[-122,0],[0,84],[0,85],[-123,0],[0,84],[0,85],[-123,0],[0,84],[0,84],[-123,0],[0,85],[0,84],[-122,0],[0,84],[122,0],[0,85],[0,84],[123,0],[0,85],[0,84],[123,0],[0,84],[0,85],[123,0],[0,84],[0,84],[0,85],[122,0],[0,84],[123,0],[0,85],[0,84],[0,84],[0,85],[123,0],[0,84],[0,84],[0,85],[122,0],[0,84],[0,85],[123,0],[0,84],[0,84],[123,0],[0,85],[0,84],[0,84],[123,0],[0,85],[0,84],[0,85],[0,84],[122,0],[0,84],[0,85],[0,84],[0,84],[0,85],[123,0],[0,84],[0,85],[0,84],[0,84],[0,85],[0,84],[0,84],[0,85],[0,84],[0,85],[0,84],[0,84],[0,85],[0,84],[0,84],[0,85],[0,84],[0,85],[0,84],[0,84],[-123,0],[0,85],[0,84],[0,84],[0,85],[0,84],[0,85],[0,84],[0,84],[-122,0],[0,85],[0,84],[0,84],[-123,0],[0,85],[0,84],[-123,0],[0,85],[-123,0],[0,84],[-122,0],[-123,0],[0,84],[-123,0],[0,85],[-122,0],[0,84],[-123,0],[0,84],[-123,0],[0,85],[-123,0],[0,84],[-122,0],[-123,0],[0,85],[0,84],[-123,0],[-123,0],[0,84],[-122,0],[0,85],[-123,0],[0,84],[-123,0],[0,84],[-122,0],[-123,0],[0,85],[-123,0],[0,84],[-123,0],[0,85],[-122,0],[0,84],[-123,0],[-123,0],[0,84],[-123,0],[0,85],[-122,0],[0,84],[-123,0],[0,84],[-123,0],[0,85],[-122,0],[0,84],[-123,0],[0,85],[-123,0],[0,84],[-123,0],[0,84],[-122,0],[0,85],[-123,0],[0,84],[-123,0],[0,84],[-123,0],[0,85],[-122,0],[0,84],[-123,0],[0,85],[-123,0],[-122,0],[0,84],[-123,0],[0,84],[-123,0],[0,85],[-123,0],[-122,0],[0,84],[-123,0],[-123,0],[0,84],[-123,0],[0,85],[0,84],[-122,0],[0,85],[-123,0],[0,84],[0,84],[-123,0],[0,85],[0,84],[-122,0],[0,84],[0,85],[0,84],[-123,0],[0,85],[0,84],[0,84],[0,85],[-123,0],[0,84],[0,84],[0,85],[0,84],[0,85],[0,84],[0,84],[-123,0],[0,85],[0,84],[0,84],[0,85],[0,84],[0,85],[0,84],[-122,0],[0,84],[0,85],[-123,0],[0,84],[0,84],[0,85],[0,84],[0,85],[0,84],[0,84],[0,85],[0,84],[0,84],[0,85],[0,84],[-123,0],[0,85],[0,84],[0,84],[0,85],[0,84],[0,84],[0,85],[0,84],[0,85],[0,84],[-123,0],[0,84],[0,85],[0,84],[0,84],[0,85],[0,84],[-122,0],[0,-84],[-123,0],[0,-85],[0,-84],[0,-84],[0,-85],[0,-84],[0,-84],[-123,0],[0,-85],[0,-84],[0,-85],[0,-84],[0,-84],[0,-85],[-122,0],[0,-84],[0,-84],[-123,0],[0,-85],[-123,0],[-123,0],[-122,0],[0,-84],[-123,0],[-123,0],[0,-85],[-123,0],[-122,0],[-123,0],[-123,0],[0,-84],[-122,0],[-123,0],[0,-84],[-123,0],[0,-85],[-123,0],[0,-84],[-122,0],[0,-84],[-123,0],[0,-85],[-123,0],[0,-84],[-123,0],[0,-85],[-122,0],[0,85],[-123,0],[-123,0],[-122,0],[-123,0],[0,-85],[-123,0],[-123,0],[-122,0],[0,-84],[-123,0],[0,-84],[-123,0],[0,-85],[-123,0],[0,-84],[-122,0],[0,-84],[-123,0],[-123,0],[0,-85],[-123,0],[-122,0],[-123,0],[0,-84],[-123,0],[0,-85],[-122,0],[0,-84],[0,-84],[-123,0],[0,-85],[-123,0],[0,-84],[0,-84],[-123,0],[0,-85],[-122,0],[0,-84],[-123,0],[0,-85],[-123,0],[0,-84],[-123,0],[0,-84],[-122,0],[-123,0],[-123,0],[0,-85],[-122,0],[-123,0],[-123,0],[-123,0],[0,85],[0,84],[-122,0],[0,84],[0,85],[0,84],[0,85],[-123,0],[0,84],[0,84],[0,85],[0,84],[-123,0],[0,84],[0,85],[0,84],[0,85],[0,84],[-123,0],[0,84],[0,85],[0,84],[0,84],[-122,0],[0,85],[0,84],[0,85],[0,84],[-123,0],[0,84],[0,85],[0,84],[0,84],[-123,0],[0,85],[0,84],[0,85],[0,84],[-122,0],[0,84],[0,85],[0,84],[0,84],[0,85],[-123,0],[0,84],[0,85],[0,84],[0,84],[-123,0],[0,85],[0,84],[0,84],[0,85],[-123,0],[0,84],[0,85],[0,84],[0,84],[0,85],[0,84],[0,85],[-122,0],[0,84],[0,84],[0,85],[0,84],[0,84],[0,85],[0,84],[0,85],[0,84],[0,84],[-123,0],[0,85],[0,84],[0,84],[0,85],[0,84],[0,85],[0,84],[0,84],[0,85],[0,84],[0,84],[-123,0],[0,85],[0,84],[0,85],[0,84],[0,84],[0,85],[0,84],[0,84],[0,85],[0,84],[0,85],[-123,0],[0,84],[0,84],[0,85],[0,84],[0,84],[0,85],[0,84],[0,85],[0,84],[-122,0],[0,84],[0,85],[0,84],[0,84],[-123,0],[0,85],[0,84],[0,85],[0,84],[0,84],[0,85],[0,84],[0,84],[0,85],[0,84],[0,85],[0,84],[0,84],[0,85],[0,84],[0,84],[0,85],[0,84],[0,85],[0,84],[0,84],[0,85],[0,84],[0,84],[123,0],[0,85],[0,84],[0,85],[0,84],[0,84],[0,85],[0,84],[0,84],[0,85],[0,84],[0,85],[0,84],[0,84],[0,85],[0,84],[0,84],[0,85],[0,84],[0,85],[0,84],[0,84],[0,85],[0,84],[0,84],[0,85],[0,84],[0,85],[0,84],[0,84],[0,85],[0,84],[0,84],[0,85],[0,84],[0,85],[0,84],[0,84],[0,85],[0,84],[0,84],[0,85],[0,84],[0,85],[0,84],[0,84],[0,85],[0,84],[0,84],[0,85],[0,84],[0,85],[0,84],[0,84],[0,85],[0,84],[0,84],[122,0],[0,85],[0,84],[0,85],[0,84],[0,84],[0,85],[0,84],[0,84],[0,85],[0,84],[0,85],[0,84],[0,84],[0,85],[0,84],[0,84],[0,85],[0,84],[0,85],[0,84],[0,84],[0,85],[0,84],[0,84],[0,85],[0,84],[0,85],[0,84],[0,84],[0,85],[0,84],[0,84],[0,85],[0,84],[-122,0],[0,85],[0,84],[0,84],[0,85],[122,0],[0,84],[0,84],[0,85],[0,84],[0,85],[0,84],[0,84],[0,85],[0,84],[0,84],[123,0],[0,85],[0,84],[0,85],[0,84],[0,84],[0,85],[0,84],[0,84],[0,85],[0,84],[123,0],[0,85],[0,84],[0,84],[0,85],[0,84],[0,84],[0,85],[123,0],[0,84],[0,85],[0,84],[0,84],[0,85],[0,84],[0,84],[0,85],[0,84],[0,85],[122,0],[0,84],[0,84],[0,85],[0,84],[0,84],[0,85],[0,84],[0,85],[123,0],[0,84],[0,84],[0,85],[0,84],[0,84],[0,85],[0,84],[0,85],[123,0],[0,84],[0,84],[0,85],[0,84],[0,84],[0,85],[0,84],[0,85],[0,84],[0,84],[0,85],[123,0],[0,84],[0,84],[0,85],[0,84],[0,85],[122,0],[0,84],[0,84],[0,85],[0,84],[0,84],[0,85],[0,84],[123,0],[0,85],[0,84],[0,84],[0,85],[0,84],[0,84],[123,0],[0,85],[0,84],[0,85],[122,0],[0,84],[0,84],[123,0],[0,85],[0,84],[123,0],[0,84],[0,85],[123,0],[0,84],[0,85],[0,84],[122,0],[0,84],[0,85],[0,84],[123,0],[0,84],[0,85],[123,0],[0,84],[0,85],[123,0],[0,84],[0,84],[0,85],[122,0],[0,84],[0,84],[123,0],[0,85],[0,84],[0,85],[123,0],[0,84],[0,84],[122,0],[0,85],[0,84],[123,0],[0,84],[0,85],[123,0],[0,84],[0,85],[123,0],[0,84],[0,84],[0,85],[122,0],[0,84],[0,84],[0,85],[123,0],[0,84],[0,85],[123,0],[0,84],[123,0],[0,84],[122,0],[0,85],[0,84],[123,0],[0,84],[123,0],[0,85],[122,0],[0,84],[123,0],[0,85],[123,0],[0,84],[0,84],[123,0],[0,85],[122,0],[0,84],[123,0],[0,84],[123,0],[0,85],[123,0],[0,84],[122,0],[0,85],[123,0],[0,84],[123,0],[0,84],[123,0],[0,85],[0,84],[122,0],[0,84],[123,0],[0,85],[0,84],[123,0],[0,85],[0,84],[122,0],[0,84],[0,85],[123,0],[0,84],[0,84],[123,0],[0,85],[0,84],[123,0],[0,85],[0,84],[122,0],[0,84],[0,85],[123,0],[0,84],[0,84],[123,0],[0,85],[0,84],[123,0],[0,85],[0,84],[122,0],[0,84],[0,85],[123,0],[0,84],[0,84],[0,85],[123,0],[0,84],[0,85],[122,0],[0,84],[0,84],[123,0],[0,85],[0,84],[123,0],[0,84],[0,85],[123,0],[0,84],[0,85],[122,0],[0,84],[0,84],[123,0],[0,85],[0,84],[123,0],[0,84],[123,0],[0,85],[0,84],[122,0],[0,85],[0,84],[123,0],[0,84],[0,85],[123,0],[0,84],[0,84],[122,0],[0,85],[123,0],[0,84],[123,0],[0,85],[123,0],[0,84],[0,84],[122,0],[0,85],[123,0],[0,84],[123,0],[123,0],[0,84],[122,0],[0,85],[123,0],[0,84],[123,0],[0,85],[122,0],[0,84],[123,0],[0,84],[123,0],[0,85],[123,0],[0,84],[122,0],[0,84],[123,0],[0,85],[123,0],[0,84],[123,0],[0,85],[122,0],[123,0],[0,84],[123,0],[0,84],[122,0],[0,85],[123,0],[0,84],[123,0],[0,84],[123,0],[0,85],[122,0],[0,84],[123,0],[0,85],[123,0],[0,84],[123,0],[0,84],[122,0],[0,85],[123,0],[0,84],[123,0],[0,84],[122,0],[0,85],[123,0],[123,0],[0,84],[123,0],[0,85],[122,0],[0,84],[123,0],[0,84],[123,0],[0,85],[123,0],[0,84],[122,0],[0,84],[0,85],[123,0],[0,84],[123,0],[0,85],[122,0],[123,0],[0,84],[123,0],[0,84],[123,0],[0,85],[122,0],[0,84],[123,0],[0,84],[0,85],[123,0],[0,84],[0,85],[123,0],[0,84],[0,84],[122,0],[0,85],[0,84],[123,0],[0,85],[0,84],[123,0],[0,84],[0,85],[122,0],[0,84],[123,0],[0,84],[0,85],[0,84],[123,0],[0,85],[0,84],[123,0],[0,84],[0,85],[122,0],[0,84],[0,84],[123,0],[0,85],[0,84],[123,0],[0,85],[123,0],[0,84],[0,84],[122,0],[0,85],[0,84],[123,0],[0,84],[0,85],[123,0],[0,84],[0,85],[123,0],[0,84],[0,84],[122,0],[0,85],[0,84],[123,0],[0,84],[0,85],[123,0],[0,84],[0,85],[122,0],[0,84],[0,84],[123,0],[0,85],[0,84],[123,0],[0,84],[0,85],[123,0],[0,84],[0,85],[122,0],[0,84],[0,84],[0,85],[123,0],[0,84],[123,0],[0,84],[0,85],[123,0],[0,84],[0,85],[122,0],[0,84],[0,84],[123,0],[0,85],[0,84],[123,0],[0,84],[0,85],[122,0],[0,84],[0,85],[123,0],[0,84],[0,84],[123,0],[0,85],[0,84],[123,0],[0,84],[0,85],[122,0],[0,84],[123,0],[0,85],[0,84],[123,0],[0,84],[0,85],[123,0],[0,84],[0,84],[0,85],[122,0],[0,84],[0,85],[123,0],[0,84],[0,84],[123,0],[0,85],[0,84],[122,0],[0,84],[0,85],[123,0],[0,84],[0,85],[123,0],[0,84],[0,84],[123,0],[0,85],[0,84],[122,0],[0,84],[123,0],[0,85],[0,84],[123,0],[0,85],[0,84],[123,0],[0,84],[0,85],[122,0],[0,84],[0,84],[123,0],[0,85],[0,84],[123,0],[0,85],[0,84],[122,0],[0,84],[0,85],[123,0],[0,84],[0,84],[123,0],[0,85],[0,84],[123,0],[0,85],[0,84],[122,0],[0,84],[0,85],[123,0],[0,84],[0,84],[123,0],[0,85],[0,84],[123,0],[0,85],[0,84],[122,0],[0,84],[0,85],[0,84],[123,0],[0,84],[0,85],[123,0],[0,84],[0,85],[122,0],[0,84],[0,84],[123,0],[0,85],[0,84],[123,0],[0,84],[0,85],[123,0],[0,84],[0,85],[122,0],[0,84],[0,84],[0,85],[123,0],[0,84],[0,84],[123,0],[0,85],[0,84],[123,0],[0,85],[0,84],[122,0],[0,84],[0,85],[123,0],[0,84],[0,84],[123,0],[0,85],[0,84],[122,0],[0,85],[0,84],[123,0],[0,84],[0,85],[123,0],[0,84],[0,84],[0,85],[123,0],[0,84],[0,85],[122,0],[0,84],[0,84],[123,0],[0,85],[0,84],[123,0],[0,84],[0,85],[123,0],[0,84],[0,85],[0,84],[122,0],[0,84],[0,85],[123,0],[0,84],[0,84],[0,85],[123,0],[0,84],[0,85],[122,0],[0,84],[0,84],[123,0],[0,85],[0,84],[123,0],[0,84],[0,85],[123,0],[0,84],[0,85],[122,0],[0,84],[0,84],[0,85],[123,0],[0,84],[0,84],[123,0],[0,85],[0,84],[123,0],[0,85],[0,84],[122,0],[0,84],[0,85],[0,84],[123,0],[0,84],[0,85],[123,0],[0,84],[0,85],[123,0],[0,84],[122,0],[0,84],[0,85],[0,84],[123,0],[0,84],[0,85],[123,0],[0,84],[0,85],[122,0],[0,84],[0,84],[123,0],[0,85],[0,84],[0,84],[123,0],[0,85],[0,84],[123,0],[0,85],[0,84],[122,0],[0,84],[0,85],[0,84],[123,0],[0,84],[0,85],[0,84],[0,85],[0,84],[0,84],[123,0],[0,85],[0,84],[0,84],[0,85],[0,84],[123,0],[0,85],[0,84],[0,84],[0,85],[122,0],[0,84],[0,84],[0,85],[0,84],[0,85],[123,0],[0,84],[0,84],[0,85],[0,84],[123,0],[0,84],[0,85],[0,84],[0,85],[0,84],[122,0],[0,84],[0,85],[0,84],[0,84],[0,85],[0,84],[123,0],[0,85],[0,84],[0,84],[0,85],[0,84],[123,0],[0,84],[0,85],[0,84],[0,85],[0,84],[0,84],[123,0],[0,85],[122,0],[0,84],[123,0],[123,0],[0,84],[123,0],[0,85],[122,0],[0,84],[123,0],[0,85],[123,0],[0,84],[122,0],[0,84],[123,0],[123,0],[0,85],[123,0],[0,84],[122,0],[0,84],[123,0],[0,85],[123,0],[0,84],[123,0],[0,85],[122,0],[0,84],[123,0],[0,84],[123,0],[0,85],[122,0],[0,84],[123,0],[0,84],[123,0],[0,85],[123,0],[0,84],[122,0],[123,0],[0,85],[123,0],[0,84],[123,0],[0,84],[122,0],[0,85],[123,0],[0,84],[123,0],[0,84],[122,0],[0,85],[123,0],[0,84],[123,0],[0,85],[123,0],[0,84],[122,0],[123,0],[0,84],[123,0],[0,85],[123,0],[0,84],[122,0],[0,84],[123,0],[0,85],[123,0],[0,84],[122,0],[123,0],[0,85],[123,0],[0,84],[123,0],[0,84],[122,0],[0,85],[123,0],[0,84],[123,0],[123,0],[0,84],[122,0],[0,85],[123,0],[0,84],[123,0],[0,85],[122,0],[0,84],[123,0],[0,84],[123,0],[0,85],[123,0],[0,84],[122,0],[0,84],[123,0],[123,0],[0,85],[123,0],[0,84],[122,0],[0,85],[123,0],[0,84],[123,0],[0,84],[122,0],[0,85],[123,0],[0,84],[123,0],[0,84],[123,0],[0,85],[122,0],[0,84],[123,0],[0,85],[123,0],[123,0],[0,84],[122,0],[0,84],[123,0],[0,85],[123,0],[0,84],[123,0],[0,84],[122,0],[0,85],[123,0],[0,84],[123,0],[0,85],[122,0],[0,84],[123,0],[0,84],[123,0],[0,85],[123,0],[0,84],[122,0],[0,84],[123,0],[0,85],[123,0],[123,0],[0,84],[122,0],[0,85],[123,0],[0,84],[123,0],[0,84],[122,0],[0,85],[123,0],[0,84],[123,0],[0,84],[123,0],[0,85],[122,0],[0,84],[123,0],[0,85],[123,0],[123,0],[0,84],[122,0],[0,84],[123,0],[0,85],[0,84],[123,0],[0,84],[122,0],[0,85],[0,84],[123,0],[0,85],[123,0],[0,84],[0,84],[123,0],[0,85],[122,0],[0,84],[123,0],[0,84],[0,85],[123,0],[0,84],[123,0],[0,85],[0,84],[122,0],[0,84],[123,0],[0,85],[123,0],[0,84],[0,84],[122,0],[0,85],[123,0],[0,84],[0,85],[123,0],[0,84],[123,0],[0,84],[0,85],[122,0],[0,84],[123,0],[0,84],[0,85],[123,0],[0,84],[123,0],[0,85],[122,0],[0,84],[0,84],[123,0],[0,85],[123,0],[0,84],[0,84],[122,0],[0,85],[123,0],[0,84],[0,85],[123,0],[0,84],[123,0],[0,84],[122,0],[0,85],[123,0],[0,84],[0,84],[123,0],[0,85],[123,0],[0,84],[122,0],[0,85],[123,0],[0,84],[0,84],[123,0],[0,85],[122,0],[0,84],[123,0],[0,84],[123,0],[0,85],[123,0],[0,84],[122,0],[123,0],[123,0],[0,85],[123,0],[122,0],[123,0],[123,0],[0,84],[122,0],[123,0],[123,0],[123,0],[0,84],[122,0],[123,0],[123,0],[123,0],[0,85],[122,0],[123,0],[123,0],[0,84],[123,0],[122,0],[123,0],[123,0],[0,84],[122,0],[123,0],[123,0],[123,0],[0,85],[122,0],[123,0],[123,0],[0,84],[123,0],[122,0],[123,0],[0,85],[123,0],[122,0],[123,0],[123,0],[0,84],[123,0],[122,0],[123,0],[123,0],[0,84],[123,0],[122,0],[123,0],[123,0],[0,85],[122,0],[123,0],[123,0],[123,0],[0,84],[122,0],[123,0],[123,0],[0,84],[123,0],[122,0],[123,0],[123,0],[0,85],[122,0],[123,0],[123,0],[0,84],[123,0],[122,0],[123,0],[123,0],[0,85],[123,0],[122,0],[123,0],[123,0],[0,84],[122,0],[123,0],[123,0],[0,-84],[123,0],[122,0],[0,-85],[123,0],[0,-84],[123,0],[123,0],[0,-85],[122,0],[0,-84],[123,0],[123,0],[0,-84],[122,0],[0,-85],[123,0],[123,0],[0,-84],[123,0],[0,-84],[122,0],[123,0],[0,-85],[123,0],[0,-84]],[[92292,87750],[-123,0],[0,-84],[0,-84],[0,-85],[0,-84],[123,0],[0,-85],[0,-84],[122,0],[0,-84],[0,-85],[0,-84],[123,0],[0,-84],[0,-85],[0,-84],[123,0],[0,-85],[0,-84],[123,0],[0,-84],[122,0],[0,-85],[123,0],[0,-84],[123,0],[0,-84],[123,0],[0,-85],[122,0],[123,0],[0,-84],[123,0],[0,-85],[122,0],[0,-84],[123,0],[0,-84],[123,0],[0,-85],[123,0],[0,-84],[122,0],[0,-84],[0,-85],[123,0],[0,-84],[0,-85],[123,0],[0,-84],[0,-84],[123,0],[0,-85],[0,-84],[122,0],[0,-84],[0,-85],[123,0],[0,-84],[0,-85],[123,0],[0,-84],[0,-84],[122,0],[0,-85],[0,-84],[123,0],[0,-84],[0,-85],[123,0],[0,-84],[0,-85],[123,0],[0,-84],[0,-84],[122,0],[0,-85],[123,0],[0,-84],[123,0],[0,-84],[123,0],[122,0],[0,-85],[123,0],[0,-84],[0,-85],[123,0],[122,0],[0,-84],[0,-84],[123,0],[0,-85],[123,0],[0,-84],[123,0],[0,-84],[122,0],[0,-85],[0,-84],[123,0],[0,-85],[123,0],[0,-84],[123,0],[0,-84],[122,0],[123,0],[0,-85],[123,0],[0,-84],[122,0],[0,-84],[0,-85],[123,0],[0,-84],[123,0],[0,-85],[123,0],[0,-84],[122,0],[123,0],[123,0],[0,-84],[123,0],[122,0],[0,-85],[123,0],[0,-84],[123,0],[0,-84],[122,0],[0,-85],[123,0],[123,0],[0,-84],[123,0],[0,-85],[122,0],[0,-84],[0,-84],[123,0],[0,-85],[123,0],[0,-84],[123,0],[0,-84],[0,-85],[122,0],[123,0],[0,-84],[0,-85],[123,0],[0,-84],[123,0],[0,-84],[122,0],[0,-85],[123,0],[0,-84],[0,-84],[123,0],[0,-85],[122,0],[0,-84],[0,-85],[123,0],[0,-84],[0,-84],[123,0],[0,-85],[0,-84],[123,0],[0,-84],[122,0],[0,-85],[123,0],[0,-84],[0,-85],[123,0],[0,-84],[0,-84],[123,0],[0,-85],[0,-84],[122,0],[0,-84],[0,-85],[123,0],[0,-84],[123,0],[0,-85],[0,-84],[122,0],[0,-84],[123,0],[0,-85],[0,-84],[123,0],[0,-84],[0,-85],[0,-84],[0,-85],[0,-84],[123,0],[0,-84],[0,-85],[122,0],[0,-84],[0,-84],[0,-85],[0,-84],[0,-85],[0,-84],[0,-84],[0,-85],[0,-84],[0,-84],[0,-85],[0,-84],[0,-85],[0,-84],[0,-84],[0,-85],[0,-84],[0,-84],[0,-85],[0,-84],[0,-85],[0,-84],[-122,0],[0,-84],[0,-85],[0,-84],[0,-84],[0,-85],[0,-84],[0,-85],[0,-84],[0,-84],[0,-85],[0,-84],[122,0],[0,-84],[0,-85],[0,-84],[0,-85],[0,-84],[0,-84],[123,0],[0,-85],[0,-84],[0,-84],[0,-85],[0,-84],[0,-85],[0,-84],[0,-84],[0,-85],[0,-84],[0,-84],[0,-85],[0,-84],[0,-85],[123,0],[0,-84],[0,-84],[-123,0],[0,-85],[0,-84],[0,-84],[0,-85],[0,-84],[-123,0],[0,-85],[0,-84],[0,-84],[-122,0],[0,-85],[0,-84],[0,-84],[-123,0],[0,-85],[0,-84],[-123,0],[0,-85],[-123,0],[0,-84],[0,-84],[0,-85],[-122,0],[0,-84],[0,-84],[-123,0],[0,-85],[-123,0],[0,-84],[0,-85],[-122,0],[0,-84],[-123,0],[0,-84],[-123,0],[0,-85],[0,-84],[-123,0],[0,-84],[-122,0],[0,-85],[-123,0],[0,-84],[0,-85],[-123,0],[0,-84],[0,-84],[0,-85],[-123,0],[0,-84],[0,-85],[-122,0],[0,-84],[0,-84],[0,-85],[-123,0],[0,-84],[0,-84],[-123,0],[0,-85],[0,-84],[0,-85],[-122,0],[0,-84],[0,-84],[-123,0],[0,-85],[0,-84],[-123,0],[0,-84],[0,-85],[-123,0],[0,-84],[0,-85],[0,-84],[0,-84],[-122,0],[0,-85],[0,-84],[0,-84],[0,-85],[0,-84],[0,-85],[0,-84],[0,-84],[0,-85],[0,-84],[0,-84],[0,-85],[-123,0],[0,-84],[0,-85],[0,-84],[-123,0],[0,-84],[0,-85],[0,-84],[0,-84],[0,-85],[0,-84],[-123,0],[0,-85],[0,-84],[123,0],[0,-84],[-123,0],[0,-85],[0,-84],[0,-84],[0,-85],[0,-84],[0,-85],[0,-84],[0,-84],[-122,0],[0,-85],[0,-84],[0,-84],[0,-85],[-123,0],[0,-84],[0,-85],[0,-84],[-123,0],[0,-84],[-123,0],[-122,0],[-123,0],[-123,0],[-122,0],[-123,0],[-123,0],[0,-85],[-123,0],[-122,0],[0,-84],[-123,0],[0,-84],[0,-85],[-123,0],[-123,0],[0,-84],[0,-85],[-122,0],[0,-84],[-123,0],[0,-84],[0,-85],[-123,0],[0,-84],[0,-84],[-122,0],[0,-85],[0,-84],[-123,0],[0,-85],[-123,0],[0,-84],[-123,0],[0,-84],[0,-85],[-122,0],[-123,0],[0,-84],[-123,0],[0,-84],[0,-85],[-123,0],[0,-84],[0,-85],[-122,0],[0,-84],[0,-84],[-123,0],[0,-85],[0,-84],[-123,0],[0,-84],[0,-85],[-122,0],[0,-84],[0,-85],[0,-84],[-123,0],[0,-84],[0,-85],[0,-84],[-123,0],[0,-84],[0,-85],[0,-84],[-123,0],[0,-85],[0,-84],[0,-84],[0,-85],[-122,0],[0,-84],[0,-84],[0,-85],[0,-84],[0,-85],[0,-84],[0,-84],[0,-85],[0,-84],[0,-84],[0,-85],[0,-84],[0,-85],[0,-84],[122,0],[0,-84],[0,-85],[0,-84],[0,-84],[0,-85],[123,0],[0,-84],[0,-85],[123,0],[0,-84],[0,-84],[0,-85],[123,0],[0,-84],[122,0],[0,-84],[123,0],[0,-85],[0,-84],[0,-85],[0,-84],[123,0],[0,-84],[0,-85],[122,0],[0,-84],[123,0],[0,-84],[0,-85],[0,-84],[0,-85],[123,0],[0,-84],[0,-84],[-123,0],[0,-85],[0,-84],[0,-84],[0,-85],[0,-84],[0,-85],[0,-84],[0,-84],[0,-85],[0,-84],[123,0],[0,-84],[0,-85],[0,-84],[0,-85],[0,-84],[123,0],[0,-84],[0,-85],[0,-84],[0,-84],[0,-85],[122,0],[0,-84],[0,-85],[123,0],[0,-84],[123,0],[0,-84],[0,-85],[0,-84],[123,0],[0,-84],[0,-85],[0,-84],[122,0],[0,-85],[0,-84],[0,-84],[0,-85],[123,0],[0,-84],[123,0],[122,0],[0,-84],[123,0],[0,-85],[0,-84],[123,0],[0,-85],[123,0],[0,-84],[122,0],[0,-84],[0,-85],[0,-84],[123,0],[0,-84],[0,-85],[0,-84],[123,0],[0,-85],[0,-84],[123,0],[0,-84],[0,-85],[0,-84],[122,0],[0,-84],[0,-85],[123,0],[0,-84],[0,-85],[123,0],[0,-84],[0,-84],[122,0],[0,-85],[0,-84],[123,0],[123,0],[0,-84],[123,0],[0,-85],[122,0],[0,-84],[123,0],[0,-85],[123,0],[0,-84],[123,0],[0,-84],[122,0],[0,-85],[123,0],[0,-84],[123,0],[0,-84],[123,0],[122,0],[123,0],[123,0],[122,0],[123,0],[0,84],[0,84],[123,0],[0,85],[123,0],[0,-85],[122,0],[0,-84],[123,0],[0,-84],[0,-85],[123,0],[0,-84],[0,-85],[0,-84],[0,-84],[0,-85],[0,-84],[0,-84],[0,-85],[0,-84],[0,-85],[0,-84],[0,-84],[0,-85],[0,-84],[0,-84],[0,-85],[123,0],[0,-84],[0,-85],[0,-84],[122,0],[0,-84],[123,0],[0,-85],[0,-84],[0,-84],[123,0],[0,-85],[0,-84],[122,0],[0,-85],[0,-84],[123,0],[0,-84],[123,0],[0,-85],[0,-84],[123,0],[0,-84],[122,0],[0,-85],[0,-84],[123,0],[0,-85],[0,-84],[0,-84],[123,0],[0,-85],[123,0],[0,-84],[0,-84],[0,-85],[122,0],[0,-84],[0,-85],[0,-84],[0,-84],[0,-85],[123,0],[0,-84],[0,-84],[0,-85],[0,-84],[0,-85],[0,-84],[0,-84],[0,-85],[123,0],[0,-84],[0,-84],[0,-85],[0,-84],[122,0],[0,-85],[0,-84],[0,-84],[0,-85],[0,-84],[0,-84],[0,-85],[0,-84],[123,0],[0,-85],[0,-84],[0,-84],[0,-85],[0,-84],[0,-84],[123,0],[0,-85],[0,-84],[0,-85],[123,0],[0,-84],[122,0],[0,-84],[123,0],[0,-85],[0,-84],[123,0],[0,-84],[0,-85],[123,0],[0,-84],[122,0],[0,-85],[123,0],[0,-84],[0,-84],[123,0],[0,-85],[0,-84],[0,-84],[122,0],[0,-85],[0,-84],[123,0],[0,-85],[0,-84],[-123,0],[0,-84],[0,-85],[0,-84],[0,-84],[0,-85],[0,-84],[0,-85],[0,-84],[123,0],[0,-84],[0,-85],[0,-84],[0,-84],[0,-85],[0,-84],[123,0],[0,-85],[0,-84],[-123,0],[0,-84],[123,0],[0,-85],[0,-84],[-123,0],[0,-84],[0,-85],[0,-84],[0,-85],[123,0],[0,-84],[0,-84],[0,-85],[-123,0],[0,-84],[0,-84],[0,-85],[123,0],[0,-84],[0,-85],[0,-84],[0,-84],[0,-85],[-123,0],[0,-84],[0,-84],[0,-85],[0,-84],[0,-85],[0,-84],[0,-84],[0,-85],[-123,0],[0,-84],[0,-84],[0,-85],[0,-84],[0,-85],[0,-84],[0,-84],[0,-85],[0,-84],[0,-84],[0,-85],[-122,0],[0,-84],[0,-85],[0,-84],[0,-84],[0,-85],[0,-84],[0,-84],[0,-85],[0,-84],[0,-85],[0,-84],[0,-84],[0,-85],[-123,0],[0,-84],[0,-84],[0,-85],[0,-84],[0,-85],[0,-84],[0,-84],[0,-85],[-123,0],[0,-84],[0,-84],[0,-85],[0,-84],[0,-85],[0,-84],[0,-84],[0,-85],[0,-84],[0,-84],[0,-85],[0,-84],[0,-85],[0,-84],[0,-84],[0,-85],[0,-84],[0,-84],[-122,0],[0,-85],[0,-84],[0,-85],[0,-84],[0,-84],[0,-85],[0,-84],[0,-84],[0,-85],[0,-84],[0,-85],[-123,0],[0,-84],[0,-84],[0,-85],[0,-84],[0,-84],[-123,0],[0,-85],[0,-84],[0,-85],[0,-84],[0,-84],[0,-85],[0,-84],[0,-85],[123,0],[0,-84],[0,-84],[0,-85],[0,-84],[0,-84],[123,0],[0,-85],[0,-84],[0,-85],[122,0],[0,-84],[0,-84],[123,0],[0,-85],[0,-84],[123,0],[0,-84],[122,0],[0,-85],[123,0],[0,-84],[0,-85],[123,0],[0,-84],[123,0],[122,0],[0,-84],[123,0],[0,-85]],[[105669,33581],[-123,0],[0,-84],[-122,0],[0,-84],[-123,0],[0,-85]],[[105301,33328],[-123,0],[-123,0],[-122,0],[-123,0],[0,85],[-123,0],[-122,0],[-123,0],[0,84],[-123,0],[0,-84],[0,-85],[-123,0],[0,-84],[0,-85],[0,-84],[-122,0],[0,-84],[0,-85],[0,-84],[-123,0],[0,-84],[0,-85],[0,-84],[-123,0],[0,-85],[0,-84],[0,-84],[0,-85],[0,-84],[0,-84],[0,-85],[-123,0],[0,-84],[0,-85],[0,-84],[0,-84],[0,-85],[0,-84],[0,-84],[0,-85],[0,-84],[0,-85],[-122,0],[0,-84],[0,-84],[0,-85],[0,-84],[-123,0],[0,-84],[0,-85],[0,-84],[0,-85],[-123,0],[0,-84],[0,-84],[0,-85],[0,-84],[0,-84],[0,-85],[-122,0],[0,-84],[0,-85],[0,-84],[0,-84],[0,-85],[0,-84],[0,-84],[0,-85],[-123,0],[0,-84],[0,-85],[0,-84],[0,-84],[-123,0],[0,-85],[0,-84],[0,-84],[0,-85],[0,-84],[0,-85],[0,-84],[0,-84],[0,-85],[0,-84],[0,-84],[0,-85],[0,-84],[0,-85],[0,-84],[-123,0],[0,-84],[0,-85],[0,-84],[0,-84],[-122,0],[0,-85],[0,-84],[0,-85],[0,-84],[0,-84],[0,-85],[-123,0],[0,-84],[0,-84],[0,-85],[0,-84],[0,-85],[0,-84],[0,-84],[-123,0],[0,-85],[0,-84],[0,-84],[0,-85],[0,-84],[0,-85],[0,-84],[-123,0],[0,-84],[0,-85],[0,-84],[0,-84],[0,-85],[0,-84],[0,-85],[0,-84],[0,-84],[0,-85],[0,-84],[0,-84],[0,-85],[0,-84],[0,-85],[-122,0],[0,-84],[0,-84],[0,-85],[0,-84],[0,-84],[0,-85],[0,-84],[0,-85],[0,-84],[0,-84],[0,-85],[0,-84],[0,-84],[-123,0],[0,-85],[0,-84],[0,-85],[0,-84],[0,-84],[0,-85],[0,-84],[0,-84],[0,-85],[0,-84],[0,-85],[0,-84],[0,-84],[0,-85],[0,-84],[0,-84],[0,-85],[0,-84],[-123,0],[0,-85],[0,-84],[0,-84],[0,-85],[0,-84],[0,-84],[0,-85],[0,-84],[0,-85],[0,-84],[0,-84],[0,-85],[123,0],[0,-84],[0,-84],[0,-85],[0,-84],[123,0],[0,-85],[0,-84],[0,-84],[122,0],[0,-85],[0,-84],[0,-84],[0,-85],[0,-84],[0,-85],[0,-84],[0,-84],[123,0],[0,-85],[0,-84],[0,-84],[0,-85],[0,-84],[0,-85],[0,-84],[0,-84],[0,-85],[0,-84],[0,-84],[0,-85],[0,-84],[0,-85],[0,-84],[0,-84],[0,-85],[-123,0],[0,-84],[0,-84],[0,-85],[0,-84],[0,-85],[-122,0],[0,-84],[-123,0],[0,-84],[0,-85],[0,-84],[-123,0],[0,-84],[0,-85],[-122,0],[0,-84],[0,-85],[0,-84],[-123,0],[0,-84],[0,-85],[-123,0],[0,-84],[0,-84],[-123,0],[0,-85],[0,-84],[0,-85],[-122,0],[0,-84],[0,-84],[0,-85],[0,-84],[-123,0],[0,-84],[0,-85],[0,-84],[-123,0],[0,-85],[0,-84],[0,-84],[-123,0],[0,-85],[0,-84],[0,-84],[0,-85],[0,-84],[0,-85],[0,-84],[0,-84],[0,-85],[0,-84],[0,-84],[0,-85],[0,-84],[0,-85],[0,-84],[0,-84],[0,-85],[0,-84],[0,-84],[0,-85],[0,-84],[-122,0],[0,-85],[0,-84],[0,-84],[0,-85],[0,-84],[0,-84],[-123,0],[0,-85],[0,-84],[0,-85],[0,-84],[0,-84],[0,-85],[0,-84],[-123,0],[0,-84],[0,-85],[0,-84],[0,-85],[0,-84],[0,-84],[0,-85],[0,-84],[-122,0],[0,-84],[0,-85],[0,-84],[0,-85],[0,-84],[0,-84],[0,-85],[0,-84],[0,-84],[0,-85],[0,-84],[0,-85],[0,-84],[0,-84],[0,-85],[0,-84],[0,-84],[0,-85],[0,-84],[0,-85],[0,-84],[0,-84],[122,0],[0,-85],[0,-84],[0,-84],[0,-85],[0,-84],[0,-85],[0,-84],[123,0],[0,-84],[0,-85],[0,-84],[0,-84],[0,-85],[0,-84],[0,-85],[0,-84],[-123,0],[0,-84],[0,-85],[0,-84],[0,-84],[0,-85],[0,-84],[0,-85],[0,-84],[0,-84],[0,-85],[0,-84],[0,-84],[0,-85],[0,-84],[0,-85],[0,-84],[-122,0],[0,-84],[0,-85],[0,-84],[0,-84],[0,-85],[0,-84],[0,-85],[0,-84],[0,-84],[122,0],[0,-85],[0,-84],[0,-84],[0,-85],[0,-84],[0,-85],[0,-84],[0,-84],[0,-85],[0,-84],[0,-84],[0,-85],[0,-84],[0,-85],[0,-84],[0,-84],[0,-85],[123,0],[0,-84],[0,-84],[0,-85],[0,-84],[0,-85],[0,-84],[123,0],[0,-84],[0,-85],[0,-84],[0,-84],[122,0],[0,-85],[0,-84],[0,-85],[0,-84],[0,-84],[0,-85],[0,-84],[0,-84],[0,-85],[-122,0],[0,-84],[0,-85],[0,-84],[-123,0],[0,-84],[0,-85],[0,-84],[0,-84],[-123,0],[0,-85],[0,-84],[0,-85],[0,-84],[-122,0],[0,-84],[0,-85],[0,-84],[0,-84],[0,-85],[-123,0],[0,-84],[0,-85],[0,-84],[0,-84],[0,-85],[0,-84],[0,-84],[0,-85],[0,-84],[0,-85],[-123,0],[0,-84],[0,-84],[0,-85],[0,-84],[0,-84],[0,-85],[0,-84],[0,-85],[123,0],[0,-84],[0,-84],[0,-85],[0,-84],[0,-84],[0,-85],[0,-84],[123,0],[0,-85],[0,-84]],[[100515,0],[-123,0],[-123,0],[-123,0],[-122,0],[-123,0],[-123,0],[0,84],[-123,0],[-122,0],[-123,0],[-123,0],[-123,0],[-122,0],[-123,0],[-123,0],[-122,0],[-123,0],[-123,0],[-123,0],[-122,0],[-123,0],[-123,0],[-123,0],[-122,0],[-123,0],[-123,0],[-122,0],[-123,0],[-123,0],[-123,0],[-122,0],[-123,0],[-123,0],[-123,0],[-122,0],[-123,0],[-123,0],[-122,0],[-123,0],[-123,0],[-123,0],[-122,0],[-123,0],[-123,0],[-123,0],[-122,0],[-123,0],[-123,0],[-122,0],[-123,0],[-123,0],[-123,0],[-122,0],[-123,0],[-123,0],[-123,0],[-122,0],[-123,0],[-123,0],[-122,0],[-123,0],[-123,0],[-123,0],[-122,0],[-123,0],[-123,0],[-123,0],[-122,0],[-123,0],[-123,0],[-122,0],[-123,0],[-123,0],[-123,0],[-122,0],[-123,0],[-123,0],[-123,0],[-122,0],[-123,0],[-123,0],[-122,0],[-123,0],[-123,0],[-123,0],[-122,0],[-123,0],[-123,0],[-123,0],[-122,0],[-123,0],[-123,0],[-123,0],[-122,0],[-123,0],[-123,0],[-122,0],[-123,0],[-123,0],[-123,0],[-122,0],[-123,0],[-123,0],[0,85],[-123,0],[-122,0],[-123,0],[-123,0],[-122,0],[-123,0],[-123,0],[-123,0]],[[87014,169],[0,84],[0,85],[0,84],[0,84],[0,85],[0,84],[0,84],[-122,0],[0,85],[0,84],[0,85],[-123,0],[0,84],[0,84],[-123,0],[-123,0],[0,85],[-122,0],[0,84],[0,84],[-123,0],[0,85],[-123,0],[0,84],[-122,0],[-123,0],[0,85],[-123,0],[0,84],[-123,0],[0,84],[-122,0],[0,85],[-123,0],[0,84],[0,84],[0,85],[-123,0],[0,84],[0,85],[0,84],[0,84],[0,85],[0,84],[0,84],[0,85],[0,84],[0,85],[123,0],[0,84],[0,84],[0,85],[123,0],[0,84],[122,0],[0,84],[0,85],[123,0],[0,84],[123,0],[0,85],[123,0],[0,84],[122,0],[0,84],[123,0],[123,0],[0,85],[122,0],[0,84],[0,84],[123,0],[0,85],[0,84],[123,0],[0,85],[0,84],[0,84],[123,0],[0,85],[0,84],[0,84],[0,85],[0,84],[0,85],[0,84],[0,84],[0,85],[0,84],[-123,0],[0,84],[0,85],[0,84],[-123,0],[0,85],[-123,0],[0,84],[0,84],[0,85],[0,84],[0,84],[0,85],[0,84],[0,85],[0,84],[0,84],[0,85],[0,84],[0,84],[-122,0],[0,85],[0,84],[0,85],[-123,0],[0,84],[0,84],[-123,0],[0,85],[0,84],[0,84],[-122,0],[0,85],[0,84],[0,85],[-123,0],[0,84],[0,84],[0,85],[0,84],[-123,0],[0,84],[0,85],[-123,0],[0,84],[0,85],[0,84],[0,84],[-122,0],[0,85],[0,84],[-123,0],[0,84],[0,85],[-123,0],[0,84],[0,85],[-123,0],[0,84],[0,84],[-122,0],[0,85],[0,84],[-123,0],[0,84],[0,85],[0,84],[-123,0],[0,85],[0,84],[0,84],[-122,0],[0,85],[0,84],[0,84],[0,85],[0,84],[0,85],[0,84],[0,84],[0,85],[-123,0],[0,84],[0,84],[0,85],[0,84],[0,85],[0,84],[123,0],[0,84],[0,85],[0,84],[0,84],[0,85],[0,84],[0,85],[0,84],[0,84],[0,85],[122,0],[0,84],[0,84],[0,85],[0,84],[0,85],[0,84],[0,84],[0,85],[0,84],[0,84],[0,85],[0,84],[0,85],[-122,0],[0,84],[0,84],[0,85],[122,0],[0,84],[0,84],[0,85],[123,0],[0,84],[0,85],[0,84],[123,0],[0,84],[0,85],[0,84],[0,84],[0,85],[0,84],[0,85],[0,84],[0,84],[0,85],[122,0],[0,84],[0,84],[0,85],[-122,0],[-123,0],[0,84],[-123,0],[-122,0],[-123,0],[0,85],[-123,0],[-123,0],[-122,0],[-123,0],[-123,0]],[[83946,15188],[0,84],[0,84],[-123,0],[0,85],[0,84],[0,84],[0,85],[0,84],[0,85],[-122,0],[0,84],[0,84],[0,85],[-123,0],[0,84],[0,84],[0,85],[0,84],[-123,0],[0,85],[0,84],[123,0],[0,84],[0,85],[0,84],[0,84],[123,0],[0,85],[0,84],[0,85],[122,0],[0,84],[0,84],[0,85],[123,0],[0,84],[0,84],[0,85],[123,0],[0,84],[0,85],[0,84],[0,84],[0,85],[0,84],[0,84],[0,85],[0,84],[0,85],[0,84],[0,84],[-123,0],[0,85],[-123,0],[0,84],[-122,0],[0,84],[0,85],[-123,0],[0,84],[-123,0],[0,85],[-122,0],[0,84],[-123,0],[0,84],[0,85],[-123,0],[0,84],[0,84],[0,85],[-123,0],[0,84],[0,85],[0,84],[-122,0],[0,84],[0,85],[0,84],[0,84],[0,85],[0,84],[0,85],[-123,0],[0,84],[0,84],[123,0],[0,85],[0,84],[0,84],[0,85],[0,84],[122,0],[0,85],[0,84],[0,84],[0,85],[0,84],[0,84],[123,0],[0,85],[0,84],[0,85],[0,84],[123,0],[0,84],[0,85],[0,84],[123,0],[0,84],[0,85],[122,0],[0,84],[0,85],[123,0],[0,84],[0,84],[0,85],[0,84],[123,0],[0,84],[122,0],[0,85],[0,84],[123,0],[0,85],[123,0],[0,84],[123,0],[0,84],[0,85],[122,0],[123,0],[0,84],[123,0],[0,84],[123,0],[0,85],[0,84],[122,0],[0,85],[123,0],[0,84],[123,0],[122,0],[0,84],[123,0],[0,85],[123,0],[0,84],[123,0],[0,84],[122,0],[0,85],[123,0],[0,84],[123,0],[123,0],[0,85],[122,0],[0,84],[123,0],[0,84],[123,0],[0,85],[122,0],[0,84],[123,0],[0,84],[123,0],[0,85],[123,0],[0,84],[0,85],[122,0],[0,84],[123,0],[0,84],[0,85],[123,0],[0,84],[0,84],[123,0],[0,85],[0,84],[0,85],[122,0],[0,84],[0,84],[0,85],[123,0],[0,84],[0,84],[0,85],[0,84],[0,85],[123,0],[0,84],[0,84],[0,85],[122,0],[0,84],[0,84],[0,85],[0,84],[123,0],[0,85],[0,84],[123,0],[0,84],[123,0],[0,85],[0,84],[0,84],[122,0],[0,85],[123,0],[0,84],[123,0],[0,85],[0,84],[123,0],[0,84],[122,0],[0,85],[0,84],[123,0],[0,84],[0,85],[123,0],[0,84],[0,85],[122,0],[0,84],[0,84],[0,85],[123,0],[0,84],[0,84],[0,85],[123,0],[0,84],[0,85],[0,84],[123,0],[0,84],[0,85],[0,84],[122,0],[0,84],[0,85],[0,84],[123,0],[0,85],[0,84],[0,84],[0,85],[0,84],[0,84],[0,85],[0,84],[-123,0],[0,85],[0,84],[0,84],[-122,0],[0,85],[0,84],[0,84],[0,85],[0,84],[0,85],[-123,0],[0,84],[123,0],[0,84],[0,85],[122,0],[0,84],[123,0],[0,84],[123,0],[123,0],[0,85],[122,0],[0,84],[123,0],[0,85],[123,0],[0,84],[123,0],[0,84],[122,0],[123,0],[0,85],[0,84],[123,0],[122,0],[0,84],[0,85],[123,0],[0,84],[0,85],[123,0],[0,84],[0,84],[0,85],[0,84],[0,84],[0,85],[123,0],[0,84],[0,85],[0,84],[122,0],[0,84],[0,85],[0,84],[123,0],[0,84],[0,85],[0,84],[123,0],[0,85],[0,84],[0,84],[0,85],[0,84],[123,0],[0,84],[0,85],[0,84],[0,85],[0,84],[0,84],[0,85],[0,84],[122,0],[0,84],[0,85],[0,84],[0,85],[0,84],[0,84],[0,85],[-122,0],[0,84],[0,85],[0,84],[-123,0],[0,84],[0,85],[0,84],[0,84],[-123,0],[0,85],[0,84],[-123,0],[0,85],[0,84],[0,84],[-122,0],[0,85],[0,84],[0,84],[0,85],[0,84],[0,85],[0,84],[0,84],[122,0],[0,85],[0,84],[123,0],[0,84],[0,85],[123,0],[0,84],[0,85],[0,84],[123,0],[0,84],[122,0],[0,85],[0,84],[0,84],[123,0],[0,85],[0,84],[0,85],[0,84],[0,84],[0,85],[0,84],[0,84],[0,85],[123,0],[0,84],[0,85],[0,84],[0,84],[122,0],[0,85],[123,0],[0,84],[123,0],[0,84],[123,0],[0,85],[122,0],[123,0],[0,84],[123,0],[123,0],[122,0],[123,0],[123,0],[122,0],[0,85],[0,84],[0,84],[123,0],[0,85],[0,84],[0,84],[0,85],[0,84],[0,85],[0,84],[0,84],[0,85],[0,84],[0,84],[0,85],[0,84],[0,85],[123,0],[0,84],[0,84],[0,85],[0,84],[0,84],[0,85],[0,84],[0,85],[0,84],[0,84],[0,85],[0,84],[0,84],[0,85],[0,84],[0,85],[0,84],[0,84],[0,85],[0,84],[0,84],[0,85],[0,84],[0,85],[0,84],[0,84],[0,85],[0,84],[-123,0],[0,84],[0,85],[0,84],[0,85],[0,84],[0,84],[0,85],[0,84],[0,84],[0,85],[0,84],[0,85],[0,84],[0,84],[0,85],[0,84],[0,84],[-123,0],[0,85],[0,84],[0,85],[0,84],[0,84],[0,85],[0,84],[-122,0],[0,84],[0,85],[0,84],[0,85],[0,84],[0,84],[0,85],[0,84],[0,84],[0,85],[0,84],[-123,0],[0,85],[0,84],[0,84],[0,85],[0,84],[0,84],[0,85],[0,84],[0,85],[0,84],[0,84],[0,85],[0,84],[0,84],[-123,0],[0,85],[0,84],[0,85],[0,84],[0,84],[123,0],[0,85],[0,84],[0,84],[-123,0],[0,85],[0,84],[0,85],[0,84],[0,84],[0,85],[0,84],[0,84],[0,85],[-122,0],[0,84],[0,85],[0,84],[-123,0],[0,84],[0,85],[0,84],[-123,0],[0,84],[0,85],[0,84],[-123,0],[0,85],[-122,0],[0,84],[0,84],[0,85],[-123,0],[0,84],[0,84],[-123,0],[0,85],[-123,0],[0,84],[0,85],[-122,0],[0,84],[-123,0],[0,84],[-123,0],[0,85],[-122,0],[0,84],[-123,0],[0,84],[-123,0],[0,85],[-123,0],[0,84],[-122,0],[0,85],[-123,0],[-123,0],[0,84],[-123,0],[-122,0],[0,84],[-123,0],[-123,0],[0,85],[-122,0],[-123,0],[0,84],[-123,0],[0,84],[0,85],[-123,0],[0,84],[0,85],[0,84],[0,84],[123,0],[0,85],[0,84],[0,84],[123,0],[0,85],[123,0],[0,84],[122,0],[0,85],[0,84],[0,84],[123,0],[0,85],[0,84],[0,84],[-123,0],[0,85],[0,84],[0,85],[0,84],[123,0],[0,84],[0,85],[123,0],[0,84],[122,0],[0,84],[0,85],[123,0],[0,84],[0,85],[123,0],[0,84],[0,84],[0,85],[0,84],[123,0],[0,84],[0,85],[122,0],[0,84],[0,85],[123,0],[0,84],[0,84],[0,85],[0,84],[0,84],[0,85],[0,84],[0,85],[0,84],[0,84],[-123,0],[0,85],[0,84],[0,84],[0,85],[-122,0],[0,84],[0,85],[0,84],[0,84],[0,85],[-123,0],[0,84],[0,84],[0,85],[-123,0],[0,84],[0,85],[0,84],[0,84],[-123,0],[0,85],[0,84],[0,84],[0,85],[0,84],[0,85],[0,84],[0,84],[0,85],[0,84],[0,84],[0,85],[0,84],[0,85],[0,84],[123,0],[0,84],[0,85],[0,84],[0,84],[0,85],[0,84],[0,85],[0,84],[0,84],[0,85],[0,84],[0,84],[0,85],[0,84],[0,85],[0,84],[0,84],[0,85],[-123,0],[0,84],[0,84],[0,85],[0,84],[0,85],[0,84],[-122,0],[0,84],[0,85],[0,84],[0,84],[0,85],[0,84],[0,85],[0,84],[0,84],[-123,0],[0,85],[0,84],[0,84],[0,85],[0,84],[0,85],[0,84],[0,84],[0,85],[0,84],[0,84],[0,85],[123,0],[0,84],[0,85],[122,0],[0,84],[0,84],[123,0],[0,85],[0,84],[123,0],[0,84],[0,85],[0,84],[123,0],[0,85],[0,84],[0,84],[122,0],[0,85],[0,84],[0,84],[0,85],[0,84],[0,85],[0,84],[0,84],[0,85],[0,84],[-122,0],[0,84],[0,85],[0,84],[-123,0],[0,85],[0,84],[-123,0],[0,84],[0,85],[0,84],[-123,0],[0,84],[0,85],[0,84],[-122,0],[0,85],[0,84],[0,84],[0,85],[0,84],[0,84],[0,85],[0,84],[0,85],[-123,0],[0,84],[0,84],[-123,0],[0,85],[0,84],[-122,0],[0,84],[0,85],[0,84],[-123,0],[0,85],[0,84],[0,84],[0,85],[123,0],[0,84],[0,84],[0,85],[122,0],[0,84],[0,85],[123,0],[0,84],[0,84],[123,0],[0,85],[0,84],[122,0],[0,84],[0,85],[0,84],[0,85],[0,84],[0,84],[0,85],[123,0],[0,84],[0,84],[123,0],[0,85],[0,84],[0,85],[0,84],[0,84],[0,85],[0,84],[0,84],[0,85],[0,84],[0,85],[0,84],[0,84],[0,85],[0,84],[123,0],[0,84],[0,85],[0,84],[0,85],[122,0],[0,84],[0,84],[0,85],[0,84],[123,0],[0,84],[0,85],[0,84],[0,85],[0,84],[0,84],[123,0],[0,85],[0,84],[0,85],[0,84],[0,84],[0,85],[0,84],[0,84],[0,85],[0,84],[0,85],[0,84],[0,84],[0,85],[123,0],[0,84],[0,84],[0,85],[-123,0],[0,84],[0,85],[0,84],[0,84],[0,85],[0,84],[0,84],[0,85],[-123,0],[0,84],[-123,0],[0,85],[0,84],[0,84],[0,85],[123,0],[0,84],[123,0],[0,84],[123,0],[0,85],[0,84],[0,85],[-123,0],[0,84],[0,84],[0,85],[0,84],[0,84],[0,85],[0,84],[0,85],[0,84],[0,84],[0,85],[0,84],[0,84],[123,0],[0,85],[0,84],[0,85],[0,84],[122,0],[0,84],[0,85],[0,84],[-122,0],[0,84],[-123,0],[0,85],[0,84],[-123,0],[0,85],[-123,0],[0,84],[-122,0],[0,84],[0,85],[-123,0],[0,84],[0,84],[0,85],[0,84],[0,85],[0,84],[0,84],[0,85],[0,84],[123,0],[0,84],[0,85],[0,84],[122,0],[0,85],[0,84],[123,0],[0,84],[123,0],[0,85],[123,0],[0,84],[122,0],[0,84],[0,85],[123,0],[0,84],[0,85],[123,0],[0,84],[0,84],[0,85],[-123,0],[0,84],[0,84],[-123,0],[0,85],[-122,0],[0,84],[0,85],[-123,0],[-123,0],[0,84],[-123,0],[0,84],[-122,0],[0,85],[-123,0],[0,84],[0,84],[-123,0],[0,85],[0,84],[0,85],[0,84],[0,84],[0,85],[0,84],[123,0],[0,84],[0,85],[0,84],[0,85],[0,84],[0,84],[0,85],[-123,0],[0,84],[0,84],[0,85],[0,84],[123,0],[0,85],[0,84],[123,0],[0,84],[0,85],[122,0],[0,84],[0,84],[0,85],[123,0],[0,84],[0,85],[0,84],[123,0],[0,84],[0,85],[0,84],[0,84],[0,85],[0,84],[0,85],[123,0],[0,84],[0,84],[0,85],[-123,0],[0,84],[0,84],[0,85],[0,84],[0,85],[-123,0],[0,84],[0,84],[0,85],[0,84],[0,84],[-123,0],[0,85],[0,84],[-122,0],[0,85],[0,84],[0,84],[0,85],[0,84],[-123,0],[0,84],[0,85],[-123,0],[0,84],[0,85],[-123,0],[0,84],[0,84],[-122,0],[0,85],[0,84],[0,84],[0,85],[0,84],[0,85],[-123,0],[0,84],[0,84],[0,85],[0,84],[0,84],[-123,0],[0,85],[-122,0],[-123,0],[-123,0],[0,84],[-123,0],[0,85],[0,84],[-122,0],[0,84],[-123,0],[0,85],[0,84],[-123,0],[0,84],[0,85],[-123,0],[0,84],[-122,0],[0,85],[-123,0],[0,84],[0,84],[-123,0],[0,85],[0,84],[0,84],[0,85],[0,84],[0,85],[0,84],[0,84],[0,85],[0,84],[0,84],[0,85],[0,84],[0,85],[0,84],[0,84],[123,0],[0,85],[0,84],[0,84],[0,85],[0,84],[0,85],[0,84],[0,84],[123,0],[0,85],[0,84],[0,84],[0,85],[0,84],[0,85],[0,84],[0,84],[-123,0],[0,85],[0,84],[-123,0],[0,84],[0,85],[-123,0],[0,84],[0,85],[-122,0],[0,84],[0,84],[-123,0],[0,85],[0,84],[-123,0],[0,84],[0,85]],[[88855,89438],[123,0],[0,-85],[123,0],[0,-84],[122,0],[123,0],[0,-84],[123,0],[0,-85],[123,0],[0,-84],[122,0],[123,0],[0,-84],[123,0],[0,-85],[123,0],[122,0],[0,-84],[123,0],[0,-85],[123,0],[123,0],[0,-84],[122,0],[0,-84],[123,0],[0,-85],[123,0],[122,0],[0,-84],[123,0],[0,-84],[123,0],[123,0],[0,-85],[122,0],[0,-84],[123,0],[0,-85],[123,0],[123,0],[0,-84],[122,0],[0,-84],[123,0],[123,0],[0,-85]],[[92292,87750],[122,0],[0,-84],[123,0],[123,0],[0,-84],[123,0],[0,-85],[122,0],[123,0],[0,-84],[123,0],[123,0],[0,-85],[122,0],[0,-84],[123,0],[123,0],[122,0],[0,84],[123,0],[123,0],[123,0],[0,85],[122,0],[123,0],[123,0],[0,84],[123,0],[122,0],[0,85],[123,0],[123,0],[0,84],[122,0],[123,0],[0,84],[123,0],[123,0],[0,85],[122,0],[123,0],[0,84],[123,0],[123,0],[0,84],[122,0],[123,0],[123,0],[0,85],[122,0],[123,0],[0,84],[123,0],[123,0],[0,85],[122,0],[123,0],[0,84],[123,0],[123,0],[0,84],[122,0],[123,0],[0,85],[123,0],[122,0],[0,84],[123,0],[123,0],[0,84],[123,0],[122,0],[0,85],[123,0],[123,0],[0,84],[123,0],[122,0],[0,85],[123,0],[123,0],[0,84],[122,0],[123,0],[123,0],[0,84],[123,0],[122,0],[0,85],[123,0],[123,0],[0,84],[123,0],[122,0],[0,84],[123,0],[123,0],[0,85],[123,0],[122,0],[0,84],[123,0],[123,0],[0,85],[122,0],[123,0],[0,84],[123,0],[123,0],[0,84],[122,0],[123,0],[0,85],[123,0],[123,0],[0,84],[122,0],[123,0],[0,84],[123,0],[122,0],[0,85],[123,0],[123,0],[0,84],[123,0],[122,0],[0,-84],[123,0],[0,-85],[0,-84],[123,0],[0,-84],[123,0],[0,-85],[0,-84],[122,0],[0,-84],[0,-85],[123,0],[0,-84],[0,-85],[123,0],[0,-84],[122,0],[0,-84],[0,-85],[123,0],[0,-84],[0,-84],[123,0],[0,-85],[0,-84],[123,0],[0,-85],[122,0],[0,-84],[0,-84],[123,0],[0,-85],[0,-84],[123,0],[0,-84],[0,-85],[123,0],[0,-84],[122,0],[0,-85],[0,-84],[123,0],[0,-84],[0,-85],[123,0],[0,-84],[0,-84],[122,0],[0,-85],[123,0],[123,0],[123,0],[122,0],[123,0],[123,0],[123,0],[0,-84],[122,0],[123,0],[123,0],[0,-85],[122,0],[123,0],[123,0],[0,-84],[123,0],[122,0],[0,-84],[123,0],[123,0],[123,0],[0,-85],[122,0],[123,0],[123,0],[122,0],[123,0],[0,-84],[123,0],[123,0],[122,0],[123,0],[123,0],[123,0],[0,-84],[122,0],[123,0],[123,0],[122,0],[123,0],[0,-85],[123,0],[123,0],[122,0],[123,0],[123,0],[123,0],[0,-84],[122,0],[123,0],[123,0],[122,0],[123,0],[0,-85],[123,0],[123,0],[122,0],[123,0],[123,0],[123,0],[0,-84],[122,0],[123,0],[123,0],[123,0],[122,0],[123,0],[0,-84],[123,0],[122,0],[123,0],[0,-85],[0,-84],[0,-84],[0,-85],[0,-84],[0,-85],[0,-84],[0,-84],[0,-85],[0,-84],[0,-84],[0,-85],[0,-84],[0,-85],[0,-84],[0,-84],[0,-85],[0,-84],[0,-84],[0,-85],[0,-84],[0,-85],[0,-84],[0,-84],[0,-85],[0,-84],[0,-84],[0,-85],[0,-84],[0,-85],[0,-84],[0,-84],[123,0],[0,-85],[0,-84],[0,-84],[0,-85],[0,-84],[0,-85],[0,-84],[0,-84],[123,0],[0,-85],[0,-84],[0,-84],[0,-85],[0,-84],[0,-85],[0,-84],[122,0],[0,-84],[0,-85],[0,-84],[0,-84],[0,-85],[0,-84],[0,-85],[0,-84],[123,0],[0,-84],[0,-85],[0,-84],[0,-84],[0,-85],[0,-84],[0,-85],[123,0],[0,-84],[0,-84],[0,-85],[0,-84],[0,-84],[0,-85],[0,-84],[0,-85],[123,0],[0,-84],[0,-84],[0,-85],[0,-84],[0,-84],[0,-85],[0,-84],[122,0],[0,-85],[0,-84],[0,-84],[0,-85],[0,-84],[0,-84],[0,-85],[0,-84],[123,0],[0,-85],[0,-84],[0,-84],[0,-85],[0,-84],[0,-84],[0,-85],[123,0],[0,-84],[0,-85],[0,-84],[0,-84],[0,-85],[0,-84],[0,-84],[0,-85],[122,0],[0,-84],[0,-85],[0,-84],[0,-84],[0,-85],[0,-84],[0,-84],[123,0],[0,-85],[0,-84],[0,-85],[0,-84],[0,-84],[0,-85],[0,-84],[123,0],[0,-84],[0,-85],[0,-84],[0,-85],[0,-84],[0,-84],[0,-85],[0,-84],[0,-84],[0,-85],[0,-84],[-123,0],[0,-85],[0,-84],[0,-84],[0,-85],[0,-84],[-123,0],[0,-84],[0,-85],[0,-84],[0,-85],[0,-84],[-122,0],[0,-84],[0,-85],[0,-84],[0,-84],[0,-85],[-123,0],[0,-84],[0,-85],[0,-84],[0,-84],[-123,0],[0,-85],[0,-84],[0,-84],[0,-85],[0,-84],[-122,0],[0,-85],[0,-84],[0,-84],[0,-85],[0,-84],[-123,0],[0,-84],[0,-85],[0,-84],[0,-85],[0,-84],[-123,0],[0,-84],[0,-85],[0,-84],[0,-84],[0,-85],[-123,0],[0,-84],[0,-85],[0,-84],[0,-84],[0,-85],[-122,0],[0,-84],[0,-84],[0,-85],[0,-84],[-123,0],[0,-85],[0,-84],[0,-84],[0,-85],[0,-84],[-123,0],[0,-84],[0,-85],[0,-84],[0,-85],[0,-84],[-123,0],[0,-84],[0,-85],[0,-84],[0,-84],[0,-85],[-122,0],[0,-84],[0,-85],[0,-84],[0,-84],[0,-85],[-123,0],[0,-84],[0,-85],[0,-84],[0,-84],[0,-85],[-123,0],[0,-84],[0,-84],[0,-85],[0,-84],[0,-85],[-122,0],[0,-84],[0,-84],[0,-85],[0,-84],[0,-84],[0,-85],[-123,0],[0,-84],[0,-85],[0,-84],[0,-84],[0,-85],[-123,0],[0,-84],[0,-84],[0,-85],[0,-84],[0,-85],[0,-84],[-123,0],[0,-84],[0,-85],[0,-84],[0,-84],[0,-85],[0,-84],[-122,0],[0,-85],[0,-84],[0,-84],[0,-85],[0,-84],[-123,0],[0,-84],[0,-85],[0,-84],[0,-85],[0,-84],[0,-84],[0,-85],[0,-84],[0,-84],[0,-85],[0,-84],[0,-85],[0,-84],[0,-84],[0,-85],[0,-84],[0,-84],[0,-85],[0,-84],[0,-85],[0,-84],[0,-84],[0,-85],[0,-84],[0,-84],[0,-85],[0,-84],[0,-85],[0,-84],[0,-84],[0,-85],[0,-84],[0,-84],[0,-85],[0,-84],[0,-85],[0,-84],[0,-84],[0,-85],[123,0],[0,-84],[0,-84],[0,-85],[0,-84],[0,-85],[0,-84],[0,-84],[0,-85],[0,-84],[0,-84],[0,-85],[0,-84],[0,-85],[0,-84],[0,-84],[0,-85],[0,-84],[0,-84],[0,-85],[0,-84],[0,-85],[0,-84],[0,-84],[0,-85],[0,-84],[0,-84],[0,-85],[0,-84],[0,-85],[0,-84],[0,-84],[0,-85],[0,-84],[0,-84],[0,-85],[0,-84],[0,-85],[0,-84],[0,-84],[0,-85],[0,-84],[0,-84],[122,0],[0,-85],[0,-84],[0,-85],[123,0],[0,-84],[0,-84],[123,0],[0,-85],[0,-84],[123,0],[0,-84],[0,-85],[0,-84],[122,0],[0,-85],[0,-84],[123,0],[0,-84],[0,-85],[0,-84],[123,0],[0,-84],[0,-85],[122,0],[0,-84],[0,-85],[0,-84],[123,0],[0,-84],[0,-85],[123,0],[0,-84],[0,-84],[123,0],[0,-85],[0,-84],[0,-85],[122,0],[0,-84],[0,-84],[123,0],[0,-85],[0,-84],[0,-84],[123,0],[0,-85],[0,-84],[123,0],[0,-85],[0,-84],[122,0],[0,-84],[0,-85],[0,-84],[123,0],[0,-84],[0,-85],[123,0],[0,-84],[0,-85],[0,-84],[122,0],[0,-84],[0,-85],[123,0],[0,-84],[0,-84],[0,-85],[123,0],[0,-84],[0,-85],[123,0],[0,-84],[0,-84],[122,0],[0,-85],[0,-84],[0,-84],[123,0],[0,-85],[0,-84],[123,0],[0,-85],[0,-84],[0,-84],[123,0],[0,-85],[0,-84],[122,0],[0,-84],[0,-85],[123,0],[0,-84],[0,-85],[0,-84],[123,0],[0,-84],[0,-85],[122,0],[0,-84],[0,-84],[123,0],[0,-85],[0,-84],[0,-85],[123,0],[0,-84],[0,-84],[123,0],[0,-85],[0,-84],[0,-84],[122,0],[0,-85],[0,-84],[0,-85],[123,0],[0,-84],[0,-84],[123,0],[0,-85],[0,-84],[0,-84],[123,0],[0,-85],[0,-84],[0,-85],[122,0],[0,-84],[0,-84],[123,0],[0,-85],[0,-84],[0,-84],[0,-85],[0,-84],[0,-85],[0,-84],[0,-84],[0,-85],[0,-84],[0,-84],[0,-85],[0,-84],[0,-85],[0,-84],[0,-84],[0,-85],[0,-84],[0,-84],[0,-85],[0,-84],[0,-85],[0,-84],[0,-84],[0,-85],[0,-84],[0,-84],[0,-85],[0,-84],[0,-85],[0,-84],[0,-84],[0,-85],[0,-84],[0,-84],[0,-85],[0,-84],[0,-85],[0,-84],[0,-84],[0,-85],[0,-84],[0,-84],[0,-85],[0,-84],[0,-85],[0,-84],[0,-84],[0,-85],[0,-84],[0,-84],[0,-85],[0,-84],[0,-85],[0,-84],[0,-84],[0,-85],[0,-84],[0,-84],[0,-85],[0,-84],[0,-85],[0,-84],[0,-84],[0,-85],[0,-84],[0,-84],[0,-85],[0,-84],[0,-85],[0,-84],[0,-84],[0,-85],[0,-84],[0,-84],[0,-85],[0,-84],[0,-85],[0,-84],[0,-84],[0,-85],[0,-84],[0,-84],[0,-85],[0,-84],[0,-85],[0,-84],[0,-84],[0,-85],[0,-84],[0,-84],[0,-85],[0,-84],[0,-85],[0,-84],[0,-84],[0,-85],[0,-84],[0,-84],[0,-85],[0,-84],[0,-85],[0,-84],[0,-84],[0,-85],[0,-84],[0,-84],[0,-85],[0,-84],[0,-85],[0,-84],[0,-84],[0,-85],[0,-84],[0,-84],[0,-85],[0,-84],[0,-85],[0,-84],[0,-84],[0,-85],[0,-84],[0,-84],[0,-85],[0,-84],[-123,0],[0,-85],[0,-84],[0,-84],[0,-85],[0,-84],[0,-84],[0,-85],[0,-84],[0,-85],[0,-84],[0,-84],[0,-85],[0,-84],[0,-84],[0,-85],[0,-84],[0,-85],[0,-84],[0,-84],[0,-85],[0,-84],[0,-84],[0,-85],[0,-84],[0,-85],[0,-84],[0,-84],[0,-85],[0,-84],[0,-84],[0,-85],[0,-84],[0,-85],[0,-84],[0,-84],[0,-85],[0,-84],[0,-84],[0,-85],[0,-84],[0,-85],[0,-84],[0,-84],[0,-85],[0,-84],[0,-84],[0,-85],[0,-84],[0,-85],[0,-84],[0,-84],[0,-85],[0,-84],[0,-84],[0,-85],[0,-84],[0,-85],[0,-84],[0,-84],[0,-85],[0,-84],[0,-84],[0,-85],[0,-84],[0,-85],[0,-84],[0,-84],[0,-85],[0,-84],[0,-84],[0,-85],[0,-84],[0,-85],[0,-84],[0,-84],[0,-85],[0,-84],[0,-85],[0,-84],[0,-84],[0,-85],[0,-84],[0,-84],[0,-85],[0,-84],[0,-85],[0,-84],[0,-84],[0,-85],[0,-84],[0,-84],[0,-85],[0,-84],[0,-85],[0,-84],[0,-84],[0,-85],[0,-84],[0,-84],[0,-85],[0,-84],[0,-85],[0,-84],[0,-84],[0,-85],[0,-84],[0,-84],[0,-85],[0,-84],[0,-85],[0,-84],[0,-84],[0,-85],[0,-84],[0,-84],[0,-85],[0,-84],[0,-85],[0,-84],[0,-84],[0,-85],[0,-84],[-122,0],[-123,0],[-123,0],[-123,0],[-122,0],[-123,0],[-123,0],[-123,0],[-122,0],[-123,0],[0,84],[-123,0],[0,85],[-122,0],[0,84],[-123,0],[0,84],[-123,0],[0,85],[0,84],[-123,0],[0,85],[0,84],[0,84],[-122,0],[0,85],[0,84],[-123,0],[0,84],[-123,0],[0,85],[0,84],[-123,0],[0,85],[0,84],[0,84],[0,85],[0,84],[0,84],[-122,0],[0,85],[0,84],[-123,0],[0,85],[0,84],[0,84],[-123,0],[0,85],[-122,0],[0,84],[-123,0],[-123,0],[0,84],[-123,0],[-122,0],[-123,0],[-123,0],[-123,0],[-122,0],[-123,0],[0,-84],[-123,0],[-122,0],[-123,0],[-123,0],[0,-84],[-123,0],[-122,0],[-123,0],[0,-85],[-123,0],[-123,0],[-122,0],[-123,0],[-123,0],[-123,0],[0,-84],[-122,0],[-123,0],[0,-84],[-123,0],[-122,0],[0,-85],[-123,0],[0,-84],[0,-85],[-123,0],[0,-84],[-123,0],[-122,0],[0,-84],[-123,0],[-123,0],[-123,0],[-122,0],[0,-85],[-123,0],[-123,0],[-122,0],[-123,0],[0,85],[-123,0],[-123,0],[-122,0],[-123,0],[0,84],[-123,0],[0,84],[-123,0],[0,85],[0,84],[-122,0],[0,85],[-123,0],[0,84],[-123,0],[0,84],[-122,0],[0,85],[-123,0],[-123,0],[-123,0],[-122,0],[0,84],[-123,0],[0,-84],[-123,0],[-123,0],[-122,0],[-123,0],[-123,0],[-122,0],[-123,0],[0,-85],[-123,0]],[[105301,33328],[0,-84],[123,0],[0,-85],[0,-84],[0,-84],[122,0],[0,-85],[0,-84],[0,-84],[0,-85],[0,-84],[0,-85],[0,-84],[0,-84],[-122,0],[0,-85],[0,-84],[0,-84],[0,-85],[-123,0],[0,-84],[0,-85],[0,-84],[0,-84],[0,-85],[0,-84],[0,-84],[0,-85],[0,-84],[0,-85],[0,-84],[-123,0],[0,-84],[0,-85],[0,-84],[0,-84],[0,-85],[0,-84],[0,-85],[0,-84],[-123,0],[0,-84],[0,-85],[0,-84],[0,-84],[-122,0],[0,-85],[0,-84],[0,-85],[0,-84],[0,-84],[0,-85],[-123,0],[0,-84],[0,-84],[0,-85],[0,-84],[0,-85],[0,-84],[-123,0],[0,-84],[0,-85],[0,-84],[0,-84],[0,-85],[-122,0],[0,-84],[0,-85],[0,-84],[0,-84],[0,-85],[-123,0],[0,-84],[0,-84],[0,-85],[0,-84],[0,-85],[0,-84],[0,-84],[-123,0],[0,-85],[0,-84],[0,-84],[0,-85],[0,-84],[0,-85],[0,-84],[-123,0],[0,-84],[0,-85],[0,-84],[0,-84],[0,-85],[0,-84],[0,-85],[0,-84],[-122,0],[0,-84],[0,-85],[0,-84],[0,-84],[0,-85],[0,-84],[0,-85],[0,-84],[0,-84],[122,0],[0,-85],[0,-84],[0,-84],[0,-85],[0,-84],[0,-85],[0,-84],[0,-84],[0,-85],[0,-84],[0,-84],[0,-85],[-122,0],[0,-84],[0,-85],[0,-84],[0,-84],[0,-85],[-123,0],[0,-84],[0,-84],[0,-85],[0,-84],[0,-85],[0,-84],[-123,0],[0,-84],[0,-85],[0,-84],[0,-84],[-123,0],[0,-85],[0,-84],[0,-85],[0,-84],[0,-84],[-122,0],[0,-85],[0,-84],[0,-84],[0,-85],[0,-84],[0,-85],[0,-84],[-123,0],[0,-84],[0,-85],[0,-84],[0,-84],[0,-85],[0,-84],[-123,0],[0,-85],[0,-84],[0,-84],[0,-85],[-122,0],[0,-84],[0,-84],[0,-85],[0,-84],[0,-85],[-123,0],[0,-84],[0,-84],[0,-85],[0,-84],[-123,0],[0,-84],[0,-85],[0,-84],[0,-85],[0,-84],[0,-84],[0,-85],[0,-84],[-123,0],[0,-84],[0,-85],[0,-84],[0,-85],[0,-84],[0,-84],[0,-85],[0,-84],[0,-84],[-122,0],[0,-85],[0,-84],[0,-85],[0,-84],[0,-84],[0,-85],[0,-84],[0,-84],[0,-85],[0,-84],[0,-85],[0,-84],[0,-84],[0,-85],[0,-84],[-123,0],[0,-84],[0,-85],[0,-84],[0,-85],[0,-84],[0,-84],[0,-85],[0,-84],[0,-84],[0,-85],[0,-84],[0,-85],[0,-84],[0,-84],[0,-85],[-123,0],[0,-84],[0,-84],[0,-85],[0,-84],[0,-85],[0,-84],[0,-84],[0,-85],[0,-84],[0,-84],[0,-85],[0,-84],[0,-85],[0,-84],[0,-84],[0,-85],[-123,0],[0,-84],[0,-84],[0,-85],[0,-84],[0,-85],[0,-84],[0,-84],[0,-85],[0,-84],[-122,0],[0,-84],[0,-85],[0,-84],[0,-85],[0,-84],[0,-84],[0,-85],[-123,0],[0,-84],[0,-84],[0,-85],[0,-84],[0,-85],[0,-84],[-123,0],[0,-84],[0,-85],[0,-84],[0,-84],[0,-85],[0,-84],[0,-85],[0,-84],[-122,0],[0,-84],[0,-85],[0,-84],[0,-84],[0,-85],[0,-84],[0,-85],[0,-84],[0,-84],[0,-85],[0,-84],[0,-84],[0,-85],[0,-84],[0,-85],[0,-84],[-123,0],[0,-84],[0,-85],[0,-84],[0,-84],[0,-85],[0,-84],[0,-85],[0,-84],[0,-84],[0,-85],[0,-84],[0,-84],[0,-85],[123,0],[0,-84],[0,-85],[0,-84],[0,-84],[0,-85],[0,-84],[0,-84],[0,-85],[0,-84],[0,-85],[0,-84],[0,-84],[0,-85],[0,-84],[0,-84],[0,-85],[0,-84],[0,-85],[0,-84],[0,-84],[0,-85],[0,-84],[0,-84],[0,-85],[0,-84],[0,-85],[0,-84],[0,-84],[122,0],[0,-85],[0,-84],[0,-84],[0,-85],[0,-84],[0,-85],[0,-84],[0,-84],[0,-85],[0,-84],[0,-84],[0,-85],[0,-84],[0,-85],[0,-84],[0,-84],[0,-85],[0,-84],[0,-84],[0,-85],[0,-84],[0,-85],[0,-84],[0,-84],[0,-85],[0,-84],[0,-84],[0,-85],[0,-84],[0,-85],[0,-84],[0,-84],[0,-85],[0,-84],[0,-84],[0,-85],[0,-84],[0,-85],[0,-84],[0,-84],[0,-85],[0,-84],[0,-84],[0,-85],[0,-84],[0,-85],[0,-84],[0,-84],[0,-85],[0,-84],[0,-84],[0,-85],[0,-84],[0,-85],[0,-84],[0,-84],[0,-85],[0,-84],[0,-84],[0,-85],[0,-84],[0,-85],[0,-84],[0,-84],[0,-85],[0,-84],[0,-84],[0,-85],[0,-84],[0,-85],[-122,0],[0,-84],[0,-84],[0,-85],[0,-84],[0,-84],[0,-85],[0,-84],[0,-85],[0,-84],[0,-84],[0,-85],[0,-84],[0,-84],[0,-85],[0,-84],[0,-85],[0,-84],[0,-84],[0,-85],[0,-84],[0,-84],[0,-85],[0,-84],[0,-85],[0,-84],[-123,0],[-123,0],[-123,0],[-122,0],[-123,0],[-123,0],[-123,0],[-122,0],[-123,0],[-123,0],[-122,0]],[[73514,96610],[123,0],[123,0],[0,-85],[122,0],[0,-84],[123,0],[123,0],[0,-84],[123,0],[0,-85],[122,0],[0,-84],[123,0],[123,0],[0,-85],[123,0],[0,-84],[122,0],[123,0],[0,-84],[123,0],[0,-85],[122,0],[0,-84],[123,0],[123,0],[0,-84],[123,0],[0,-85],[122,0],[0,-84],[123,0],[123,0],[0,-85],[123,0],[0,-84],[122,0],[123,0],[0,-84],[123,0],[0,-85],[122,0],[0,-84],[123,0],[123,0],[0,-84],[123,0],[122,0],[0,-85],[123,0],[123,0],[0,-84],[123,0],[0,-85],[122,0],[123,0],[0,-84],[123,0],[0,-84],[122,0],[0,-85],[123,0],[123,0],[0,-84],[123,0],[122,0],[0,-84],[123,0],[0,-85],[123,0],[123,0],[0,-84],[122,0],[0,-85],[123,0],[0,-84],[123,0],[123,0],[0,-84],[122,0],[0,-85],[123,0],[123,0],[0,-84],[122,0],[0,-84],[123,0],[0,-85],[123,0],[0,-84],[123,0],[122,0],[0,-85],[123,0],[0,-84],[123,0],[123,0],[0,-84],[122,0],[123,0],[0,-85],[123,0],[0,-84],[122,0],[123,0],[0,-84],[123,0],[123,0],[0,-85],[122,0],[0,-84],[123,0],[0,-85],[123,0],[123,0],[0,-84],[122,0],[0,-84],[123,0],[123,0],[0,-85],[122,0],[0,-84],[123,0],[0,-84],[123,0],[123,0],[0,-85],[122,0],[123,0],[0,-84],[123,0],[0,-85],[123,0],[0,-84],[122,0],[123,0],[0,-84],[123,0],[0,-85],[122,0],[0,-84],[123,0],[0,-84],[123,0],[0,-85],[123,0],[122,0],[0,-84],[123,0],[0,-85],[123,0],[123,0],[122,0],[0,-84],[123,0],[123,0],[0,-84],[122,0],[0,-85],[123,0],[0,-84],[123,0],[123,0],[0,-84],[122,0],[0,-85],[123,0],[123,0],[0,-84],[123,0],[0,-85],[122,0],[0,-84],[123,0],[123,0],[0,-84],[122,0],[123,0],[0,-85],[123,0],[0,-84],[123,0],[0,-84],[122,0],[0,-85],[123,0],[123,0],[0,-84],[123,0],[0,-85],[122,0],[123,0],[0,-84],[123,0],[0,-84],[122,0],[0,-85],[123,0],[123,0],[0,-84],[123,0],[0,-84],[122,0],[123,0],[0,-85],[123,0],[0,-84],[123,0],[122,0]],[[83946,15188],[0,-85],[-123,0],[0,-84],[0,-85],[0,-84],[0,-84],[0,-85],[0,-84],[-122,0],[0,-84],[-123,0],[0,-85],[0,-84],[0,-85],[-123,0],[0,-84],[0,-84],[0,-85],[0,-84],[123,0],[0,-84],[-123,0],[0,-85],[0,-84],[0,-85],[-122,0],[0,-84],[0,-84],[0,-85],[0,-84],[-123,0],[0,-84],[0,-85],[0,-84],[0,-85],[0,-84],[0,-84],[123,0],[0,-85],[0,-84],[0,-84],[0,-85],[122,0],[0,-84],[0,-85],[0,-84],[0,-84],[0,-85],[0,-84],[-122,0],[0,-84],[0,-85],[0,-84],[-123,0],[0,-85],[-123,0],[0,-84],[0,-84],[0,-85],[-123,0],[0,-84],[0,-84],[0,-85],[123,0],[0,-84],[0,-85],[0,-84],[0,-84],[0,-85],[123,0],[0,-84],[0,-84],[0,-85],[0,-84],[0,-85],[0,-84],[0,-84],[0,-85],[123,0],[0,-84],[0,-84],[0,-85],[-123,0],[0,-84],[-123,0],[0,84],[-123,0],[-122,0],[-123,0],[0,85],[-123,0],[-123,0],[-122,0],[-123,0],[0,-85],[-123,0],[0,-84],[0,-85],[0,-84],[-122,0],[0,-84],[0,-85],[0,-84],[0,-84],[0,-85],[0,-84],[-123,0],[0,-85],[0,-84],[0,-84],[0,-85],[0,-84],[0,-84],[0,-85],[0,-84],[0,-85],[0,-84],[0,-84],[0,-85],[0,-84],[0,-84],[0,-85],[0,-84],[123,0],[0,-85],[0,-84],[0,-84],[0,-85],[122,0],[0,-84],[123,0],[0,-84],[123,0],[0,-85],[122,0],[0,-84],[123,0],[0,-85],[0,-84],[123,0],[0,-84],[0,-85],[0,-84],[0,-84],[0,-85],[0,-84],[0,-85],[-123,0],[0,-84],[0,-84],[0,-85],[-123,0],[0,-84],[-122,0],[0,-84],[0,-85],[0,-84],[0,-85],[0,-84],[0,-84],[122,0],[0,-85],[123,0],[0,-84],[0,-84],[123,0],[0,-85],[0,-84],[123,0],[0,-85],[122,0],[0,-84],[0,-84],[123,0],[0,-85],[0,-84],[0,-84],[123,0],[0,-85],[0,-84],[123,0],[0,-85],[0,-84],[122,0],[0,-84],[0,-85],[-122,0],[0,-84],[-123,0],[-123,0],[0,-84],[-123,0],[0,-85],[-122,0],[0,-84],[0,-85],[-123,0],[0,-84],[0,-84],[-123,0],[0,-85],[0,-84],[0,-84],[0,-85],[0,-84],[0,-85],[0,-84],[0,-84],[0,-85],[0,-84],[0,-84],[0,-85],[0,-84],[0,-85],[0,-84],[0,-84],[0,-85],[0,-84],[0,-84],[0,-85],[-123,0],[0,-84],[0,-85],[0,-84],[0,-84],[0,-85],[0,-84],[0,-84],[0,-85],[0,-84],[0,-85],[0,-84],[0,-84],[0,-85],[0,-84],[-122,0],[0,-84],[0,-85],[0,-84]],[[82351,169],[-123,0],[-123,0],[-122,0],[-123,0],[-123,0],[-123,0],[-122,0],[-123,0],[-123,0],[-123,0],[-122,0],[-123,0],[-123,0],[-122,0],[-123,0],[-123,0],[-123,0],[-122,0],[-123,0],[-123,0],[-123,0],[-122,0],[-123,0],[-123,0],[-122,0],[-123,0],[-123,0],[-123,0],[-122,0],[-123,0],[-123,0],[-123,0],[-122,0],[-123,0],[-123,0],[-123,0],[-122,0],[-123,0],[-123,0],[-122,0],[-123,0],[-123,0],[-123,0],[-122,0],[-123,0],[-123,0],[-123,0],[-122,0],[-123,0],[-123,0],[-122,0],[-123,0],[-123,0],[-123,0],[-122,0],[-123,0],[-123,0],[-123,0],[-122,0],[-123,0],[-123,0],[-122,0],[-123,0],[-123,0],[-123,0],[-122,0],[-123,0],[-123,0],[-123,0],[-122,0],[-123,0],[-123,0],[-122,0],[-123,0],[-123,0],[-123,0],[-122,0],[-123,0],[-123,0],[-123,0],[0,84],[-122,0],[-123,0],[-123,0],[-122,0],[-123,0],[-123,0],[-123,0],[-122,0],[-123,0],[-123,0],[-123,0],[-122,0],[-123,0],[-123,0],[-122,0],[-123,0],[-123,0],[-123,0],[-122,0],[-123,0],[-123,0],[-123,0],[-122,0],[-123,0],[-123,0],[-122,0],[-123,0],[-123,0],[-123,0],[-122,0],[-123,0],[-123,0],[-123,0],[-122,0],[-123,0],[-123,0],[-123,0]],[[67991,253],[0,85],[0,84],[0,84],[-122,0],[0,85],[0,84],[-123,0],[0,84],[-123,0],[0,85],[0,84],[0,85],[0,84],[-122,0],[0,84],[0,85],[-123,0],[0,84],[0,84],[-123,0],[0,85],[-123,0],[0,84],[0,85],[-122,0],[0,84],[0,84],[0,85],[0,84],[0,84],[0,85],[0,84],[-123,0],[0,85],[0,84],[0,84],[0,85],[-123,0],[0,84],[0,84],[0,85],[0,84],[0,85],[0,84],[0,84],[123,0],[0,85],[0,84],[0,84],[123,0],[122,0],[0,85],[123,0],[0,84],[123,0],[123,0],[122,0],[123,0],[123,0],[0,85],[122,0],[123,0],[123,0],[123,0],[122,0],[0,-85],[123,0],[0,-84],[123,0],[0,-85],[123,0],[0,-84],[122,0],[0,-84],[123,0],[123,0],[0,-85],[123,0],[122,0],[123,0],[123,0],[122,0],[0,85],[123,0],[123,0],[0,84],[123,0],[0,84],[122,0],[123,0],[0,85],[0,84],[0,85],[123,0],[123,0],[122,0],[123,0],[0,-85],[123,0],[0,-84],[122,0],[0,-85],[123,0],[123,0],[0,85],[123,0],[0,84],[122,0],[0,85],[0,84],[0,84],[123,0],[0,85],[0,84],[0,84],[0,85],[123,0],[0,84],[0,85],[0,84],[0,84],[0,85],[0,84],[0,84],[123,0],[0,85],[0,84],[0,85],[0,84],[0,84],[0,85],[0,84],[0,84],[0,85],[0,84],[0,85],[0,84],[0,84],[0,85],[0,84],[0,84],[0,85],[0,84],[0,85],[0,84],[0,84],[0,85],[0,84],[0,84],[-123,0],[0,85],[0,84],[0,85],[0,84],[-123,0],[0,84],[0,85],[0,84],[0,84],[0,85],[123,0],[0,84],[0,85],[123,0],[0,84],[122,0],[0,84],[0,85],[0,84],[0,84],[0,85],[-122,0],[0,84],[0,85],[-123,0],[0,84],[-123,0],[0,84],[-123,0],[0,85],[0,84],[0,84],[123,0],[0,85],[0,84],[123,0],[0,85],[0,84],[123,0],[0,84],[0,85],[122,0],[0,84],[0,84],[123,0],[0,85],[0,84],[123,0],[0,85],[0,84],[122,0],[0,84],[0,85],[123,0],[0,84],[0,84],[0,85],[0,84],[0,85],[0,84],[0,84],[0,85],[0,84],[0,84],[0,85],[-123,0],[0,84],[0,85],[-122,0],[0,84],[-123,0],[0,84],[-123,0],[0,85],[-122,0],[0,84],[-123,0],[-123,0],[0,84],[-123,0],[0,85],[-122,0],[0,84],[-123,0],[0,85],[-123,0],[0,84],[0,84],[0,85],[123,0],[0,84],[0,84],[123,0],[0,85],[122,0],[0,84],[123,0],[0,85],[0,84],[123,0],[123,0],[0,84],[0,85],[122,0],[0,84],[123,0],[0,84],[0,85],[0,84],[123,0],[0,85],[0,84],[0,84],[0,85],[122,0],[0,84],[0,84],[0,85],[0,84],[0,85],[0,84],[0,84],[123,0],[0,85],[0,84],[0,84],[0,85],[0,84],[0,85],[0,84],[0,84],[0,85],[0,84],[0,84],[0,85],[0,84],[0,85],[0,84],[0,84],[0,85],[0,84],[-123,0],[0,84],[0,85],[0,84],[0,85],[0,84],[0,84],[0,85],[0,84],[0,84],[0,85],[0,84],[0,85],[0,84],[0,84],[-122,0],[0,85],[0,84],[-123,0],[0,84],[0,85],[0,84],[-123,0],[0,85],[0,84],[-122,0],[0,84],[-123,0],[0,85],[-123,0],[0,84],[-123,0],[0,84],[0,85],[-122,0],[0,84],[0,85],[0,84],[0,84],[0,85],[0,84],[0,84],[0,85],[0,84],[0,85],[0,84],[0,84],[-123,0],[0,85],[0,84],[0,84],[0,85],[0,84],[0,85],[0,84],[123,0],[122,0],[0,84],[123,0],[0,85],[123,0],[0,84],[123,0],[0,84],[122,0],[123,0],[0,85],[123,0],[0,84],[0,85],[122,0],[0,84],[0,84],[0,85],[-122,0],[0,84],[0,84],[0,85],[0,84],[-123,0],[0,85],[0,84],[0,84],[0,85],[-123,0],[0,84],[-122,0],[0,84],[-123,0],[0,85],[-123,0],[0,84],[-123,0],[0,85],[-122,0],[-123,0],[0,84],[-123,0],[0,84],[0,85],[0,84],[123,0],[123,0],[0,84],[122,0],[0,85],[0,84],[123,0],[0,85],[123,0],[0,84],[0,84],[0,85],[0,84],[-123,0],[0,84],[-123,0],[0,85],[-122,0],[0,84],[-123,0],[0,85],[-123,0],[-123,0],[0,84],[-122,0],[-123,0],[0,84],[-123,0],[-122,0],[0,85],[-123,0],[-123,0],[0,84],[-123,0],[-122,0],[-123,0],[0,84],[-123,0],[-123,0],[0,85],[-122,0],[-123,0],[0,84],[0,85],[0,84],[0,84],[123,0],[0,85],[0,84],[122,0],[0,84],[0,85],[123,0],[0,84],[0,85],[0,84],[0,84],[0,85],[0,84],[-123,0],[0,84],[-122,0],[0,85],[0,84],[-123,0],[-123,0],[0,85],[-122,0],[0,84],[-123,0],[-123,0],[0,84],[-123,0],[-122,0],[-123,0],[-123,0],[-123,0],[0,85],[-122,0],[-123,0],[-123,0],[0,84],[-123,0],[-122,0],[0,84],[-123,0],[0,85],[0,84],[-123,0],[0,85],[123,0],[0,84],[0,84],[123,0],[0,85],[0,84],[122,0],[0,84],[123,0],[0,85],[123,0],[123,0],[0,84],[122,0],[123,0],[123,0],[0,85],[123,0],[122,0],[0,84],[123,0],[0,84],[123,0],[0,85],[0,84],[123,0],[122,0],[0,84],[0,85],[123,0],[0,84],[123,0],[122,0],[0,85],[123,0],[123,0],[0,84],[123,0],[0,84],[122,0],[123,0],[0,85],[123,0],[0,84],[123,0],[0,84],[0,85],[0,84],[122,0],[0,85],[0,84],[-122,0],[0,84],[0,85],[0,84],[0,84],[0,85],[-123,0],[0,84],[0,85],[0,84],[-123,0],[-123,0],[0,84],[0,85],[-122,0],[0,84],[-123,0],[0,84],[-123,0],[-123,0],[0,85],[-122,0],[0,84],[-123,0],[-123,0],[-122,0],[0,85],[-123,0],[-123,0],[-123,0],[-122,0],[-123,0],[-123,0],[-123,0],[-122,0],[-123,0],[-123,0],[-123,0],[-122,0],[-123,0],[-123,0],[-122,0],[0,84],[0,84],[-123,0],[0,85],[-123,0],[0,84],[0,84],[0,85],[0,84],[0,85],[0,84],[0,84],[0,85],[123,0],[0,84],[0,84],[0,85],[0,84],[0,85],[0,84],[0,84],[0,85],[0,84],[-123,0],[0,84],[0,85],[-123,0],[0,84],[-122,0],[0,85],[-123,0],[-123,0],[-123,0],[-122,0],[-123,0],[-123,0],[-122,0],[0,-85],[-123,0],[0,-84],[-123,0],[0,-85],[0,-84],[0,-84],[0,-85],[-123,0],[0,-84],[0,-84],[0,-85],[-122,0],[0,-84],[0,-85],[0,-84],[0,-84],[0,-85],[-123,0],[0,-84],[0,-84],[-123,0],[0,-85],[0,-84],[-123,0],[0,-85],[-122,0],[-123,0],[-123,0],[-122,0],[-123,0],[0,85],[-123,0],[0,84],[-123,0],[0,85],[0,84],[0,84],[0,85],[0,84],[-122,0],[0,84],[0,85],[0,84],[0,85],[-123,0],[0,84],[0,84],[0,85],[-123,0],[0,84],[0,84]],[[64064,30459],[123,0],[0,85],[0,84],[123,0],[0,85],[0,84],[0,84],[122,0],[0,85],[0,84],[0,84],[123,0],[0,85],[0,84],[123,0],[0,85],[0,84],[0,84],[123,0],[0,85],[0,84],[0,84],[122,0],[0,85],[0,84],[0,85],[123,0],[0,84],[0,84],[123,0],[0,85],[0,84],[122,0],[0,84],[123,0],[123,0],[0,85],[123,0],[0,84],[122,0],[0,85],[123,0],[123,0],[0,84],[123,0],[0,84],[122,0],[123,0],[0,85],[123,0],[0,84],[122,0],[0,84],[123,0],[0,85],[0,84],[123,0],[0,85],[123,0],[0,84],[0,84],[122,0],[0,85],[0,84],[123,0],[0,84],[0,85],[0,84],[123,0],[0,85],[0,84],[0,84],[0,85],[123,0],[0,84],[0,84],[122,0],[0,85],[0,84],[0,85],[0,84],[123,0],[0,84],[0,85],[123,0],[0,84],[0,84],[0,85],[-123,0],[0,84],[0,85],[0,84],[0,84],[-123,0],[0,85],[0,84],[0,85],[0,84],[-122,0],[0,84],[0,85],[0,84],[0,84],[0,85],[0,84],[0,85],[122,0],[0,84],[0,84],[0,85],[0,84],[123,0],[0,84],[0,85],[0,84],[0,85],[0,84],[0,84],[0,85],[0,84],[0,84],[0,85],[-123,0],[0,84],[0,85],[0,84],[-122,0],[0,84],[0,85],[0,84],[0,84],[0,85],[-123,0],[0,84],[0,85],[0,84],[-123,0],[0,84],[0,85],[0,84],[0,84],[0,85],[0,84],[0,85],[0,84],[0,84],[0,85],[0,84],[0,84],[0,85],[0,84],[0,85],[0,84],[0,84],[0,85],[-123,0],[0,84],[0,84],[0,85],[0,84],[0,85],[0,84],[0,84],[0,85],[-122,0],[0,84],[0,84],[0,85],[0,84]],[[67010,41175],[0,85],[0,84],[122,0],[0,84],[0,85],[123,0],[0,84],[0,84],[123,0],[0,85],[0,84],[123,0],[0,85],[0,84],[0,84],[122,0],[0,85],[0,84],[0,84],[0,85],[0,84],[0,85],[0,84],[-122,0],[0,84],[0,85],[0,84],[0,84],[0,85],[0,84],[0,85],[0,84],[-123,0],[0,84],[0,85],[0,84],[0,84]],[[67378,43706],[123,0],[0,85],[122,0],[0,84],[123,0],[0,85],[123,0],[0,84],[122,0],[0,84],[123,0],[0,85],[123,0],[0,84],[0,84],[0,85],[123,0],[0,84],[0,85],[122,0],[0,84],[0,84],[0,85],[123,0],[0,84],[0,84],[0,85],[0,84],[123,0],[0,85],[0,84],[0,84],[123,0],[0,85],[0,84],[0,84],[0,85],[0,84],[122,0],[0,85],[0,84],[0,84],[0,85],[0,84],[0,84],[0,85],[0,84],[0,85],[0,84],[0,84],[0,85],[0,84],[0,84],[0,85],[123,0],[0,84],[0,85],[0,84],[0,84],[-123,0],[0,85],[0,84],[123,0],[0,84],[0,85],[123,0],[123,0],[0,84],[122,0],[0,85],[0,84],[123,0],[0,84],[123,0],[122,0],[0,85],[0,84],[123,0],[0,84],[123,0],[0,85],[0,84],[0,85],[123,0],[0,84],[0,84],[122,0],[0,85],[0,84],[0,84],[0,85],[-122,0],[0,84],[0,85],[0,84]],[[70201,49444],[0,84],[0,85],[0,84],[0,84],[0,85],[122,0],[0,84],[0,85],[123,0],[0,84],[123,0],[123,0],[122,0],[0,84],[123,0],[0,85],[0,84],[0,84],[0,85],[0,84],[123,0],[0,85],[122,0],[0,84],[123,0],[0,84],[123,0],[0,85],[0,84],[0,84],[123,0],[0,85],[-123,0],[0,84],[0,85],[0,84],[0,84],[-123,0],[0,85],[0,84],[0,84],[0,85],[123,0],[123,0],[122,0],[123,0],[0,-85],[123,0],[123,0],[122,0],[0,-84],[123,0],[123,0],[0,-84],[122,0],[123,0],[0,-85],[123,0],[0,-84],[123,0],[0,-84],[122,0],[0,-85],[123,0],[0,-84],[123,0],[0,-85],[0,-84],[123,0],[0,-84],[0,-85],[0,-84],[0,-84],[0,-85],[0,-84],[-123,0],[0,-85],[0,-84],[-123,0],[0,-84],[0,-85],[-123,0],[0,-84],[-122,0],[0,-84],[0,-85],[0,-84],[-123,0],[0,-85],[0,-84],[-123,0],[0,-84],[-123,0],[0,-85],[0,-84],[0,-84],[-122,0],[0,-85],[0,-84],[0,-85],[0,-84],[0,-84],[0,-85],[0,-84],[122,0],[0,-84],[123,0],[0,-85],[0,-84],[123,0],[0,-85],[123,0],[0,-84],[122,0],[0,-84],[0,-85],[0,-84],[0,-84],[0,-85],[0,-84],[123,0],[0,-85],[123,0],[123,0],[0,-84],[122,0],[123,0],[123,0],[122,0],[0,84],[123,0],[123,0],[123,0],[0,-84],[122,0],[123,0],[0,-84],[123,0],[0,-85],[123,0],[122,0],[123,0],[0,-84],[123,0],[122,0],[123,0],[0,84],[0,85],[123,0],[0,84],[-123,0],[0,84],[123,0],[0,85],[0,84],[0,85],[-123,0],[0,84],[0,84],[-123,0],[0,85],[-122,0],[0,84],[0,84],[-123,0],[0,85],[0,84],[-123,0],[0,85],[0,84],[-122,0],[0,84],[0,85],[0,84],[0,84],[122,0],[0,85],[123,0],[123,0],[122,0],[0,-85],[123,0],[0,-84],[123,0],[0,-84],[123,0],[0,-85],[122,0],[0,-84],[123,0],[123,0],[0,-84],[123,0],[122,0],[0,-85],[123,0],[123,0],[0,85],[122,0],[0,84],[0,84],[123,0],[0,85],[0,84],[0,84],[0,85],[0,84],[123,0],[0,85],[123,0],[0,84],[122,0],[0,84],[0,85],[0,84],[0,84],[123,0],[0,85],[0,84],[0,85],[-123,0],[0,84],[0,84],[0,85],[0,84],[-122,0],[0,84],[-123,0],[-123,0],[0,85],[0,84],[-123,0],[-122,0],[0,85],[0,84],[-123,0],[-123,0],[0,84],[0,85],[-122,0],[0,84],[-123,0],[0,84],[-123,0],[0,85],[-123,0],[0,84],[-122,0],[0,85],[-123,0],[0,84],[-123,0],[0,84],[0,85],[0,84],[0,84],[123,0],[123,0],[122,0],[0,85],[123,0],[123,0],[123,0],[122,0],[0,84],[123,0],[123,0],[122,0],[0,85],[123,0],[0,84],[123,0],[0,84],[0,85],[0,84],[0,84],[0,85],[0,84],[0,85],[0,84],[0,84],[0,85],[0,84],[0,84],[-123,0],[0,85],[0,84],[0,85],[123,0],[0,84],[123,0],[122,0],[0,84],[123,0],[0,85],[123,0],[0,84],[123,0],[0,84],[122,0],[123,0],[0,85],[0,84],[0,85],[0,84],[0,84],[0,85],[0,84],[123,0],[0,84],[0,85],[122,0],[0,84],[0,85],[123,0],[0,84],[0,84],[0,85],[0,84],[-123,0],[0,84],[0,85],[0,84],[-122,0],[0,85],[0,84],[-123,0],[0,84],[0,85],[0,84],[-123,0],[0,84],[0,85],[-122,0],[0,84],[0,85],[-123,0],[0,84],[0,84],[-123,0],[-123,0],[0,85],[-122,0],[0,84],[-123,0],[0,84],[-123,0],[-123,0],[0,85],[0,84],[-122,0],[0,85],[122,0],[0,84],[123,0],[123,0],[123,0],[122,0],[123,0],[0,84],[123,0],[0,85],[0,84],[0,84],[-123,0],[0,85],[0,84],[-123,0],[-122,0],[0,85],[-123,0],[0,84],[-123,0],[0,84],[123,0],[0,85],[0,84],[123,0],[122,0],[0,84],[123,0],[123,0],[123,0],[122,0],[123,0],[123,0],[122,0],[123,0],[123,0],[0,85],[123,0],[0,84],[0,85],[122,0],[0,84],[0,84],[123,0],[0,85],[0,84],[0,84],[0,85],[0,84],[0,85],[0,84],[0,84],[0,85],[0,84],[0,84],[0,85],[-123,0],[0,84],[0,85],[0,84],[-122,0],[0,84],[0,85],[-123,0],[0,84],[-123,0],[0,84],[-123,0],[0,85],[-122,0],[-123,0],[0,84],[-123,0],[-122,0],[0,85],[-123,0],[0,84],[0,84],[0,85],[-123,0],[0,84],[-123,0],[0,84],[-122,0],[0,85],[-123,0],[-123,0],[-123,0],[-122,0],[-123,0],[-123,0],[-122,0],[-123,0],[-123,0],[-123,0],[0,84],[-122,0],[-123,0],[-123,0],[-123,0],[-122,0],[0,85],[-123,0],[0,84],[0,84],[123,0],[0,85],[0,84],[122,0],[0,84],[123,0],[0,85],[123,0],[0,84],[123,0],[122,0],[0,85],[123,0],[123,0],[0,84],[123,0],[122,0],[0,84],[123,0],[0,85],[123,0],[122,0],[0,84],[123,0],[123,0],[0,84],[123,0],[122,0],[0,85],[123,0],[0,84],[123,0],[0,85],[123,0],[0,84],[122,0],[0,84],[123,0],[123,0],[0,85],[122,0],[0,84],[0,84],[123,0],[0,85],[123,0],[0,84],[123,0],[0,85],[0,84],[122,0],[0,84],[123,0],[0,85],[0,84],[123,0],[0,84],[0,85],[0,84],[123,0],[0,85],[0,84],[122,0],[0,84],[-122,0],[0,85],[0,84],[0,84],[0,85],[-123,0],[0,84],[0,85],[-123,0],[0,84],[0,84],[-123,0],[0,85],[-122,0],[0,84],[0,84],[-123,0],[0,85],[0,84],[0,85],[-123,0],[0,84],[0,84],[0,85],[0,84],[-123,0],[0,84],[0,85],[0,84],[0,85],[0,84],[0,84],[123,0],[0,85],[0,84],[0,84],[0,85],[0,84],[123,0],[0,85],[0,84],[123,0],[0,84],[0,85],[0,84],[0,84],[0,85],[122,0],[0,84],[0,85],[0,84],[-122,0],[0,84],[0,85],[0,84],[0,84],[0,85],[-123,0],[0,84],[0,85],[-123,0],[0,84],[0,84],[0,85],[-123,0],[0,84],[0,84],[0,85],[0,84],[-122,0],[0,85],[-123,0],[0,84],[0,84],[0,85],[-123,0],[0,84],[-122,0],[-123,0],[-123,0],[-123,0],[0,-84],[-122,0],[0,-85],[-123,0],[0,-84],[-123,0],[0,-84],[0,-85],[-123,0],[0,-84],[-122,0],[0,-85],[0,-84],[0,-84],[-123,0],[0,-85],[0,-84],[0,-84],[-123,0],[0,-85],[0,-84],[0,-85],[-122,0],[0,-84],[0,-84],[-123,0],[0,-85],[-123,0],[-123,0],[0,-84],[-122,0],[0,-84],[-123,0],[0,-85],[0,-84],[0,-85],[-123,0],[0,-84],[0,-84],[-123,0],[0,-85],[0,-84],[-122,0],[-123,0],[-123,0],[-122,0],[0,-84],[-123,0],[-123,0],[0,-85],[-123,0],[0,-84],[-122,0],[0,-85],[-123,0],[0,-84],[-123,0],[-123,0],[-122,0],[-123,0],[-123,0],[-122,0],[-123,0],[0,-84],[-123,0],[-123,0],[0,-85],[-122,0],[0,-84],[-123,0],[0,-84],[-123,0],[0,-85],[0,-84],[-123,0],[0,-85],[-122,0],[0,-84],[-123,0],[0,-84],[-123,0],[0,-85],[-122,0],[0,-84],[0,-84],[-123,0],[0,-85],[0,-84],[-123,0],[0,-85],[-123,0],[-122,0],[0,-84],[-123,0],[0,-84],[-123,0],[0,-85],[-123,0],[0,-84],[-122,0],[-123,0],[-123,0],[0,-84],[-122,0],[-123,0],[-123,0],[-123,0],[-122,0],[-123,0],[-123,0],[0,84],[-123,0],[0,84],[0,85],[-122,0],[0,84],[0,84],[0,85],[0,84],[0,85],[0,84],[0,84],[0,85],[0,84],[122,0],[0,84],[123,0],[0,85],[123,0],[0,84],[123,0],[0,85],[122,0],[0,84],[0,84],[0,85],[0,84],[-122,0],[0,84],[-123,0],[0,85],[-123,0],[-123,0],[0,84],[-122,0],[-123,0],[0,85],[-123,0],[0,84],[0,84],[0,85],[0,84],[0,84],[123,0],[0,85],[0,84],[123,0],[0,85],[122,0],[0,84],[123,0],[0,84],[0,85],[123,0],[0,84],[123,0],[0,84],[122,0],[0,85],[0,84],[123,0],[123,0],[0,85],[123,0],[0,84],[122,0],[0,84],[123,0],[123,0],[122,0],[123,0],[0,85],[123,0],[123,0],[122,0],[123,0],[123,0],[123,0],[122,0],[123,0],[123,0],[122,0],[123,0],[0,-85],[123,0],[123,0],[0,85],[122,0],[0,84],[123,0],[0,84],[0,85],[0,84],[123,0],[0,85],[0,84],[0,84],[0,85],[123,0],[0,84],[0,84],[122,0],[0,85],[123,0],[0,84],[0,85],[123,0],[0,84],[122,0],[0,84],[123,0],[0,85],[123,0],[0,84],[0,84],[0,85],[-123,0],[0,84],[0,85],[-123,0],[0,84],[-122,0],[0,84],[-123,0],[-123,0],[0,85],[-122,0],[0,84],[-123,0],[-123,0],[0,84],[-123,0],[-122,0],[0,85],[-123,0],[0,84],[-123,0],[0,85],[-123,0],[0,84],[-122,0],[0,84],[-123,0],[0,85],[-123,0],[0,84],[0,85],[0,84],[0,84],[0,85],[0,84],[-122,0],[0,84],[0,85],[0,84],[122,0],[0,85],[-122,0],[0,84],[0,84],[0,85],[-123,0],[0,84],[0,84],[0,85],[123,0],[0,84],[122,0],[0,85],[123,0],[123,0],[122,0],[123,0],[123,0],[0,84],[123,0],[122,0],[0,84],[123,0],[123,0],[123,0],[0,85],[122,0],[123,0],[0,84],[123,0],[122,0],[123,0],[123,0],[123,0],[122,0],[123,0],[123,0],[123,0],[122,0],[123,0],[0,84],[123,0],[122,0],[123,0],[123,0],[123,0],[122,0],[0,85],[123,0],[0,84],[0,85],[123,0],[0,84],[0,84],[0,85],[0,84],[0,84],[0,85],[0,84],[0,85],[0,84],[0,84],[0,85],[-123,0],[0,84],[-123,0],[0,84],[-122,0],[0,85],[-123,0],[0,84],[-123,0],[-123,0],[0,85],[-122,0],[0,84],[0,84],[-123,0],[0,85],[-123,0],[0,84],[-122,0],[0,84],[-123,0],[-123,0],[-123,0],[0,-84],[-122,0],[-123,0],[-123,0],[-123,0],[-122,0],[-123,0],[-123,0],[-122,0],[-123,0],[-123,0],[0,-84],[-123,0],[0,-85],[-122,0],[-123,0],[0,-84],[-123,0],[-123,0],[0,-84],[-122,0],[-123,0],[-123,0],[-122,0],[-123,0],[-123,0],[-123,0],[-122,0],[-123,0],[-123,0],[-123,0],[-122,0],[-123,0],[-123,0],[-122,0],[-123,0],[-123,0],[-123,0],[-122,0],[-123,0],[0,-85],[-123,0],[-123,0],[0,85],[-122,0],[-123,0],[-123,0],[-122,0],[-123,0],[0,84],[-123,0],[-123,0],[-122,0],[0,84],[-123,0],[-123,0],[0,85],[-123,0],[-122,0],[0,84],[-123,0],[-123,0],[-123,0],[0,84],[0,85],[-122,0],[0,84],[0,85],[-123,0],[0,84],[0,84],[0,85],[-123,0],[0,84],[0,84],[-122,0],[0,85],[0,84],[-123,0],[0,85],[-123,0],[-123,0],[-122,0],[-123,0],[-123,0],[-123,0],[-122,0],[-123,0],[0,84],[-123,0],[0,84],[-122,0],[0,85],[0,84],[122,0],[0,84],[123,0],[0,85],[123,0],[122,0],[0,84],[123,0],[0,85],[123,0],[123,0],[122,0],[0,84],[123,0],[0,84],[123,0],[0,85],[0,84],[123,0],[0,84],[0,85],[0,84],[0,85],[0,84],[122,0],[123,0],[0,84],[123,0],[0,-84],[122,0],[123,0],[123,0],[0,-84],[123,0],[0,-85],[122,0],[123,0],[0,-84],[123,0],[123,0],[122,0],[123,0],[123,0],[0,84],[123,0],[122,0],[0,85],[123,0],[0,84],[0,84],[0,85],[0,84],[123,0],[0,84],[-123,0],[0,85],[0,84],[-123,0],[0,85],[0,84],[-122,0],[0,84],[0,85],[0,84],[0,84],[0,85],[0,84],[0,85],[0,84],[0,84],[122,0],[0,85],[0,84],[0,84],[123,0],[0,85],[0,84],[123,0],[0,85],[0,84],[122,0],[0,84],[0,85],[123,0],[0,84],[123,0],[0,84],[123,0],[122,0],[0,85],[123,0],[0,84],[123,0],[0,85],[123,0],[122,0],[0,84],[123,0],[123,0],[0,84],[122,0],[0,85],[123,0],[123,0],[123,0],[0,84],[122,0],[0,84],[0,85],[123,0],[0,84],[0,85],[0,84],[0,84],[0,85],[0,84],[0,84],[123,0],[0,85],[0,84],[123,0],[122,0],[123,0],[0,-84],[123,0],[0,-85],[122,0],[0,-84],[123,0],[0,-84],[123,0],[0,-85],[0,-84],[123,0],[0,-84],[122,0],[0,-85],[0,-84],[123,0],[0,-85],[123,0],[0,-84],[123,0],[0,-84],[0,-85],[0,-84],[122,0],[0,-84],[123,0],[0,-85],[0,-84],[123,0],[0,-85],[122,0],[123,0],[123,0],[0,85],[123,0],[0,84],[122,0],[0,85],[123,0],[0,84],[0,84],[123,0],[0,85],[123,0],[0,84],[122,0],[123,0],[123,0],[0,84],[122,0],[123,0],[0,85],[123,0],[123,0],[0,84],[122,0],[0,85],[0,84],[0,84],[0,85],[0,84],[0,84],[0,85],[-122,0],[0,84],[0,85],[-123,0],[0,84],[0,84],[-123,0],[0,85],[-123,0],[0,84],[0,84],[-122,0],[0,85],[-123,0],[0,84],[0,85],[-123,0],[0,84],[-122,0],[0,84],[-123,0],[0,85],[-123,0],[0,84],[0,84],[-123,0],[0,85],[0,84],[-122,0],[0,85],[0,84],[0,84],[-123,0],[0,85],[0,84],[0,84],[-123,0],[0,85],[0,84],[-123,0],[0,85],[0,84],[-122,0],[0,84],[0,85],[0,84],[-123,0],[0,84],[-123,0],[0,85],[-122,0],[0,84],[0,85],[-123,0],[0,84],[0,84],[-123,0],[0,85],[0,84],[0,84],[0,85],[-123,0],[0,84],[0,85],[-122,0],[0,84],[0,84],[-123,0],[-123,0],[0,85],[-123,0],[-122,0],[0,-85],[-123,0],[0,-84],[0,-84],[0,-85],[0,-84],[-123,0],[0,-85],[0,-84],[0,-84],[-122,0],[0,-85],[0,-84],[-123,0],[0,-84],[0,-85],[-123,0],[0,-84],[0,-85],[0,-84],[0,-84],[0,-85],[0,-84],[0,-84],[0,-85],[0,-84],[0,-85],[0,-84],[0,-84],[0,-85],[0,-84],[0,-84],[-123,0],[0,-85],[0,-84],[0,-85],[0,-84],[-122,0],[-123,0],[-123,0],[0,84],[-123,0],[-122,0],[0,85],[-123,0],[0,84],[-123,0],[0,85],[-122,0],[-123,0],[-123,0],[-123,0],[0,-85],[-122,0],[-123,0],[0,-84],[0,-85],[-123,0],[0,-84],[0,-84],[0,-85],[-123,0],[0,-84],[0,-84],[0,-85],[0,-84],[-122,0],[0,-85],[0,-84],[0,-84],[0,-85],[0,-84],[0,-84],[-123,0],[0,-85],[-123,0],[0,-84],[0,-85],[0,-84],[-122,0],[0,-84],[0,-85],[-123,0],[0,-84],[0,-84],[-123,0],[0,-85],[-123,0],[0,-84],[0,-85],[-122,0],[0,-84],[-123,0],[0,-84],[-123,0],[-123,0],[0,-85],[-122,0],[0,-84],[-123,0],[-123,0],[-123,0],[-122,0],[-123,0],[-123,0],[-122,0],[0,84],[-123,0],[-123,0],[0,85],[-123,0],[0,84],[-122,0],[0,84],[0,85],[-123,0],[0,84],[0,85],[0,84],[0,84],[0,85],[0,84],[0,84],[-123,0],[0,85],[0,84],[-123,0],[-122,0],[0,85],[-123,0],[0,84],[-123,0],[0,84],[-122,0],[-123,0],[0,85],[-123,0],[-123,0],[-122,0],[0,-85],[-123,0],[-123,0],[0,-84],[-123,0],[0,-84],[-122,0],[0,-85],[-123,0],[0,-84],[0,-85],[-123,0],[0,-84],[0,-84],[0,-85],[123,0],[0,-84],[0,-84],[0,-85],[0,-84],[0,-85],[0,-84],[-123,0],[0,-84],[0,-85],[-122,0],[0,-84],[-123,0],[0,-84],[0,-85],[-123,0],[0,-84],[-123,0],[0,-85],[-122,0],[-123,0],[-123,0],[-123,0],[-122,0],[-123,0],[-123,0],[0,85],[-122,0],[-123,0],[0,84],[-123,0],[0,85],[0,84],[-123,0],[0,84],[-122,0],[0,85],[-123,0],[0,84],[0,84],[0,85],[-123,0],[0,84],[-123,0],[0,85],[0,84],[-122,0],[0,84],[-123,0],[0,85],[0,84],[0,84],[123,0],[0,85],[0,84],[0,85],[122,0],[0,84],[0,84],[0,85],[123,0],[0,84],[123,0],[0,84],[123,0],[0,85],[122,0],[0,84],[0,85],[123,0],[0,84],[123,0],[123,0],[0,84],[122,0],[0,85],[123,0],[0,84],[123,0],[0,84],[122,0],[0,85],[123,0],[0,84],[0,85],[123,0],[0,84],[0,84],[0,85],[0,84],[0,84],[-123,0],[0,85],[-123,0],[-122,0],[0,84],[-123,0],[-123,0],[0,85],[-122,0],[0,84],[-123,0],[0,84],[-123,0],[0,85],[-123,0],[0,84],[0,84],[0,85],[0,84],[0,85],[0,84],[0,84],[0,85],[0,84],[0,84],[0,85],[0,84],[0,85],[0,84],[0,84],[0,85],[-122,0],[0,84],[-123,0],[0,84],[-123,0],[0,85],[0,84],[-123,0],[0,85],[-122,0],[0,84],[-123,0],[-123,0],[0,84],[0,85],[-122,0],[-123,0],[0,84],[-123,0],[0,84],[0,85],[0,84],[0,85],[123,0],[0,84],[0,84],[123,0],[0,85],[0,84],[0,84],[122,0],[0,85],[0,84],[123,0],[0,85],[0,84],[123,0],[0,84],[0,85],[122,0],[0,84],[0,84],[0,85],[0,84],[0,85],[0,84],[0,84],[0,85],[-122,0],[0,84],[0,84],[0,85],[0,84],[0,85],[0,84],[0,84],[0,85],[-123,0],[0,84],[0,84],[0,85],[0,84],[0,85],[0,84],[0,84],[0,85],[0,84],[0,84],[0,85],[0,84],[0,85],[0,84],[0,84],[0,85],[0,84],[0,84],[0,85],[0,84],[0,85],[-123,0],[0,84],[-122,0],[0,84],[-123,0],[0,85],[-123,0],[0,84],[0,84],[-123,0],[0,85],[-122,0],[0,84],[-123,0],[0,85],[0,84],[-123,0],[0,84],[-123,0],[0,85],[-122,0],[0,84],[-123,0],[0,84],[0,85],[-123,0],[0,84],[-122,0],[0,85],[-123,0],[0,84],[0,84],[-123,0],[0,85],[0,84],[0,84],[0,85],[-123,0],[0,84],[0,85],[-122,0],[0,84],[0,84],[-123,0],[0,85],[0,84],[0,84],[0,85],[-123,0],[0,84],[0,85],[0,84],[0,84],[0,85],[0,84],[0,84],[0,85],[0,84],[0,85],[0,84],[0,84],[123,0],[0,85],[0,84],[0,84],[123,0],[0,85],[0,84],[122,0],[0,85],[123,0],[0,84],[0,84],[123,0],[0,85],[123,0],[0,84],[122,0],[0,84],[0,85],[0,84],[123,0],[0,85],[0,84],[123,0],[0,84],[122,0],[0,85],[123,0],[123,0],[0,84],[0,84],[123,0],[122,0],[123,0],[0,85],[123,0],[0,84],[123,0],[0,85],[122,0],[0,84],[123,0],[0,84],[0,85],[123,0],[0,84],[0,84],[0,85],[122,0],[0,84],[0,85],[0,84],[0,84],[123,0],[0,85],[0,84],[0,84],[123,0],[0,85],[123,0],[122,0],[0,84],[123,0],[123,0],[0,-84],[123,0],[122,0],[123,0],[0,-85],[123,0],[0,-84],[122,0],[0,-84],[0,-85],[123,0],[123,0],[0,-84],[123,0],[0,-84],[0,-85],[122,0],[0,-84],[0,-85],[123,0],[0,-84],[123,0],[0,-84],[0,-85],[123,0],[0,-84],[122,0],[0,-84],[123,0],[0,-85],[0,-84],[123,0],[0,-85],[122,0],[0,-84],[123,0],[0,-84],[123,0],[0,-85],[123,0],[0,-84],[122,0],[0,-84],[0,-85],[123,0],[0,-84],[0,-85],[0,-84],[0,-84],[0,-85],[0,-84],[-123,0],[0,-84],[0,-85],[-122,0],[0,-84],[0,-85],[-123,0],[0,-84],[-123,0],[0,-84],[0,-85],[0,-84],[0,-84],[0,-85],[0,-84],[0,-85],[0,-84],[123,0],[0,-84],[0,-85],[0,-84],[0,-84],[123,0],[0,-85],[0,-84],[0,-85],[122,0],[0,-84],[123,0],[0,-84],[123,0],[123,0],[0,-85],[122,0],[123,0],[123,0],[122,0],[123,0],[123,0],[123,0],[0,85],[122,0],[123,0],[0,84],[123,0],[0,84],[0,85],[123,0],[0,84],[122,0],[0,85],[0,84],[0,84],[0,85],[0,84],[0,84],[123,0],[0,85],[0,84],[0,85],[0,84],[0,84],[0,85],[0,84],[-123,0],[0,84],[0,85],[-122,0],[0,84],[-123,0],[0,85],[0,84],[-123,0],[0,84],[0,85],[-123,0],[0,84],[-122,0],[0,84],[0,85],[0,84],[0,85],[0,84],[0,84],[0,85],[0,84],[0,84],[122,0],[0,85],[0,84],[0,85],[0,84],[0,84],[0,85],[0,84],[-122,0],[0,84],[0,85],[0,84],[-123,0],[0,85],[0,84],[-123,0],[0,84],[0,85],[-123,0],[0,84],[0,84],[-122,0],[0,85],[0,84],[0,85],[-123,0],[0,84],[0,84],[-123,0],[0,85],[0,84],[0,84],[0,85],[0,84],[123,0],[0,85],[123,0],[0,84],[0,84],[122,0],[123,0],[123,0],[123,0],[122,0],[123,0],[0,-84],[123,0],[0,-84],[123,0],[0,-85],[122,0],[123,0],[0,-84],[123,0],[0,-85],[122,0],[0,-84],[123,0],[0,-84],[123,0],[123,0],[0,-85],[122,0],[0,-84],[123,0],[0,-84],[123,0],[123,0],[122,0],[123,0],[123,0],[0,84],[123,0],[122,0],[0,84],[123,0],[0,85],[123,0],[122,0],[0,84],[123,0],[123,0],[0,-84],[123,0],[122,0],[0,-85],[0,-84],[0,-84],[123,0],[0,-85],[0,-84],[0,-85],[0,-84],[0,-84],[123,0],[0,-85],[0,-84],[0,-84],[0,-85],[123,0],[0,-84],[0,-85],[122,0],[0,-84],[123,0],[0,-84],[123,0],[0,-85],[122,0],[0,-84],[123,0],[0,-84],[0,-85],[123,0],[0,-84],[123,0],[0,-85],[122,0],[123,0],[0,-84],[123,0],[123,0],[122,0],[123,0],[0,84],[123,0],[0,85],[0,84],[0,85],[122,0],[0,84],[0,84],[0,85],[0,84],[0,84],[0,85],[-122,0],[0,84],[0,85],[0,84],[-123,0],[0,84],[0,85],[0,84],[-123,0],[0,84],[0,85],[0,84],[0,85],[123,0],[123,0],[122,0],[0,-85],[123,0],[123,0],[0,-84],[123,0],[122,0],[0,-85],[123,0],[123,0],[123,0],[0,85],[122,0],[0,84],[0,85],[-122,0],[0,84],[0,84],[0,85],[122,0]],[[77442,8859],[-123,0],[-123,0],[0,-84],[0,-84],[0,-85],[0,-84],[123,0],[0,-84],[123,0],[0,-85],[0,-84],[122,0],[0,-85],[0,-84],[0,-84],[0,-85],[0,-84],[0,-84],[0,-85],[123,0],[0,-84],[123,0],[122,0],[123,0],[0,-85],[123,0],[123,0],[122,0],[0,-84],[123,0],[0,-84],[0,-85],[123,0],[0,-84],[0,-84],[123,0],[0,-85],[122,0],[0,-84],[0,-85],[123,0],[123,0],[0,-84],[123,0],[122,0],[0,84],[123,0],[123,0],[0,85],[122,0],[0,84],[0,85],[123,0],[0,84],[0,84],[123,0],[0,85],[123,0],[0,84],[0,84],[122,0],[0,85],[0,84],[123,0],[0,85],[0,84],[0,84],[123,0],[0,85],[0,84],[0,84],[123,0],[0,85],[0,84],[122,0],[0,85],[0,84],[0,84],[0,85],[0,84],[0,84],[123,0],[0,85],[0,84],[-123,0],[0,85],[0,84],[0,84],[0,85],[-122,0],[0,84],[0,84],[-123,0],[-123,0],[-123,0],[0,-84],[-122,0],[0,-84],[-123,0],[0,-85],[-123,0],[0,-84],[-123,0],[0,-84],[-122,0],[-123,0],[-123,0],[-122,0],[-123,0],[-123,0],[0,-85],[-123,0],[-122,0],[0,-84],[-123,0],[-123,0],[-123,0],[-122,0],[-123,0],[-123,0],[-123,0],[-122,0],[-123,0],[-123,0],[0,-85],[-122,0]],[[56087,104963],[123,0],[0,-85],[122,0],[123,0],[0,-84],[123,0],[0,-84],[122,0],[123,0],[0,-85],[123,0],[0,-84],[123,0],[122,0],[0,-84],[123,0],[0,-85],[123,0],[123,0],[0,-84],[122,0],[0,-85],[123,0],[0,-84],[123,0],[123,0],[-1,-84],[123,0],[0,-85],[123,0],[0,-84],[123,0],[122,0],[0,-84],[123,0],[0,-85],[123,0],[0,-84],[123,0],[122,0],[0,-85],[123,0],[0,-84],[123,0],[123,0],[0,-84],[122,0],[0,-85],[123,0],[123,0],[0,-84],[122,0],[0,-84],[123,0],[123,0],[0,-85],[123,0],[0,-84],[122,0],[0,-85],[123,0],[123,0],[0,-84],[123,0],[0,-84],[122,0],[123,0],[0,-85],[123,0],[0,-84],[122,0],[0,-84],[123,0],[123,0],[0,-85],[123,0],[0,-84],[122,0],[123,0],[0,-85],[123,0],[0,-84],[123,0],[122,0],[0,-84],[123,0],[0,-85],[123,0],[0,-84],[122,0],[123,0],[0,-84],[123,0],[0,-85],[123,0],[122,0],[0,-84],[123,0],[0,-85],[123,0],[0,-84],[123,0],[122,0],[0,-84],[123,0],[0,-85],[123,0],[122,0],[0,-84],[123,0],[0,-84],[123,0],[123,0],[0,-85],[122,0],[0,-84],[123,0],[123,0],[0,-85],[123,0],[0,-84],[122,0],[0,-84],[123,0],[123,0],[0,-85],[122,0],[0,-84],[123,0],[0,-84],[123,0],[123,0],[0,-85],[122,0],[0,-84],[123,0],[0,-85],[123,0],[123,0],[0,-84],[122,0],[123,0],[0,-84],[123,0],[0,-85],[122,0],[123,0],[0,-84],[123,0],[0,-84],[123,0],[122,0],[0,-85],[123,0],[0,-84],[123,0],[123,0],[0,-85],[122,0],[123,0],[0,-84],[123,0],[0,-84],[122,0],[123,0],[0,-85],[123,0],[0,-84],[123,0],[122,0],[0,-84],[123,0],[0,-85],[123,0],[0,-84],[123,0],[122,0],[0,-85],[123,0],[0,-84],[123,0],[123,0],[0,-84],[122,0],[0,-85],[123,0],[123,0],[0,-84],[122,0],[0,-84],[123,0],[123,0],[0,-85],[123,0],[0,-84],[122,0],[0,-85],[123,0],[123,0],[0,-84],[123,0],[0,-84],[122,0],[123,0],[0,-85],[123,0],[0,-84],[122,0],[123,0],[0,-84],[123,0],[0,-85],[123,0],[122,0],[0,-84],[123,0],[0,-85],[123,0],[0,-84],[123,0],[122,0],[0,-84],[123,0],[0,-85],[123,0],[122,0],[0,-84],[123,0],[0,-84],[123,0],[123,0],[0,-85],[122,0],[0,-84],[123,0],[0,-85],[123,0],[123,0],[0,-84],[122,0],[0,-84]],[[70201,49444],[-123,0],[0,84],[-123,0],[0,85],[-123,0],[0,84],[-122,0],[-123,0],[0,84],[-123,0],[0,85],[-122,0],[0,84],[-123,0],[0,85],[0,84],[-123,0],[-123,0],[0,84],[-122,0],[0,85],[-123,0],[-123,0],[-123,0],[0,84],[-122,0],[-123,0],[-123,0],[-123,0],[0,84],[-122,0],[-123,0],[-123,0],[-122,0],[-123,0],[0,85],[-123,0],[0,84],[-123,0],[0,85],[0,84],[-122,0],[0,84],[-123,0],[0,85],[-123,0],[0,84],[-123,0],[-122,0],[0,84],[-123,0],[-123,0],[-122,0],[0,85],[-123,0],[-123,0],[-123,0],[0,-85],[-122,0],[0,-84],[0,-84],[-123,0],[0,-85],[0,-84],[0,-84],[-123,0],[-123,0],[-122,0],[0,-85],[-123,0],[-123,0],[-122,0],[0,-84],[0,-85],[0,-84],[0,-84],[0,-85],[0,-84],[0,-84],[0,-85],[0,-84],[0,-85],[0,-84],[0,-84],[0,-85],[0,-84],[-123,0],[0,-84],[0,-85],[0,-84],[-123,0],[0,-85],[-123,0],[-122,0],[-123,0],[-123,0],[-123,0],[0,-84],[-122,0],[-123,0],[0,-84],[-123,0],[0,-85],[0,-84],[0,-84],[0,-85],[0,-84],[0,-85],[0,-84],[0,-84],[0,-85],[-122,0],[0,-84],[0,-84],[0,-85],[0,-84],[0,-85],[-123,0],[0,-84],[0,-84],[-123,0],[0,-85],[0,-84],[-123,0],[0,-84],[-122,0],[0,-85],[-123,0],[0,-84],[0,-85],[-123,0],[0,-84],[-123,0],[0,-84],[0,-85],[-122,0],[0,-84],[0,-84],[-123,0],[0,-85],[0,-84],[0,-85],[0,-84],[0,-84],[123,0],[0,-85],[0,-84],[122,0],[0,-84],[123,0],[0,-85],[0,-84],[0,-85],[123,0],[0,-84],[0,-84],[123,0],[0,-85],[0,-84],[0,-84],[0,-85],[0,-84],[122,0],[0,-85],[0,-84],[123,0],[123,0],[0,-84],[123,0],[122,0],[123,0],[123,0],[122,0],[123,0],[123,0],[123,0],[122,0],[123,0],[0,-85],[123,0],[0,-84],[123,0],[0,-84],[0,-85],[122,0],[0,-84],[0,-85],[0,-84],[0,-84],[0,-85],[123,0],[0,-84],[123,0],[0,-84],[122,0],[0,-85],[123,0],[0,-84],[123,0],[123,0],[0,-85],[122,0],[123,0],[123,0],[0,-84],[123,0],[122,0],[123,0],[123,0],[122,0],[123,0],[123,0],[0,84],[123,0],[122,0],[123,0],[123,0]],[[67010,41175],[-123,0],[0,85],[-123,0],[0,84],[-123,0],[0,84],[-122,0],[0,85],[-123,0],[0,84],[-123,0],[0,84],[-122,0],[0,85],[-123,0],[-123,0],[0,84],[-123,0],[-122,0],[-123,0],[-123,0],[-123,0],[-122,0],[-123,0],[-123,0],[-122,0],[-123,0],[-123,0],[-123,0],[-122,0],[-123,0],[0,-84],[-123,0],[-123,0],[-122,0],[0,-85],[-123,0],[-123,0],[-122,0],[0,-84],[-123,0],[-123,0],[0,-84],[-123,0],[0,-85],[-122,0],[-123,0],[0,-84],[0,-84],[-123,0],[-123,0],[0,-85],[-122,0],[0,-84],[-123,0],[0,-85],[-123,0],[0,-84],[-122,0],[0,-84],[0,-85],[0,-84],[-123,0],[0,-84],[0,-85],[-123,0],[0,-84],[0,-85],[-123,0],[0,-84],[-122,0],[0,-84],[-123,0],[0,-85],[0,-84],[-123,0],[0,-84],[-123,0],[-122,0],[0,-85],[-123,0],[-123,0],[-122,0],[-123,0],[0,85],[-123,0],[0,84],[0,84],[123,0],[0,85],[0,84],[0,84],[123,0],[0,85],[0,84],[0,85],[0,84],[122,0],[0,84],[0,85],[0,84],[0,84],[123,0],[0,85],[0,84],[0,85],[0,84],[0,84],[0,85],[0,84],[0,84],[0,85],[0,84],[-123,0],[0,85],[0,84],[-122,0],[-123,0],[-123,0],[-123,0],[-122,0],[0,-84],[-123,0],[0,-85],[-123,0],[-123,0],[0,-84],[-122,0],[-123,0],[-123,0],[-122,0],[-123,0],[-123,0],[0,84],[-123,0],[0,85],[-122,0],[0,84],[0,84],[-123,0],[0,85],[-123,0],[0,84],[0,84],[-123,0],[0,85],[0,84],[-122,0],[0,85],[-123,0],[0,84],[-123,0],[0,84],[-122,0],[-123,0],[-123,0],[-123,0],[-122,0],[0,85],[-123,0],[0,84],[-123,0],[0,-84],[-123,0],[0,-85],[0,-84],[-122,0],[0,-84],[0,-85],[-123,0],[0,-84],[0,-85],[0,-84],[0,-84],[0,-85],[0,-84],[-123,0],[0,-84],[0,-85],[-123,0],[0,-84],[0,-85],[-122,0],[0,-84],[0,-84],[-123,0],[0,-85],[0,-84],[-123,0],[0,-84],[0,-85],[0,-84],[-122,0],[0,-85],[0,-84],[0,-84],[0,-85],[0,-84],[0,-84],[122,0],[0,-85],[0,-84],[123,0],[0,-85],[123,0],[0,-84],[122,0],[0,-84],[123,0],[0,-85],[0,-84],[123,0],[0,-84],[123,0],[0,-85],[0,-84],[0,-85],[122,0],[0,-84],[0,-84],[123,0],[0,-85],[0,-84],[0,-84],[123,0],[0,-85],[0,-84],[0,-85],[0,-84],[123,0],[0,-84],[0,-85],[0,-84],[0,-84],[0,-85],[0,-84],[0,-85],[0,-84],[0,-84],[-123,0],[0,-85],[-123,0],[0,-84],[-123,0],[0,84],[0,85],[-122,0],[0,84],[-123,0],[0,84],[-123,0],[0,85],[-123,0],[0,84],[-122,0],[0,85],[-123,0],[0,84],[-123,0],[0,84],[-122,0],[-123,0],[0,85],[-123,0],[0,84],[-123,0],[0,84],[-122,0],[-123,0],[0,85],[-123,0],[0,84],[0,85],[-123,0],[0,84],[0,84],[0,85],[0,84],[-122,0],[0,84],[0,85],[0,84],[-123,0],[0,85],[0,84],[0,84],[-123,0],[0,85],[0,84],[0,84],[-122,0],[0,85],[-123,0],[-123,0],[-123,0],[0,-85],[0,-84],[0,-84],[0,-85],[0,-84],[-122,0],[0,-84],[0,-85],[0,-84],[0,-85],[-123,0],[0,-84],[-123,0],[0,-84],[0,-85],[-123,0],[0,-84],[-122,0],[0,-84],[-123,0],[0,-85],[-123,0],[-122,0],[0,-84],[0,-85],[0,-84],[0,-84],[-123,0],[0,-85],[0,-84],[-123,0],[-123,0],[0,-84],[-122,0],[0,-85],[-123,0],[0,-84],[0,-85],[-123,0],[0,-84],[0,-84],[-123,0],[0,-85],[0,-84],[-122,0],[0,-84],[0,-85],[-123,0],[-123,0],[0,-84],[-122,0],[0,-85],[-123,0],[0,-84],[-123,0],[-123,0],[-122,0],[0,-84],[-123,0],[-123,0],[0,-85],[-123,0],[-122,0],[0,-84],[0,-84],[-123,0],[0,-85],[0,-84],[-123,0],[0,-85],[0,-84],[-122,0],[0,-84],[-123,0],[0,-85],[0,-84],[-123,0],[0,-84],[-123,0],[0,-85],[-122,0],[-123,0],[-123,0],[0,-84],[-123,0],[0,-85],[0,-84],[-122,0],[0,-84],[0,-85],[-123,0],[0,-84],[0,-84],[0,-85],[-123,0],[0,-84],[-122,0],[0,-85],[0,-84],[-123,0],[0,-84],[-123,0],[0,-85],[0,-84],[-123,0],[0,-85],[0,-84],[0,-84],[0,-85],[0,-84],[0,-84],[123,0],[0,-85],[0,-84],[0,-85],[0,-84],[0,-84],[0,-85],[123,0],[0,-84],[0,-84],[-123,0],[0,-85],[-123,0],[-122,0],[0,-84],[0,-85],[0,-84],[0,-84],[0,-85],[-123,0],[0,-84],[0,-84],[-123,0],[-123,0],[0,-85],[-122,0],[-123,0],[-123,0],[-122,0],[-123,0],[-123,0],[-123,0],[-122,0],[-123,0],[-123,0],[0,85],[-123,0],[-122,0],[-123,0],[0,84],[-123,0],[-123,0],[-122,0],[-123,0],[-123,0],[0,-84],[-122,0],[-123,0],[-123,0],[0,-85],[-123,0],[0,-84],[0,-85],[123,0],[0,-84],[0,-84],[123,0],[0,-85],[0,-84],[123,0],[0,-84],[0,-85],[122,0],[0,-84],[0,-85],[0,-84],[123,0],[0,-84],[123,0],[0,-85],[0,-84],[122,0],[0,-84],[123,0],[0,-85],[0,-84],[123,0],[0,-85],[0,-84],[0,-84],[-123,0],[0,-85],[-123,0],[-122,0],[-123,0],[0,85],[-123,0],[-122,0],[-123,0],[0,84],[-123,0],[-123,0],[-122,0],[0,-84],[-123,0],[0,-85],[-123,0],[0,-84],[0,-84],[0,-85],[-123,0],[0,-84],[0,-85],[0,-84],[-122,0],[0,-84],[0,-85],[0,-84],[0,-84],[-123,0],[0,-85],[0,-84],[0,-85],[0,-84],[-123,0],[0,-84],[0,-85],[0,-84],[-122,0],[0,-84],[0,-85],[0,-84],[-123,0],[0,-85],[0,-84],[0,-84],[0,-85],[0,-84],[0,-84],[0,-85],[0,-84],[0,-85],[0,-84],[123,0],[0,-84],[0,-85],[0,-84],[122,0],[0,-84],[123,0],[0,-85],[0,-84],[123,0],[0,-85],[0,-84],[122,0],[0,-84],[123,0],[0,-85],[0,-84],[123,0],[0,-84],[123,0],[0,-85],[122,0],[0,-84],[123,0],[0,-85],[123,0]],[[46023,44972],[0,84],[-123,0],[0,85],[0,84],[0,85],[0,84],[-122,0],[0,84],[0,85],[-123,0],[0,84],[-123,0],[0,84],[-123,0],[0,85],[-122,0],[0,84],[-123,0],[0,85],[0,84],[-123,0],[0,84],[-122,0],[0,85],[-123,0],[0,84],[0,84],[-123,0],[0,85],[-123,0],[-122,0],[0,84],[0,85],[-123,0],[0,84],[-123,0],[0,84],[-123,0],[0,85],[-122,0],[0,84],[-123,0],[0,84],[-123,0],[0,85],[-122,0],[0,84],[0,85],[-123,0],[0,84],[-123,0],[0,84],[-123,0],[0,85],[-122,0],[0,84],[0,84],[-123,0],[0,85],[-123,0],[0,84],[0,85],[-123,0],[0,84],[0,84],[-122,0],[0,85],[0,84],[0,84],[0,85],[0,84],[0,85],[0,84],[0,84],[0,85],[0,84],[0,84],[-123,0],[0,85],[0,84],[0,85],[0,84],[0,84],[-123,0],[0,85],[-122,0],[0,84],[-123,0],[0,84],[-123,0],[0,85],[-123,0],[0,84],[-122,0],[0,85],[-123,0],[0,84],[0,84],[-123,0],[0,85],[-123,0],[0,84],[-122,0],[0,84],[0,85],[-123,0],[0,84],[0,85],[-123,0],[0,84],[0,84],[0,85],[0,84],[0,84],[0,85],[123,0],[0,84],[0,85],[123,0],[122,0],[0,84],[123,0],[0,84],[123,0],[123,0],[0,-84],[122,0],[123,0],[123,0],[0,-84],[123,0],[122,0],[0,-85],[123,0],[123,0],[122,0],[0,-84],[123,0],[0,-85],[123,0],[123,0],[0,-84],[122,0],[123,0],[0,-84],[123,0],[123,0],[122,0],[123,0],[0,84],[123,0],[122,0],[123,0],[123,0],[123,0],[0,-84],[122,0],[123,0],[0,-85],[123,0],[123,0],[0,-84],[122,0],[0,-84],[123,0],[123,0],[0,-85],[122,0],[0,-84],[123,0],[0,-85],[123,0],[123,0],[0,-84],[122,0],[0,-84],[123,0],[0,-85],[123,0],[123,0],[0,-84],[122,0],[123,0],[123,0],[0,-84],[122,0],[0,-85],[123,0],[123,0],[0,-84],[123,0],[0,-85],[122,0],[0,-84],[123,0],[123,0],[0,-84],[123,0],[0,-85],[122,0],[123,0],[0,-84],[123,0],[0,-84],[123,0],[0,-85],[122,0],[123,0],[0,-84],[123,0],[122,0],[0,-85],[123,0],[123,0],[123,0],[0,85],[122,0],[0,84],[123,0],[123,0],[0,85],[123,0],[0,84],[122,0],[0,84],[0,85],[0,84],[0,84],[123,0],[0,85],[0,84],[0,85],[0,84],[0,84],[0,85],[0,84],[0,84],[0,85],[-123,0],[0,84],[0,85],[0,84],[0,84],[0,85],[0,84],[0,84],[0,85],[0,84],[0,85],[0,84],[0,84],[123,0],[0,85],[0,84],[123,0],[0,84],[0,85],[122,0],[123,0],[123,0],[0,-85],[123,0],[122,0],[0,-84],[123,0],[0,-84],[123,0],[0,-85],[123,0],[0,-84],[0,-84],[122,0],[0,-85],[0,-84],[0,-85],[0,-84],[123,0],[0,-84],[0,-85],[0,-84],[123,0],[0,-84],[0,-85],[0,-84],[0,-85],[0,-84],[122,0],[0,-84],[0,-85],[0,-84],[123,0],[0,-84],[0,-85],[0,-84],[0,-85],[123,0],[0,-84],[0,-84],[123,0],[122,0],[0,-85],[123,0],[0,85],[123,0],[0,84],[0,84],[0,85],[0,84],[0,85],[0,84],[-123,0],[0,84],[0,85],[0,84],[0,84],[0,85],[0,84],[-123,0],[0,85],[0,84],[0,84],[0,85],[0,84],[0,84],[0,85],[0,84],[0,85],[0,84],[0,84],[0,85],[0,84],[0,84],[0,85],[123,0],[0,84],[0,85],[123,0],[123,0],[0,84],[122,0],[123,0],[123,0],[0,84],[122,0],[123,0],[123,0],[123,0],[122,0],[123,0],[123,0],[123,0],[122,0],[123,0],[0,85],[123,0],[0,84],[122,0],[0,84],[123,0],[0,85],[123,0],[0,84],[0,85],[123,0],[0,84],[122,0],[0,84],[0,85],[123,0],[0,84],[0,84],[123,0],[0,85],[123,0],[0,84],[122,0],[0,85],[123,0],[123,0],[122,0],[123,0],[0,84],[123,0],[123,0],[122,0],[123,0],[0,-84],[123,0],[0,84],[123,0],[0,84],[122,0],[0,85],[123,0],[0,84],[0,84],[0,85],[123,0],[0,84],[0,85],[0,84],[122,0],[0,84],[123,0],[123,0],[0,85],[123,0],[122,0],[123,0],[123,0],[0,-85],[123,0],[0,85],[122,0],[123,0],[0,84],[123,0],[0,84],[0,85],[0,84],[-123,0],[0,85],[0,84],[-123,0],[0,84],[0,85],[-122,0],[0,84],[0,84],[0,85],[-123,0],[0,84],[123,0],[0,85],[0,84],[0,84],[0,85],[0,84],[122,0],[0,84],[0,85],[0,84],[0,85],[123,0],[0,84],[0,84],[0,85],[0,84],[0,84],[0,85],[123,0],[0,84],[0,85],[0,84],[123,0],[0,84],[0,85],[0,84],[0,84],[0,85],[0,84],[-1,85],[1,84],[0,84],[-1,85],[1,84],[-1,84],[1,85],[0,84],[0,85],[0,84],[0,84],[0,85],[-123,0],[0,84],[0,84],[0,85],[-123,0],[0,84],[0,85],[-123,0],[-122,0],[0,84],[-123,0],[0,84],[-123,0],[0,85],[123,0],[0,84],[123,0],[0,84],[122,0],[0,85],[123,0],[123,0],[123,0],[122,0],[0,84],[0,85],[0,84],[-122,0],[-1,84],[1,85],[0,84],[-123,0],[0,84],[0,85],[0,84],[-123,0],[0,85],[0,84],[0,84],[0,85],[0,84],[-123,0],[0,84],[123,0],[0,85],[0,84],[0,85],[123,0],[0,84],[0,84],[123,0],[0,85],[0,84],[122,0],[123,0],[0,84],[123,0],[0,85],[122,0],[0,84],[123,0],[0,85],[123,0],[123,0],[0,84],[122,0],[0,84],[123,0],[123,0],[0,85],[123,0],[0,84],[0,84],[122,0],[0,85],[0,84],[123,0],[0,85],[0,84],[0,84],[123,0],[0,85],[0,84],[-123,0],[0,84],[0,85],[0,84],[0,85],[0,84],[0,84],[0,85],[0,84],[-123,0],[0,84],[0,85],[0,84],[0,85],[0,84],[0,84],[-122,0],[0,85],[0,84],[0,84],[0,85],[0,84],[-123,0],[0,85],[0,84],[0,84],[0,85],[0,84],[-123,0],[0,84],[0,85],[0,84],[-123,0],[0,85],[0,84],[0,84],[-122,0],[0,85],[0,84],[0,84],[-123,0],[0,85],[0,84],[0,85],[-123,0],[0,84],[0,84],[-123,0],[0,85],[0,84],[-122,0],[0,84],[0,85],[0,84],[0,85],[0,84],[0,84],[0,85],[0,84],[0,84],[0,85],[0,84],[0,85],[0,84],[0,84],[0,85],[0,84],[-123,0],[0,84],[0,85],[0,84],[0,85],[-123,0],[0,84],[0,84],[0,85],[0,84],[-122,0],[0,84],[0,85],[-123,0],[0,84],[0,85],[0,84],[0,84],[0,85],[-123,0],[0,84],[0,84],[0,85],[-123,0],[0,84],[0,85],[0,84],[0,84],[0,85],[0,84],[0,84],[0,85],[0,84],[0,85],[0,84],[123,0],[0,84],[0,85],[0,84],[123,0],[0,84],[0,85],[123,0],[0,84],[0,85],[122,0],[0,84],[123,0],[0,84],[123,0],[0,85],[122,0],[0,84],[123,0],[0,85],[123,0],[0,84],[123,0],[0,84],[122,0],[123,0],[0,85],[123,0],[0,84],[123,0],[122,0],[0,84],[123,0],[0,85],[123,0],[122,0],[0,84],[123,0],[123,0],[0,85],[123,0],[122,0],[123,0],[123,0],[123,0],[122,0],[0,84],[123,0],[0,84],[123,0],[0,85],[0,84],[0,84],[0,85],[0,84],[0,85],[0,84],[0,84],[0,85],[0,84],[0,84],[0,85],[0,84],[0,85],[0,84],[-123,0],[0,84],[0,85],[0,84],[0,84],[0,85],[0,84],[0,85],[0,84],[0,84],[0,85],[0,84],[0,84],[123,0],[0,85],[122,0],[123,0],[0,84],[123,0],[0,85],[0,84],[123,0],[0,84],[0,85],[0,84],[0,84],[122,0],[0,85],[0,84],[123,0],[0,85],[0,84],[0,84],[0,85],[123,0],[0,84],[0,84],[123,0],[0,85],[0,84],[122,0],[0,85],[0,84],[-122,0],[0,84],[-123,0],[0,85],[-123,0],[-123,0],[-122,0],[-123,0],[-123,0],[0,84],[-123,0],[-122,0],[-123,0],[-123,0],[0,-84],[-122,0],[-123,0],[0,-85],[-123,0],[-123,0],[0,-84],[-122,0],[0,-84],[-123,0],[-123,0],[0,-85],[-123,0],[0,-84],[-122,0],[0,-85],[-123,0],[0,-84],[-123,0],[0,-84],[-122,0],[-123,0],[-123,0],[0,-85],[-123,0],[-122,0],[-123,0],[-123,0],[-123,0],[0,-84],[-122,0],[-123,0],[-123,0],[-123,0],[-122,0],[-123,0],[-123,0],[0,-84],[-122,0],[-123,0],[-123,0],[-123,0],[-122,0],[-123,0],[0,-85],[-123,0],[-123,0],[-122,0],[-123,0],[-123,0],[-122,0],[-123,0],[0,85],[-123,0],[0,84],[0,84],[0,85],[123,0],[0,84],[0,84],[123,0],[0,85],[0,84],[122,0],[0,85],[123,0],[0,84],[123,0],[0,84],[0,85],[122,0],[0,84],[0,84],[0,85],[0,84],[0,85],[0,84],[0,84],[0,85],[-122,0],[0,84],[0,84],[0,85],[-123,0],[0,84],[0,85],[-123,0],[0,84],[0,84],[0,85],[0,84],[0,84]],[[55841,78469],[0,84],[-122,0],[0,85],[-123,0],[-123,0],[0,84],[-123,0],[-122,0],[0,85],[-123,0],[-123,0],[0,84],[-122,0],[-123,0],[0,84],[-123,0],[-123,0],[0,85],[-122,0],[-123,0],[-123,0],[0,84],[-123,0],[-122,0],[-123,0],[-123,0],[0,84],[-122,0],[-123,0],[-123,0],[0,-84],[-123,0],[-122,0],[-123,0],[-123,0],[-123,0],[-122,0],[0,84],[-123,0],[-123,0],[-122,0],[0,85],[-123,0],[0,84],[-123,0],[0,85],[-123,0],[-122,0],[0,84],[-123,0],[0,84],[-123,0],[-123,0],[0,85],[-122,0],[-123,0],[-123,0],[-122,0],[-123,0],[-123,0],[-123,0],[-122,0],[-123,0],[0,84],[-123,0],[-123,0],[0,84],[-122,0],[-123,0],[-123,0],[0,85],[-122,0],[0,84],[-123,0],[0,85],[-123,0],[0,84],[-123,0],[0,84],[-122,0],[0,85],[0,84],[-123,0],[0,84],[-123,0],[0,85],[-123,0],[0,84],[-122,0],[-123,0],[0,85],[-123,0],[-122,0],[-123,0],[-123,0],[0,84],[-123,0],[-122,0],[-123,0],[-123,0],[0,84],[-123,0],[0,85],[-122,0],[0,84],[-123,0],[0,84],[-123,0],[0,85],[-123,0],[0,84],[0,85],[0,84],[0,84],[0,85],[123,0],[0,84],[123,0],[0,84],[123,0],[122,0],[0,85],[0,84],[123,0],[0,85],[0,84],[0,84],[0,85],[0,84],[123,0],[0,84],[123,0],[0,85],[122,0],[123,0],[0,-85],[123,0],[123,0],[122,0],[0,-84],[123,0],[123,0],[0,84],[122,0],[123,0],[123,0],[123,0],[122,0],[0,-84],[123,0],[0,-84],[123,0],[0,-85],[123,0],[0,-84],[122,0],[0,-84],[123,0],[0,-85],[123,0],[0,-84],[122,0],[0,-85],[123,0],[123,0],[0,-84],[123,0],[0,84],[122,0],[123,0],[0,85],[123,0],[0,84],[0,85],[123,0],[0,84],[122,0],[0,84],[0,85],[123,0],[0,84],[123,0],[0,84],[0,85],[122,0],[123,0],[0,84],[123,0],[0,85]],[[54614,84375],[123,0],[0,85],[123,0],[0,84],[122,0],[0,84],[0,85],[123,0],[0,84],[123,0],[0,85],[0,84],[122,0],[0,84],[0,85],[0,84],[0,84],[0,85],[-122,0],[0,84],[0,85],[0,84],[0,84],[0,85],[0,84],[122,0],[0,84],[0,85],[0,84],[0,85],[0,84],[0,84],[0,85],[0,84],[0,84],[0,85],[0,84],[0,85],[0,84],[0,84],[0,85],[0,84],[0,84],[0,85],[0,84],[123,0],[0,85],[0,84],[0,84],[0,85],[123,0],[123,0],[0,84],[122,0],[123,0],[0,84],[123,0],[0,-84],[123,0],[122,0],[123,0],[0,-84],[123,0],[122,0],[0,-85],[123,0],[123,0],[123,0],[122,0],[0,85],[123,0],[0,84],[0,84],[0,85],[0,84],[0,85],[123,0],[0,84],[0,84],[0,85],[0,84],[0,84],[0,85],[123,0],[0,84],[0,85],[0,84],[0,84],[0,85],[0,84],[0,84],[0,85],[0,84],[0,85],[-123,0],[0,84],[0,84],[-123,0],[0,85],[0,84],[0,84],[0,85],[123,0],[0,84],[0,85],[123,0],[0,84],[122,0],[123,0],[123,0],[0,-84],[123,0],[122,0],[123,0],[123,0],[122,0],[123,0],[0,84],[123,0],[123,0],[0,84],[122,0],[0,85],[123,0],[0,84],[0,84],[0,85],[0,84],[0,85],[-123,0],[0,84],[0,84],[-122,0],[0,85],[-123,0],[0,84],[0,84],[-123,0],[0,85],[-123,0],[0,84],[-122,0],[0,85],[-123,0],[0,84],[0,84],[0,85],[0,84],[123,0],[0,84],[0,85],[0,84],[0,85],[0,84],[122,0],[0,84],[0,85],[0,84],[123,0],[0,84],[0,85],[0,84],[123,0],[0,85],[0,84],[0,84],[0,85],[0,84],[0,84],[0,85],[0,84],[0,85],[0,84],[123,0],[0,84],[0,85],[0,84],[0,84],[0,85],[122,0],[0,84],[0,85],[0,84],[0,84],[123,0],[0,85],[123,0],[0,84],[0,84],[123,0],[0,85],[122,0],[123,0],[0,84],[123,0],[122,0],[0,85],[123,0],[0,84],[123,0],[0,84],[123,0],[0,85],[122,0],[0,84],[123,0],[0,84],[123,0],[0,85],[0,84],[123,0],[0,85],[0,84],[0,84],[122,0],[0,85],[0,84],[123,0],[0,84],[0,85],[123,0],[0,84],[0,85],[0,84],[0,84],[0,85],[0,84],[0,84],[122,0],[0,85],[123,0],[0,84],[0,85],[-123,0],[0,84],[0,84],[0,85],[0,84],[-122,0],[0,84],[0,85],[-123,0],[0,84],[0,85],[-123,0],[0,84],[0,84],[-122,0],[-123,0],[0,85],[-123,0],[0,84],[-123,0],[0,84],[0,85],[-122,0],[0,84],[-123,0],[0,85],[0,84],[-123,0],[0,84],[-123,0],[0,85],[-122,0],[0,84],[0,84],[-123,0],[0,85],[-123,0],[0,84],[-122,0],[0,85],[-123,0],[-123,0],[0,84],[-123,0],[-122,0],[0,84],[-123,0],[-123,0],[-123,0],[-122,0],[0,85],[-123,0],[0,84],[-123,0],[0,84],[-122,0],[0,85],[-123,0],[0,84],[0,85],[-123,0],[0,84],[-123,0],[0,84],[-122,0],[0,85],[-123,0],[0,84],[-123,0],[-123,0],[-122,0],[-123,0],[-123,0],[0,84],[-123,0],[-122,0],[-123,0],[0,85],[-123,0],[-122,0],[-123,0],[-123,0],[-123,0],[-122,0],[0,-85],[0,-84],[-123,0],[0,-84],[0,-85],[0,-84],[-123,0],[0,-84],[0,-85],[0,-84],[-123,0],[0,-85],[0,-84],[0,-84],[-122,0],[0,-85],[0,-84],[0,-84],[-123,0],[0,-85],[-123,0],[0,-84],[-122,0],[0,-85],[-123,0],[0,-84],[-123,0],[0,-84],[123,0],[0,-85],[0,-84],[123,0],[0,-84],[0,-85],[0,-84],[0,-85],[0,-84],[-123,0],[-123,0],[0,-84],[-123,0],[-122,0],[0,-85],[-123,0],[-123,0],[0,-84],[-123,0],[-122,0],[-123,0],[0,-84],[-123,0],[-122,0],[-123,0],[-123,0],[0,-85],[-123,0],[-122,0],[0,-84],[-123,0],[0,-85],[-123,0],[0,-84],[-123,0],[0,-84],[-122,0],[0,-85],[-123,0],[-123,0],[0,-84],[-122,0],[-123,0],[0,-84],[-123,0],[-123,0],[-122,0],[-123,0],[0,-85],[-123,0],[0,-84],[-123,0],[0,-85],[0,-84],[123,0],[0,-84],[0,-85],[123,0],[0,-84],[123,0],[0,-84],[122,0],[0,-85],[0,-84],[123,0],[0,-85],[0,-84],[123,0],[0,-84],[0,-85],[0,-84],[0,-84],[0,-85],[0,-84],[-123,0],[0,-85],[-123,0],[-122,0],[0,-84],[-123,0],[-123,0],[0,84],[-123,0],[-122,0],[-123,0],[0,85],[-123,0],[0,84],[-122,0],[0,85],[-123,0],[-123,0],[0,84],[-123,0],[0,84],[-122,0],[-123,0],[0,85],[-123,0],[-123,0],[-122,0],[-123,0],[0,-85],[-123,0],[0,-84],[-122,0],[0,-84],[-123,0],[0,-85],[-123,0],[0,-84],[0,-85],[-123,0],[0,-84],[-122,0],[0,-84],[-123,0],[0,-85],[-123,0],[0,-84],[-123,0],[0,-84],[-122,0],[-123,0],[-123,0],[-122,0],[-123,0],[0,84],[-123,0],[-123,0],[0,84],[0,85],[-122,0],[0,84],[0,84],[-123,0],[0,85],[0,84],[0,85],[0,84],[0,84],[0,85],[123,0],[0,84],[0,84],[122,0],[0,85],[0,84],[123,0],[0,85],[0,84],[123,0],[0,84],[0,85],[123,0],[0,84],[122,0],[0,84],[123,0],[0,85],[0,84],[0,85],[0,84],[123,0],[0,84],[0,85],[0,84],[0,84],[0,85],[0,84],[122,0],[0,85],[-122,0],[0,84],[0,84],[0,85],[0,84],[0,84],[0,85],[0,84],[0,85],[122,0],[0,84],[0,84],[0,85],[0,84],[0,84],[123,0],[0,85],[0,84],[123,0],[0,85],[0,84],[0,84],[123,0],[0,85],[122,0],[0,84],[0,84],[123,0],[0,85],[123,0],[0,84],[0,85],[123,0],[0,84],[122,0],[0,84],[123,0],[0,85],[123,0],[0,84],[122,0],[0,84],[123,0],[0,85],[0,84],[123,0],[0,85],[123,0],[0,84],[0,84],[0,85],[122,0],[0,84],[0,84],[123,0],[0,85],[0,84],[0,85],[0,84],[0,84],[123,0],[0,85],[0,84],[0,84],[0,85],[0,84],[0,85],[0,84],[0,84],[0,85],[123,0],[0,84],[0,84],[122,0],[0,85],[123,0],[0,84],[123,0],[0,85],[122,0],[0,84],[123,0],[0,84],[123,0],[0,85],[123,0],[0,84],[122,0],[0,84],[123,0],[0,85],[123,0],[0,84],[0,85],[123,0],[0,84],[0,84],[0,85],[122,0],[0,84],[0,84],[0,85],[0,84],[0,85],[0,84],[123,0],[0,84],[0,85],[0,84]],[[67991,253],[-122,0],[-123,0],[-123,0],[-122,0],[-123,0],[-123,0],[-123,0],[-122,0],[-123,0],[-123,0],[-123,0],[-122,0],[-123,0],[-123,0],[-122,0],[-123,0],[-123,0],[-123,0],[-122,0],[-123,0],[-123,0],[-123,0],[-122,0],[-123,0],[-123,0],[-122,0],[-123,0],[-123,0],[-123,0],[-122,0],[-123,0],[-123,0],[-123,0],[-122,0],[-123,0],[-123,0],[-122,0],[-123,0],[-123,0],[-123,0],[-122,0],[-123,0],[-123,0],[-123,0],[-122,0],[-123,0],[-123,0],[-122,0],[-123,0],[-123,0],[-123,0],[-122,0],[-123,0],[-123,0]],[[61364,253],[0,85],[0,84],[0,84],[0,85],[0,84],[-123,0],[0,84],[0,85],[0,84],[0,85],[0,84],[0,84],[0,85],[0,84],[0,84],[0,85],[123,0],[123,0],[0,84],[0,85],[0,84],[0,84],[0,85],[123,0],[0,84],[0,84],[122,0],[123,0],[0,85],[0,84],[123,0],[0,85],[0,84],[0,84],[-123,0],[0,85],[0,84],[0,84],[-123,0],[0,85],[0,84],[123,0],[123,0],[123,0],[122,0],[123,0],[123,0],[122,0],[123,0],[123,0],[123,0],[122,0],[123,0],[123,0],[0,85],[123,0],[122,0],[0,84],[123,0],[123,0],[122,0],[123,0],[123,0],[0,-84],[123,0],[0,-85],[122,0],[123,0],[0,-84],[123,0],[123,0],[0,-85],[122,0],[123,0],[123,0],[0,-84],[122,0],[0,84],[123,0],[0,85],[123,0],[0,84],[-123,0],[0,85],[0,84],[0,84],[0,85],[0,84],[0,84],[0,85],[-123,0],[0,84],[0,85],[-122,0],[0,84],[0,84],[0,85],[-123,0],[0,84],[0,84],[0,85],[-123,0],[0,84],[0,85],[0,84],[0,84],[123,0],[0,85],[0,84],[123,0],[0,84],[122,0],[123,0],[123,0],[123,0],[0,85],[0,84],[0,85],[-123,0],[0,84],[-123,0],[-123,0],[0,84],[-122,0],[0,85],[-123,0],[0,84],[0,84],[-123,0],[0,85],[123,0],[0,84],[123,0],[0,85],[122,0],[123,0],[123,0],[0,-85],[123,0],[122,0],[123,0],[123,0],[123,0],[122,0],[123,0],[123,0],[122,0],[0,85],[123,0],[0,84],[123,0],[0,84],[123,0],[0,85],[122,0],[0,84],[0,84],[123,0],[0,85],[0,84],[123,0],[0,85],[123,0],[122,0],[123,0],[0,84],[123,0],[122,0],[0,84],[123,0],[123,0],[0,85],[123,0],[0,84],[122,0],[0,84],[123,0],[0,85],[123,0],[0,84],[123,0],[0,85],[0,84],[122,0],[0,84],[0,85],[0,84],[123,0],[0,84],[0,85],[0,84],[0,85],[123,0],[0,84],[0,84],[123,0],[0,85],[122,0],[0,84],[0,84],[123,0],[0,85],[0,84],[123,0],[0,85],[0,84],[0,84],[0,85],[0,84],[0,84],[0,85],[122,0],[0,84],[0,85],[123,0],[0,84],[0,84],[123,0],[0,85],[0,84],[123,0],[0,84],[0,85],[0,84],[0,85],[122,0],[0,84],[0,84],[0,85],[0,84],[-122,0],[0,84],[0,85],[0,84],[-123,0],[0,85],[0,84],[-123,0],[0,84],[-123,0],[0,85],[-122,0],[0,84],[-123,0],[-123,0],[0,84],[-122,0],[-123,0],[0,85],[-123,0],[-123,0],[-122,0],[-123,0],[-123,0],[-123,0],[-122,0],[-123,0],[0,-85],[-123,0],[-123,0],[0,85],[-122,0],[-123,0],[-123,0],[-122,0],[-123,0],[-123,0],[0,-85],[-123,0],[-122,0],[-123,0],[0,-84],[-123,0],[-123,0],[0,-84],[-122,0],[-123,0],[-123,0],[0,-85],[-122,0],[-123,0],[-123,0],[0,85],[-123,0],[-122,0],[-123,0],[-123,0],[0,-85],[0,-84],[-123,0],[0,-84],[0,-85],[-122,0],[0,-84],[0,-85],[-123,0],[0,-84],[0,-84],[-123,0],[0,-85],[-122,0],[0,-84],[0,-84],[-123,0],[0,-85],[0,-84],[-123,0],[0,-85],[0,-84],[-123,0],[0,-84],[-122,0],[0,-85],[-123,0],[0,-84],[-123,0],[0,-84],[-123,0],[-122,0],[0,-85],[-123,0],[0,-84],[0,-85],[-123,0],[-122,0],[0,-84],[-123,0],[0,-84],[-123,0],[0,-85],[-123,0],[0,-84],[-122,0],[0,-84],[0,-85],[-123,0],[0,-84],[-123,0],[0,-85],[-123,0],[0,-84],[-122,0],[0,-84],[0,-85],[-123,0],[0,-84],[-123,0],[0,-84],[-122,0],[0,-85],[-123,0],[0,-84],[-123,0],[0,-85],[0,-84],[-123,0],[0,-84],[-122,0],[0,-85],[-123,0],[-123,0],[0,-84],[0,-84],[-123,0],[-122,0],[0,-85],[-123,0],[0,85],[-123,0],[-122,0],[-123,0],[-123,0],[0,84],[-123,0],[-122,0],[0,84],[-123,0],[-123,0],[-123,0],[0,85],[-122,0],[-123,0],[-123,0],[0,84],[-122,0],[-123,0],[0,84],[-123,0],[0,85],[-123,0],[0,84],[-122,0],[0,85],[0,84],[-123,0],[0,84],[0,85],[-123,0],[0,84],[0,84],[-123,0],[0,85],[0,84],[-122,0],[0,85],[-123,0],[0,84],[-123,0],[-122,0],[0,84],[-123,0],[0,85],[-123,0],[-123,0],[0,84],[-122,0],[-123,0],[0,84],[-123,0],[0,85],[-123,0],[-122,0],[0,84],[-123,0],[-123,0],[0,85],[-123,0],[0,84],[-122,0],[-123,0],[0,84],[-123,0],[0,85],[-122,0],[0,84],[-123,0],[0,84],[0,85],[-123,0],[0,84],[0,85],[0,84],[0,84],[123,0],[0,85],[0,84],[0,84],[0,85],[0,84],[0,85],[-123,0],[0,84],[0,84],[0,85],[0,84],[0,84],[0,85],[0,84],[0,85],[0,84],[0,84],[0,85],[0,84],[0,84],[-123,0],[0,85],[0,84],[0,85],[0,84],[-122,0],[0,84],[0,85],[-123,0],[0,84],[0,84],[-123,0],[0,85],[-123,0],[0,84],[0,85],[0,84],[-122,0],[0,84],[0,85],[0,84],[0,84],[0,85],[0,84],[0,85],[0,84],[122,0],[0,84],[0,85],[123,0],[0,84],[123,0],[0,84],[123,0],[122,0],[0,85],[123,0],[123,0],[123,0],[0,84],[122,0],[123,0],[123,0],[122,0],[123,0],[123,0],[123,0],[122,0],[0,-84],[123,0],[123,0],[123,0],[0,-85],[122,0],[123,0],[0,-84],[123,0],[0,-84],[123,0],[122,0],[0,-85],[123,0],[0,-84],[123,0],[122,0],[123,0],[123,0],[123,0],[122,0],[123,0],[0,-84],[123,0],[0,84],[123,0],[122,0],[123,0],[123,0],[0,84],[122,0],[123,0],[0,85],[123,0],[0,84],[123,0],[122,0],[0,84],[123,0]],[[65291,15947],[123,0],[0,84],[123,0],[0,85],[123,0],[0,84],[122,0],[0,84],[0,85],[123,0],[0,84],[123,0],[123,0],[122,0],[0,85],[123,0],[123,0],[122,0],[123,0],[123,0],[123,0],[0,84],[122,0],[123,0],[123,0],[0,84],[123,0],[122,0],[123,0],[0,85],[123,0],[122,0],[123,0],[123,0],[0,84],[123,0],[122,0],[123,0],[0,84],[123,0],[123,0],[0,85],[122,0],[123,0],[0,84],[123,0],[0,85],[123,0],[0,84],[122,0],[0,84],[123,0],[0,85],[0,84],[0,84],[123,0],[0,85],[0,84],[0,85],[0,84],[0,84],[0,85],[0,84],[0,84],[0,85],[0,84],[0,85],[0,84],[-123,0],[0,84],[0,85],[0,84],[0,84],[0,85],[-123,0]],[[65537,22444],[0,84],[0,85],[-123,0],[0,84],[0,84],[-123,0],[0,85],[0,84],[-122,0],[0,84],[0,85],[0,84],[-123,0],[0,85],[-123,0],[0,84],[-122,0],[0,84],[0,85],[-123,0],[0,84],[-123,0],[0,84],[0,85],[-123,0],[0,84],[-122,0],[0,85],[0,84],[-123,0],[-123,0],[-123,0],[0,84],[-122,0],[0,85],[-123,0],[0,84],[-123,0],[0,84],[-122,0],[0,85],[-123,0],[0,84],[0,85],[0,84],[0,84],[-123,0],[0,85],[0,84],[0,84],[-123,0],[0,85],[-122,0],[0,84],[0,85],[-123,0],[0,84],[0,84],[-123,0],[0,85],[-123,0],[0,84],[-122,0],[0,84],[0,85],[-123,0],[0,84],[-123,0],[-122,0],[0,85],[0,84],[-123,0],[-123,0],[0,84],[0,85],[-123,0],[0,84],[-122,0],[0,84],[-123,0],[0,85],[-123,0],[-123,0],[-122,0],[0,84],[-123,0],[0,85],[-123,0],[-122,0],[0,84],[-123,0],[-123,0],[0,84],[-123,0],[0,85],[-122,0],[0,84],[-123,0],[0,84],[-123,0],[-123,0],[0,85],[-122,0],[0,84],[-123,0],[0,85],[-123,0],[-122,0],[0,84],[-123,0],[0,84],[-123,0],[0,85],[-123,0],[0,84],[-122,0],[0,84],[-123,0],[0,85],[0,84],[-123,0],[0,85],[0,84],[-123,0],[0,84],[-122,0],[0,85],[0,84],[-123,0],[0,84],[0,85],[-123,0],[0,84],[0,85],[-122,0],[0,84],[-123,0],[0,84],[-123,0],[0,85],[-123,0],[0,84],[-122,0],[-123,0],[0,84],[-123,0],[0,85],[-123,0],[0,84],[0,85],[-122,0],[0,84],[-123,0],[0,84],[0,85],[-123,0],[0,84],[-123,0],[-122,0],[-123,0],[-123,0],[-122,0],[0,-84],[-123,0],[0,-85],[-123,0],[0,-84],[0,-84],[-123,0],[-122,0],[-123,0],[0,84],[-123,0],[0,84],[0,85],[0,84],[0,84],[0,85],[123,0],[0,84],[0,85],[123,0],[0,84],[0,84],[122,0],[123,0],[0,85],[123,0],[0,84],[123,0],[0,84],[122,0],[123,0],[0,85],[123,0],[0,84],[122,0],[0,85],[0,84],[123,0],[0,84],[0,85],[0,84],[0,84],[0,85],[123,0],[0,84],[0,85],[123,0],[0,84],[122,0],[123,0],[123,0],[0,-84],[123,0],[122,0],[0,-85],[123,0],[123,0],[123,0],[0,-84],[122,0],[0,84],[123,0],[123,0],[0,85],[122,0],[123,0],[0,-85],[123,0],[0,-84],[123,0],[0,-85],[0,-84],[122,0],[0,-84],[123,0],[0,-85],[123,0],[0,-84],[123,0],[0,-84],[0,-85],[122,0],[0,-84],[123,0],[0,-85],[123,0],[0,-84],[122,0],[0,-84],[123,0],[123,0],[0,-85],[123,0],[122,0],[0,-84],[123,0],[123,0],[123,0],[122,0],[123,0],[123,0],[0,-84],[122,0],[123,0],[123,0],[0,-85],[123,0],[122,0],[123,0],[123,0],[123,0],[0,85],[122,0],[123,0],[0,84],[0,84],[123,0],[0,85],[0,84],[0,84],[122,0],[0,85],[123,0],[0,84],[0,85],[123,0],[0,84],[123,0],[122,0],[123,0],[123,0],[0,-84],[123,0],[122,0],[0,-85],[123,0],[0,-84],[123,0],[0,-85],[122,0],[123,0]],[[87014,169],[-122,0],[-123,0],[-123,0],[-123,0],[-122,0],[-123,0],[-123,0],[-122,0],[-123,0],[-123,0],[-123,0],[-122,0],[-123,0],[-123,0],[-123,0],[-122,0],[-123,0],[-123,0],[-122,0],[-123,0],[-123,0],[-123,0],[-122,0],[-123,0],[-123,0],[-123,0],[-122,0],[-123,0],[-123,0],[-122,0],[-123,0],[-123,0],[-123,0],[-122,0],[-123,0],[-123,0],[-123,0],[-122,0]],[[61364,253],[-123,0],[-122,0],[0,-84],[-123,0],[-123,0],[-122,0],[-123,0],[0,84],[-123,0],[-123,0],[-122,0],[-123,0],[0,85],[-123,0],[-123,0],[-122,0],[0,84],[-123,0],[-123,0],[-122,0],[0,84],[-123,0],[-123,0],[-123,0],[0,85],[-122,0],[-123,0],[0,84],[-123,0],[-123,0],[-122,0],[0,84],[-123,0],[-123,0],[0,85],[-122,0],[-123,0],[-123,0],[0,84],[-123,0],[-122,0],[0,85],[-123,0],[-123,0],[-123,0],[0,84],[-122,0],[-123,0],[-123,0],[0,84],[-123,0],[-122,0],[0,85],[-123,0],[-123,0],[-122,0],[0,84],[-123,0],[-123,0],[-123,0],[0,84],[-122,0],[-123,0],[0,85],[-123,0],[-123,0],[-122,0],[0,84],[-123,0],[-123,0],[-122,0],[0,85],[-123,0],[-123,0],[0,84],[-123,0],[-122,0],[-123,0],[0,84],[-123,0],[-123,0],[-122,0],[0,85],[-123,0],[-123,0],[-122,0],[0,84],[-123,0],[-123,0],[0,84],[-123,0],[-122,0],[-123,0],[0,85],[-123,0],[-123,0],[0,84],[-122,0],[-123,0],[-123,0],[0,85],[-122,0],[-123,0],[-123,0],[0,84],[-123,0],[-122,0],[0,84],[-123,0],[-123,0],[-123,0],[0,85],[-122,0],[-123,0],[-123,0],[0,84],[-122,0],[-123,0],[-123,0],[0,84],[-123,0],[-122,0],[0,85],[-123,0],[-123,0],[-123,0],[0,84],[-122,0],[-123,0],[-123,0],[0,85],[-122,0],[-123,0],[0,84],[-123,0],[-123,0],[-122,0],[0,84],[-123,0],[-123,0],[-123,0],[0,85],[-122,0],[-123,0],[0,84],[-123,0],[-122,0],[-123,0],[0,84],[-123,0],[-123,0],[0,85],[-122,0],[-123,0],[-123,0],[0,84],[-123,0],[-122,0],[0,85],[-123,0],[-123,0],[0,84],[-123,0],[-122,0],[-123,0],[0,84],[-123,0],[-122,0],[-123,0],[0,85],[-123,0],[-123,0],[0,84],[-122,0],[-123,0],[-123,0],[0,84]]],"transform":{"scale":[1.153418523055931,1.6775705564638872],"translate":[-20894.843261718455,-3022876.807922879]},"objects":{"SWZ_Agro-ecological_regions":{"type":"GeometryCollection","geometries":[{"arcs":[[0,1,2,3,4,5,6,7,8,9,10,11,12]],"type":"Polygon","properties":{"LEVEL1":"HV"}},{"arcs":[[13,14,15,16,17,18,19]],"type":"Polygon","properties":{"LEVEL1":"LE"}},{"arcs":[[[-14,20]],[[21,-16]]],"type":"MultiPolygon","properties":{"LEVEL1":"LR"}},{"arcs":[[22,-19,23,24,25,26,27,28,29],[30]],"type":"Polygon","properties":{"LEVEL1":"LW"}},{"arcs":[[[31,-30,32,-28,33,-7,34,-5,35,-3,36,-1]],[[-26,37,38,-11,39,-9,40]],[[41,-24,-18]],[[-31]]],"type":"MultiPolygon","properties":{"LEVEL1":"ML"}},{"arcs":[[[-2,-37]],[[-36,-4]],[[-35,-6]],[[-27,-41,-8,-34]],[[-40,-10]],[[-39,42,-12]],[[-29,-33]]],"type":"MultiPolygon","properties":{"LEVEL1":"MU"}}]}}}