{"type":"Topology","objects":{"data":{"geometries":[{"properties":{"id":null,"LEVEL1":"HV"},"type":"Polygon","arcs":[[-22,-40,-21,-43,-20,-39,-19,-36,-26,-33,-25,-29,0]],"id":0},{"properties":{"id":null,"LEVEL1":"LE"},"type":"Polygon","arcs":[[-5,1,-8,2,-14,-10,3]],"id":1},{"properties":{"id":null,"LEVEL1":"LR"},"type":"MultiPolygon","arcs":[[[4,5]],[[6,7]]],"id":2},{"properties":{"id":null,"LEVEL1":"LW"},"type":"Polygon","arcs":[[8,9,-13,10,-23,-34,-18,-30,-17],[14]],"id":3},{"properties":{"id":null,"LEVEL1":"ML"},"type":"MultiPolygon","arcs":[[[11,12,13]],[[14]],[[15,16,-31,17,-37,18,-38,19,-42,20,-41,21]],[[22,23,-27,24,-32,25,-35]]],"id":4},{"properties":{"id":null,"LEVEL1":"MU"},"type":"MultiPolygon","arcs":[[[26,27,28]],[[29,30]],[[31,32]],[[33,34,35,36]],[[37,38]],[[39,40]],[[41,42]]],"id":5}],"type":"GeometryCollection"}},"bbox":[30.790005383930467,-27.31485256193403,32.1355603737125,-25.71419705559138],"transform":{"scale":[1.3455563353383693e-06,1.6006571069997545e-06],"translate":[30.790005383930467,-27.31485256193403]},"arcs":[[[393382,37304],[-1065,-2],[-3,804],[-1056,-2],[-1064,-2],[-3,795],[-1064,-3],[-1056,-1],[-3,803],[-1065,-2],[-1064,-2],[-1065,-1],[-3,794],[-1056,-2],[-1064,-2],[-3,795],[-1064,-2],[-1065,-2],[-1056,-2],[-3,804],[-1064,-2],[-1065,-2],[-1056,-2],[-2,795],[-1065,-2],[-1064,-2],[-3,794],[-1065,-2],[-1055,-1],[-1065,-2],[-3,804],[-1064,-2],[-1065,-2],[-1056,-2],[-2,795],[-1065,-2],[-1064,-2],[-2,804],[-1056,-2],[-1065,-2],[-1064,-1],[-3,794],[-1064,-2],[-1056,-1],[-1065,-2],[-2,794],[-1065,-1],[-1064,-2],[-2,804],[-1056,-2],[-1065,-2],[-1064,-1],[-3,794],[-1055,-2],[-1065,-1],[-1064,-2],[-3,795],[-1064,-2],[-1056,-2],[-2,804],[-1065,-1],[-1064,-2],[-1065,-2],[-2,795],[-1056,-2],[-1064,-1],[-1064,-2],[-3,804],[-1055,-2],[-1065,-1],[-2,794],[-1064,-1],[-1065,-2],[-1056,-2],[-2,795],[-1064,-2],[-1065,-1],[-1064,-2],[-2,804],[-1056,-1],[-1064,-2],[-2,795],[-1065,-2],[-1055,-1],[-1065,-2],[-2,795],[-1064,-2],[-1064,-1],[-2,804],[-1056,-2],[-1065,-1],[-1064,-2],[-2,795],[-1064,-1],[-1056,-2],[-1064,-1],[-2,804],[-1065,-2],[-1064,-1],[-2,794],[-1055,-1],[-1065,-1],[-1064,-2],[-2,795],[-1056,-2],[-2128,-2],[-2,804],[-1064,-2],[-1056,-1],[-2,795],[-1064,-2],[-1064,-1],[-1065,-1],[-1,794],[-1056,-1],[-1064,-1],[-1065,-2],[-1,804],[-1056,-1],[-1064,-1],[-2,794],[-2128,-2],[-1056,-1],[-2,803],[-3192,-3],[-2,794],[-1056,-1],[-1064,-1],[-1,795],[-1065,-2],[-1055,-1],[-1065,-1],[-1,804],[-1064,-1],[-1065,-1],[-1055,-1],[-2,794],[-2128,-2],[-1,794],[-1065,-1],[-1055,-1],[-1064,-1],[-2,804],[-1064,-1],[-1056,-1],[-1,795],[-1064,-2],[-2128,-2],[-2,804],[-1055,-1],[-1065,-1],[-1064,-1],[-1,795],[-1064,-1],[-1056,-1],[-1,794],[-2128,-2],[-2,804],[-1055,-1],[-1,795],[-1064,-1],[-2,795],[-1064,-1],[-1,804],[-1,794],[-1064,-1],[-2,804],[-1055,-1],[-1,795],[-1064,-1],[-1,794],[-2,804],[-1064,-1],[-1,795],[-1064,-1],[-1,794],[-1055,0],[-2,804],[-1,794],[-1064,-1],[-1,804],[-1064,-1],[-1,795],[-1055,-1],[-1,794],[-1064,0],[-2,804],[-1,794],[-1064,-1],[-1,795],[-1064,-1],[-1,804],[-1055,-1],[-1,795],[-1,803],[-1064,0],[-1,794],[-1064,-1],[-1,795],[-1064,-1],[-1,804],[-1,795],[-1055,-1],[-1,794],[-1064,0],[-1,803],[-1064,0],[-1,794],[-1,804],[-1055,-1],[-1,795],[-1064,-1],[-1,795],[-1063,-1],[-1,804],[-1,794],[-1064,0],[-1,794],[-1055,0],[-1,803],[-1064,0],[-1,794],[-1063,0],[-1,804],[-1,794],[-1064,-1],[-1,795],[-1055,-1],[-1,804],[-1063,-1],[-2,1590],[-1064,-1],[-1,804],[-1055,-1],[-1,795],[-1063,-1],[-1,804],[-1,794],[-1063,0],[-1,794],[-1064,0],[-1,804],[-1055,-1],[0,795],[-1,794],[-1064,0],[0,803],[-1064,0],[-1,794],[-1063,0],[-1,804],[-1055,-1],[-1,795],[0,794],[-1064,0],[-1,804],[-1063,-1],[-1,795],[-1063,-1],[-1,795],[-1,803],[-1055,0],[0,794],[-1064,0],[0,804],[-1064,-1],[0,795],[-1,794],[-1055,0],[-1,804],[-1063,-1],[-1,795],[-1063,-1],[-1,795],[0,804],[-1064,-1],[0,795],[-1055,-1],[-1,804],[-1063,0],[0,794],[-1064,0],[0,794],[-1,804],[-1063,0],[-1,794],[-1054,0],[-1,795],[-1063,-1],[-1,804],[0,795],[-1064,-1],[0,804],[-1055,0],[0,794],[-1063,0],[-1,794],[0,804],[-1064,0],[0,794],[-2118,0],[0,794],[-1063,0],[-1,804],[-1063,-1],[-1,795],[-1063,0],[0,804],[-1055,-1],[-1063,0],[0,794],[-1063,0],[-1,795],[-1054,-1],[-1,804],[-1063,0],[0,794],[-2126,0],[-1,794],[-1054,0],[0,804],[-1063,0],[-1,794],[-1063,0],[0,804],[-1063,0],[0,794],[-2118,0],[0,794],[-1063,0],[0,804],[-1055,0],[0,794],[-1063,0],[0,795],[-1063,0],[0,804],[-1063,-1],[-1,795],[-1054,0],[0,804],[-1063,-1],[0,795],[-1063,0],[0,794],[-1063,0],[0,804],[-1055,0],[0,795],[-1063,-1],[-1063,0],[0,795],[-1054,0],[0,804],[-1063,0],[0,794],[-1063,0],[0,804],[-1063,0],[0,794],[-1054,0],[0,795],[-1063,0],[0,804],[-1063,0],[0,794],[-1063,0],[0,795],[-1054,0],[0,804],[-1063,0],[0,794],[-2117,0],[0,804],[-1062,0],[0,795],[-1063,0],[0,794],[-1063,0],[0,804],[-1054,0],[0,795],[-1062,0],[0,794],[-1063,0],[0,804],[-1063,0],[0,795],[-1054,0],[0,804],[-1062,0],[0,794],[-1063,0],[-1054,1],[0,794],[1,804],[-1063,0],[0,1589],[-1062,0],[0,1599],[-1063,0],[1,804],[-1054,0],[0,1589],[-1062,0],[0,1599],[-1063,0],[1,794],[0,804],[-1063,0],[0,795],[1,804],[-1054,0],[0,795],[-1062,0],[0,1598],[-1062,0],[0,1590],[-1062,0],[0,1598],[-1053,0],[0,1599],[-1062,0],[0,795],[-1062,0],[0,1598],[-1053,1],[0,1598],[-1062,0],[0,795],[1,804],[-1063,0],[1,795],[0,794],[-1062,0],[0,1599],[-1053,0],[0,795],[1054,-1],[0,1599],[1063,0],[0,1598],[1062,0],[1,794],[0,804],[1062,0],[0,795],[1,794],[0,804],[1053,0],[1,795],[1062,-1],[0,1599],[1,794],[0,804],[1062,0],[0,1589],[1,804],[1053,0],[0,1599],[1062,-1],[1,795],[0,794],[1062,0],[0,2393],[1062,0],[1,804],[0,2393],[1053,0],[1,795],[0,3197],[1062,-1],[0,795],[1,804],[0,3188],[1,794],[0,3992],[1,804],[0,3187],[1,804],[0,1589],[-1062,1],[1,803],[0,3188],[1,804],[0,1589],[-1053,0],[0,804],[1,795],[0,794],[-1062,1],[1,804],[0,794],[-1062,0],[1,804],[-1062,0],[1,795],[-2115,0],[1,795],[-1062,0],[1,804],[-1053,0],[0,795],[-1061,0],[0,795],[-1061,0],[0,804],[-1061,0],[0,795],[-2114,0],[1,804],[0,795],[-2123,0],[1,795],[-1053,0],[1,804],[-1062,0],[1,795],[-1062,0],[1,795],[-2114,0],[0,804],[-1061,1],[1,794],[-1062,1],[1,804],[-1053,0],[1,794],[-1061,1],[-1062,0],[1,795],[-1061,0],[0,804],[-1052,0],[0,795],[-1061,0],[1,795],[-1061,0],[0,804],[-1052,1],[0,794],[-1061,1],[1,804],[-1061,0],[0,795],[-1061,0],[1,795],[-1053,0],[1,804],[-1061,1],[0,794],[-1061,1],[1,794],[-1061,1],[1,804],[-1053,0],[1,795],[-1061,0],[0,804],[-1061,1],[-1052,0],[1,795],[-1061,0],[0,795],[-1060,0],[0,804],[-1061,1],[-1052,0],[1,795],[-1061,0],[-1061,1],[1,795],[-1061,0],[0,804],[1,795],[-1052,0],[1,804],[-1061,1],[0,794],[1,795],[-1061,1],[1,804],[1,794],[-1052,1],[1,794],[0,804],[1,795],[-1061,0],[1,804],[2,1590],[1,804],[-1061,0],[1,795],[1,794],[0,804],[1,795],[1,804],[1,794],[1,795],[-1061,0],[1,805],[1,794],[1,795],[1,804],[0,794],[1,804],[1,795],[-1052,0],[1,795],[1,804],[-1061,1],[1,794],[1,795],[1,804],[1,794],[1,804],[0,795],[1,794],[1,804],[1,795],[1,794],[1,804],[1,795],[-1061,1],[1,804],[1,794],[1,795],[1,804],[1,794],[1,795],[0,804],[1,794],[1,804],[1,795],[-1060,1],[1,794],[1,804],[0,795],[1,794],[1,804],[1,795],[-1051,0],[-1,-794],[-1061,1],[-1,-804],[0,-795],[-1,-795],[-1,-804],[-1,-794],[-1,-795],[-1060,1],[-1,-804],[-1,-794],[-1,-804],[-2,-1590],[-1,-804],[-1052,1],[-1,-794],[-1,-795],[-1060,1],[-1,-804],[-1061,0],[-1060,1],[-1052,1],[-1,-795],[-1060,1],[-1061,1],[-1,-804],[-1060,1],[-1052,0],[-1060,1],[-1061,1],[-1,-794],[-1052,0],[-1060,1],[-1,-794],[-1061,0],[-1,-804],[-1060,1],[-2,-794],[-1051,1],[-2,-795],[-1060,1],[-1,-804],[-1061,1],[-1,-795],[-1060,1],[-2,-804],[-1052,1],[2,804],[-1061,1],[-1060,1],[-1052,1],[-1061,0],[-1,-804],[-1061,1],[-1060,1],[-1052,1],[-1,-794],[-1061,1],[-1,-795],[-1061,1],[-1,-804],[-1061,1],[-1,-794],[-1052,0],[-1,-794],[-1061,1],[-1060,1],[-2,-804],[-1060,1],[-1052,1],[-1061,1],[-1,-795],[-1061,1],[-1,-804],[-1052,1],[-2,-794],[-1,-795],[-1061,1],[-1,-804],[-1061,2],[-1,-795],[-2,-795],[-1060,2],[-2,-804],[-1052,1],[-1,-795],[-1061,1],[-2,-804],[-1060,1],[-2,-794],[-1061,1],[-1,-795],[-1052,1],[-1061,1],[-1061,2],[-1,-804],[-1052,1],[-3183,3],[2,804],[1,795],[-1052,1],[2,794],[1,804],[2,795],[2,804],[-1061,1],[1,795],[2,794],[2,804],[1,795],[-1061,1],[2,795],[2,804],[1,794],[2,804],[1,795],[-1060,1],[1,794],[2,804],[2,795],[1,794],[-1052,2],[2,804],[1,794],[2,804],[2,795],[-1061,1],[2,795],[1,804],[2,794],[2,795],[-1061,1],[2,804],[1,794],[2,804],[2,795],[-1052,1],[2,795],[1,804],[2,794],[2,795],[1,804],[-1060,1],[1,795],[2,804],[2,794],[1,795],[-1060,1],[2,804],[1,794],[2,795],[2,804],[-1060,1],[1,795],[2,804],[2,794],[1,795],[2,804],[2,794],[1,804],[-1051,2],[1,794],[2,795],[2,804],[1,794],[2,795],[2,804],[2,794],[1,805],[2,794],[2,795],[-1060,1],[1,804],[2,794],[2,795],[1,804],[2,795],[2,804],[1,794],[2,795],[2,804],[2,794],[1,795],[-1060,1],[2,804],[2,795],[1,804],[2,794],[2,795],[2,804],[1,794],[2,795],[2,804],[1,794],[2,804],[-1060,2],[2,794],[2,795],[1,804],[2,794],[2,795],[2,804],[1,794],[2,804],[2,795],[-1051,1],[1,795],[2,804],[2,794],[2,795],[-1060,1],[2,804],[1,795],[2,804],[2,794],[2,795],[1,804],[2,795],[2,794],[2,804],[1,795],[2,804],[2,794],[2,795],[1,804],[2,794],[2,795],[2,804],[1,794],[2,804],[4,1590],[1,804],[2,794],[2,795],[1059,-2],[2,804],[2,795],[1,804],[2,795],[2,794],[2,804],[1,795],[2,794],[2,804],[1,795],[2,804],[2,794],[2,795],[1,804],[2,795],[2,794],[1,804],[2,795],[2,804],[2,794],[1,795],[2,804],[2,794],[2,795],[1,804],[2,795],[2,804],[1,794],[2,795],[2,804],[2,794],[1,795],[2,804],[2,794],[2,804],[1,795],[2,795],[2,804],[1,794],[2,795],[2,804],[2,794],[1,804],[2,795],[2,794],[1,804],[4,1590],[2,804],[1,794],[2,804],[2,795],[2,794],[1,804],[2,795],[2,794],[1050,-1],[1,804],[2,795],[2,804],[2,794],[1,795],[2,804],[2,794],[1,795],[2,804],[2,795],[2,804],[1,794],[2,795],[2,804],[1,794],[2,795],[2,804],[2,795],[1,804],[2,794],[2,795],[1,804],[2,794],[2,795],[1,804],[2,794],[2,804],[2,795],[1,795],[2,804],[2,794],[1,795],[2,804],[2,794],[-1050,2],[2,804],[2,794],[1,795],[2,804],[1050,-1],[1,794],[2,795],[2,804],[1,794],[2,804],[2,795],[2,794],[1,805],[2,794],[2,795],[1058,-2],[2,804],[1,795],[2,804],[2,795],[1,794],[2,804],[2,795],[1,794],[2,804],[2,795],[1058,-1],[1,804],[2,794],[2,795],[1,804],[2,794],[2,795],[2,804],[1057,-1],[2,794],[2,804],[1,795],[2,795],[2,804],[1,794],[2,795],[2,804],[1,794],[2,804],[1049,-1],[2,795],[2,794],[1,804],[2,795],[2,794],[1,804],[2,795],[2,804],[1057,-1],[2,794],[2,795],[1,804],[2,795],[1,794],[2,804],[2,795],[1,804],[1058,-1],[2,794],[1,795],[2,804],[2,794],[1,795],[2,804],[1,795],[2,804],[2,794],[1,795],[2,804],[1057,-1],[2,794],[2,795],[1,804],[2,794],[2,804],[1048,-1],[2,795],[2,794],[1,804],[2,795],[1,795],[2,804],[2,794],[1057,-1],[2,804],[1,795],[2,794],[1,804],[2,795],[1,794],[1058,-1],[1,804],[2,795],[2,804],[1048,-1],[2,794],[1,795],[1058,-1],[1,804],[2,794],[1057,-1],[1,795],[2,804],[1057,-1],[2,794],[1,804],[2,795],[1048,-1],[2,794],[1,804],[2,795],[1057,-1],[1,794],[2,804],[1057,-1],[2,795],[1,804],[1057,-1],[2,794],[1,795],[2,804],[1048,-1],[1,794],[2,795],[1057,-1],[1,804],[2,794],[1,804],[1057,-1],[2,795],[1,795],[1049,-2],[1,804],[1,795],[1057,-1],[2,795],[1,804],[1057,-1],[2,794],[1,804],[1057,-1],[1,795],[2,794],[1,804],[1048,-1],[2,795],[1,794],[1,805],[1057,-2],[2,795],[1,804],[1057,-1],[1,795],[1057,-1],[1,794],[1048,-1],[2,804],[1,795],[1057,-1],[1,794],[1057,-1],[1,804],[1048,-1],[2,795],[1056,-1],[2,804],[1056,-1],[2,795],[1,794],[1057,-1],[1,804],[1048,-1],[1,795],[1057,-1],[1,795],[1057,-1],[1,804],[1057,-1],[1,794],[1048,0],[1,804],[1057,-1],[1,794],[1057,-1],[1,795],[1056,-1],[1,804],[2,795],[1048,-1],[1,794],[1056,0],[1,804],[2,794],[1056,-1],[1,804],[1,795],[1048,-1],[1,795],[2,804],[1056,-1],[1,794],[1,795],[1057,-1],[1,804],[1,795],[1056,-1],[2,804],[1,795],[1047,-1],[2,794],[1,805],[1056,-1],[1,794],[1,795],[1056,-1],[2,804],[1,795],[1056,-1],[1,804],[1,795],[1048,-1],[1,794],[1,804],[1056,0],[1,794],[1,795],[1,804],[1056,-1],[1,795],[2,804],[1047,-1],[1,795],[1,794],[1056,-1],[1,805],[1,794],[1057,-1],[0,795],[1,804],[1057,-1],[1,795],[1,804],[1047,-1],[1,795],[1,794],[1056,0],[1,804],[1,794],[1056,0],[1,794],[1056,0],[1,804],[1,794],[1047,0],[1,804],[1,794],[1056,-1],[1,795],[1,804],[1056,-1],[2,1590],[1047,-1],[1,804],[1056,-1],[1,795],[1056,-1],[1,804],[1056,0],[1,794],[0,795],[1048,-1],[1,804],[1056,0],[0,794],[1056,0],[1056,-1],[1,795],[1047,-1],[1,804],[1056,0],[1,794],[1056,0],[0,804],[1048,-1],[0,795],[1056,-1],[1,795],[1056,-1],[1,804],[1055,0],[1,794],[1047,0],[1,794],[1056,0],[1,804],[1055,-1],[1,795],[1056,0],[0,804],[1048,-1],[1055,0],[1,794],[1056,0],[0,794],[1048,0],[0,804],[1056,0],[1,794],[1055,0],[1,794],[1056,0],[0,804],[1047,-1],[1,795],[1056,0],[0,804],[1056,-1],[0,795],[1056,-1],[1,795],[1047,0],[0,804],[1056,-1],[0,795],[1056,0],[0,794],[1047,0],[1,804],[1056,-1],[1055,0],[1,795],[1055,-1],[1,804],[1047,0],[0,795],[1056,-1],[0,795],[1056,0],[0,804],[1056,-1],[0,795],[1047,0],[1,794],[0,804],[1055,0],[1,795],[1055,-1],[1,804],[2102,0],[0,795],[1056,-1],[0,795],[1056,0],[0,804],[1047,-1],[0,795],[1056,0],[0,1598],[1056,0],[0,1599],[1056,0],[0,1589],[1047,0],[0,804],[1,794],[1055,0],[0,804],[1,795],[1055,0],[0,1598],[1047,0],[0,795],[1056,0],[0,2393],[1056,0],[0,1598],[1055,0],[0,795],[1,804],[1046,0],[0,794],[1,795],[1055,0],[0,1599],[1055,-1],[1,805],[1055,-1],[0,1590],[1047,-1],[0,1599],[1055,0],[0,1599],[1055,0],[0,794],[1,804],[1055,0],[0,1589],[1046,0],[0,804],[1,795],[1055,0],[0,1599],[1055,0],[0,1598],[1046,0],[0,1590],[1055,-1],[0,1599],[1055,0],[0,795],[1,804],[1054,0],[0,1598],[1047,0],[0,2394],[1055,0],[0,794],[1055,0],[0,1599],[1054,0],[0,1599],[1047,0],[-1,794],[0,795],[1055,0],[0,1599],[1055,0],[0,1598],[1046,1],[0,1598],[1055,0],[-1,795],[0,795],[1055,0],[0,1598],[1055,0],[-1,795],[0,804],[1046,0],[0,795],[1055,0],[0,1599],[1054,0],[0,1598],[1055,0],[-1,795],[0,1599],[1046,0],[0,1599],[1054,0],[0,1589],[1055,0],[-1,804],[0,795],[1046,0],[0,1599],[1054,0],[0,1598],[1054,1],[0,1589],[1054,0],[0,1599],[1045,0],[0,794],[1055,1],[-1,804],[0,794],[1054,1],[0,1598],[1054,0],[0,1599],[1045,0],[0,1590],[1054,0],[0,1599],[1054,0],[0,804],[-1,794],[1046,1],[0,794],[-1,804],[1054,1],[0,1589],[1054,0],[0,804],[-1,795],[1055,0],[-1,804],[0,795],[1045,0],[0,1599],[1054,0],[-1,795],[0,794],[1054,1],[0,804],[-1,794],[1054,1],[0,1598],[1045,1],[0,794],[-1,804],[0,795],[1054,0],[0,795],[-1,804],[1054,0],[0,795],[-1,804],[1046,0],[-1,795],[0,795],[1054,0],[-1,804],[0,795],[1054,0],[-1,795],[0,804],[1054,0],[-1,795],[0,804],[1045,0],[0,795],[-1,794],[0,805],[1053,0],[0,795],[-1,794],[1054,1],[0,804],[-1,794],[1054,1],[0,804],[-1,794],[1045,1],[0,794],[-1,804],[1054,1],[-1,794],[0,795],[1054,1],[-1,804],[-1,794],[1046,1],[-1,804],[-1,794],[1054,1],[0,794],[-1,805],[1054,0],[-1,795],[-1,794],[0,804],[1053,1],[0,794],[-1,805],[1045,0],[0,795],[-1,794],[1054,1],[-1,804],[-1,794],[1054,1],[-1,795],[0,804],[1053,0],[0,795],[-1,804],[-1,794],[1045,1],[0,795],[-1,804],[1053,0],[0,795],[-1,794],[-1,805],[1054,0],[-1,795],[0,804],[1044,0],[0,795],[-1,795],[1053,0],[0,804],[-1,795],[1053,0],[0,795],[-1,804],[1053,1],[0,794],[-1,804],[1045,1],[-1,795],[-1,794],[-1,804],[1054,1],[-1,794],[-1,795],[1053,1],[0,804],[-1,794],[1053,1],[-1,804],[0,795],[1044,0],[0,795],[-1,804],[-1,795],[1053,0],[-1,795],[0,804],[1053,1],[-1,794],[-1,804],[1053,1],[0,795],[1044,0],[-1,795],[-1,804],[0,795],[1053,0],[-1,795],[-1,804],[1053,1],[-1,794],[-1,804],[1045,1],[-1,795],[-1,794],[1053,1],[-1,804],[-1,795],[0,794],[1053,1],[-1,804],[-1,795],[1053,0],[-1,804],[-1,795],[1044,1],[0,794],[-1,804],[-1,795],[1053,1],[-1,794],[-1,805],[-1,794],[-1,804],[-2,1590],[1053,0],[-1,804],[-2,1590],[-1,804],[-1,794],[1053,1],[-1,804],[-1,795],[-1,794],[-1,805],[1045,0],[-2,1590],[-1,804],[-1,794],[-1,804],[1053,1],[-1,795],[-1,794],[-1,804],[-1,795],[1052,1],[-1,795],[-1,804],[0,794],[-1,804],[-1,795],[1044,1],[-1,794],[-1,804],[-2,1590],[-1,804],[-1,795],[1052,0],[-1,804],[-2,1590],[-1,804],[-1,794],[1053,1],[-1,795],[-1,804],[-1,795],[-1,804],[-1,794],[-1,795],[1052,1],[-1,804],[1044,1],[-1,794],[1052,1],[1053,1],[-1,794],[1052,1],[-1,804],[1044,1],[-1,795],[1052,1],[-1,804],[1052,1],[-1,794],[1044,1],[-1,795],[1052,1],[1052,0],[-1,804],[1053,1],[-2,795],[1044,1],[-1,794],[1052,1],[-1,804],[1052,1],[-1,795],[1052,1],[-1,804],[1044,1],[-1,795],[1052,0],[-1,795],[1052,1],[-1,804],[1043,1],[-1,795],[1052,1],[-1,794],[1052,1],[-1,804],[1052,1],[-1,795],[1044,1],[1052,1],[-2,804],[1053,1],[-2,795],[1052,1],[-1,794],[1044,1],[-2,804],[1052,1],[-1,795],[1052,1],[-1,795],[1043,1],[-1,804],[1052,1],[-1,794],[1052,1],[-2,805],[1052,1],[-1,794],[1044,1],[1052,1],[-2,795],[1052,1],[-1,804],[1052,1],[-2,795],[1044,1],[-2,795],[1052,1],[-1,804],[1052,1],[-2,795],[1044,1],[1052,1],[-2,804],[1052,1],[-1,795],[1052,1],[-2,795],[1044,1],[-2,804],[1052,1],[-1,795],[1051,1],[1052,1],[-1,795],[1043,1],[-1,804],[1051,1],[-1,795],[1052,1],[-2,804],[1043,1],[-1,795],[1052,1],[-2,795],[1052,1],[-2,804],[1052,1],[-1,795],[1043,1],[-2,795],[2104,2],[-2,805],[1052,1],[-2,794],[1043,2],[-1,804],[1052,1],[-2,795],[1052,1],[-2,795],[1043,1],[-2,804],[1052,1],[-2,795],[1052,1],[-2,795],[1052,1],[-2,804],[1044,2],[-2,794],[1051,2],[-1,804],[1051,1],[1052,2],[-2,794],[1043,2],[-1,794],[1051,2],[-2,804],[1052,1],[-2,795],[1052,1],[-2,795],[1043,1],[-2,804],[1052,2],[-2,794],[1052,2],[-2,804],[1043,1],[-2,795],[1051,1],[-1,795],[1051,2],[-2,804],[1052,1],[-2,795],[1043,1],[-2,795],[1051,1],[-1,805],[1051,1],[1052,1],[-2,795],[1043,2],[-2,804],[1051,1],[-2,795],[1052,1],[-2,795],[1043,2],[-2,804],[1051,1],[-2,795],[1051,1],[-2,795],[1052,2],[-2,804],[1043,1],[-2,795],[1051,2],[-2,804],[1051,1],[1052,2],[-2,794],[1043,2],[-3,795],[1052,1],[-2,804],[-2,795],[1051,2],[-2,794],[1043,2],[-2,804],[-3,795],[1052,1],[-2,804],[1051,2],[-2,795],[-2,794],[1051,2],[-2,804],[1042,2],[-2,794],[1052,2],[-3,795],[-2,804],[1051,1],[-2,795],[1051,2],[-2,804],[-2,795],[1043,1],[-2,795],[1051,2],[-3,804],[1052,1],[-3,795],[-2,795],[1043,1],[-2,805],[1051,1],[-3,795],[-2,804],[1051,2],[-2,794],[1051,2],[-2,795],[-2,804],[1042,2],[-2,794],[1051,2],[-2,795],[-3,804],[1051,2],[-2,794],[1051,2],[-2,804],[1042,2],[-2,795],[-2,794],[1051,2],[-3,804],[1051,2],[-2,795],[-2,794],[1042,2],[-2,804],[1051,2],[-3,795],[-2,804],[1051,1],[-3,795],[1051,2],[-2,795],[1042,1],[-2,805],[1051,1],[-3,795],[-2,795],[1051,2],[-3,804],[1051,2],[-2,794],[1042,2],[-2,804],[1051,2],[-3,795],[-2,794],[1051,2],[-3,804],[1042,2],[-2,795],[1051,2],[-3,794],[1051,2],[-3,805],[1051,1],[-2,795],[1042,2],[2102,4],[-3,804],[1051,2],[1042,2],[1051,2],[1050,2],[-2,795],[1042,1],[1051,2],[1051,3],[1050,2],[-2,794],[1042,2],[1051,2],[1050,2],[1051,2],[-3,804],[1043,2],[1050,3],[1051,2],[-3,794],[1051,2],[1042,2],[1051,3],[1051,2],[-3,794],[1042,2],[1051,3],[1051,2],[1050,2],[-3,804],[1043,2],[1050,2],[1051,2],[-3,795],[1051,2],[1042,2],[1051,3],[-3,804],[1050,2],[1043,2],[1050,2],[1051,3],[-3,794],[1051,2],[1042,3],[1050,2],[1051,2],[-3,795],[1051,2],[1042,2],[1051,3],[1050,2],[-3,804],[1042,2],[1051,3],[1051,2],[1050,2],[-3,795],[1042,2],[1051,3],[1051,2],[-4,795],[1051,2],[1042,2],[1051,3],[1050,2],[-3,804],[1042,3],[1051,2],[1050,2],[-3,795],[1051,3],[1042,2],[1051,2],[1050,3],[-3,804],[1050,2],[1042,3],[1051,2],[1051,3],[-4,795],[1042,2],[1051,2],[1051,3],[3,-795],[1050,3],[1042,2],[4,-804],[1050,3],[4,-795],[1050,3],[1051,2],[3,-804],[1042,3],[4,-795],[1050,3],[1051,2],[3,-794],[1042,2],[4,-804],[1050,3],[1051,2],[4,-794],[1050,2],[4,-794],[1042,2],[1050,3],[4,-804],[1051,2],[3,-794]],[[910898,317880],[-1060,-6],[8,-795],[-1052,-6],[9,-794],[-1061,-7],[9,-804]],[[869679,37],[-1065,-6],[-1066,-7],[-1065,-6],[-1056,-6],[-2130,-12],[-8,794],[-1066,-6],[-1056,-6],[-3195,-18],[-1057,-6],[-2130,-12],[-1056,-6],[-1065,-6],[-1066,-6],[-1065,-6],[-1056,-6],[-3195,-18],[-1057,-6],[-2130,-12],[-1057,-5],[-3195,-18],[-1056,-6],[-1065,-6],[-1066,-6],[-1065,-6],[-1056,-5],[-2130,-12],[-1057,-6],[-1065,-6],[-1065,-5],[-1065,-6],[-1057,-6],[-1065,-6],[-1065,-5],[-1065,-6],[-1057,-6],[-1065,-6],[-1065,-5],[-1056,-6],[-1065,-6],[-1065,-5],[-1066,-6],[-1056,-6],[-1065,-5],[-2130,-12],[-1057,-5],[-2130,-12],[-1057,-5],[-1065,-6],[-1065,-5],[-1065,-6],[-1056,-5],[-1066,-6],[-1065,-6],[-1065,-5],[-1056,-6],[-1065,-5],[-1066,-6],[-1056,-5],[-1065,-6],[-1065,-5],[-1065,-6],[-1057,-5],[-1065,-6],[-2130,-10],[-1057,-6],[-1065,-5],[-1065,-6],[-1057,-5],[-1065,-5],[-1065,-6],[-1065,-5],[-1057,-6],[-2130,-10],[-1065,-6],[-1056,-5],[-1066,-5],[-1065,-6],[-1065,-5],[-1056,-5],[-1065,-5],[-1066,-6],[-1056,-5],[-1065,-5],[-1065,-6],[-1066,-5],[-1056,-5],[-2130,-10],[-7,803],[-1065,-5],[-1057,-5],[-2130,-10],[-1057,-5],[-1065,-6],[-2130,-10]],[[761525,845413],[1053,5],[7,-804],[1052,5],[7,-794],[1044,5],[1053,5],[6,-795],[1053,5],[7,-804],[1052,5],[7,-795],[1044,5],[1053,6],[6,-795],[1053,5],[7,-804],[1053,5],[1044,5],[6,-794],[1053,5],[7,-804],[2106,10],[6,-795],[1044,5],[7,-794],[1053,5],[7,-804],[1052,5],[1045,5],[6,-794],[1053,5],[7,-795],[2106,10],[6,-804],[1045,6],[6,-795],[1053,5],[7,-804],[1053,5],[1053,6],[7,-795],[1044,5],[7,-794],[2106,10],[6,-804]],[[910898,317880],[-9,804],[-1060,-6],[-8,794],[-1052,-6],[-1060,-7],[-9,795],[-1060,-7],[-8,804],[-9,795],[-1060,-7],[-8,804],[-1052,-6],[-8,794],[-1061,-6],[-8,795],[-8,803],[-1061,-6],[-8,795],[-8,794],[-1052,-6],[-8,804],[-8,794],[-9,804],[-1060,-6],[-8,794],[-9,794],[-8,804],[-8,795],[-9,794],[-1060,-6],[-8,804],[-8,794],[-9,804],[-8,794],[-8,795],[-9,804],[-8,794],[-8,804],[1060,6],[-9,795],[-8,794],[-8,804],[-9,795],[-8,794],[1060,6],[-8,804],[-9,795],[-8,804],[-8,794],[-9,794],[-8,804],[-8,795],[-9,794],[-8,804],[-8,794],[-9,804],[1052,7],[-9,794],[-8,794],[-8,804],[-9,795],[-8,794],[-8,804],[-9,795],[-8,803],[-8,795],[-9,794],[-8,804],[-8,795],[-9,794],[-8,804],[-8,794],[-9,804],[-8,795],[-8,794],[1059,6],[-8,804],[-9,795],[-8,794],[-8,804],[-9,795],[-8,803],[-8,795],[-9,794],[1060,7],[-8,804],[-9,794],[-8,794],[-8,804],[-9,795],[-8,804],[-9,794],[-8,794],[-8,804],[-9,795],[-8,794],[-8,804],[-9,795],[1051,6],[-8,804],[-9,794],[-8,795],[-8,804],[-9,794],[-8,794],[-8,804],[-9,795],[-8,804],[-8,794],[-9,794],[1060,7],[-9,804],[-8,794],[-9,795],[-8,803],[-8,795],[-9,804],[-8,794],[-8,795],[1059,6],[-9,804],[-8,794],[-8,795],[-9,804],[-8,794],[-1059,-6],[-9,804],[-8,794],[-8,795],[1059,6],[-9,804],[-8,794],[-8,795],[-1059,-7],[-9,804],[-8,795],[-8,804],[-9,794],[1059,6],[-8,795],[-8,804],[-1059,-7],[-9,795],[1059,6],[-8,795],[-8,803],[-1059,-6],[-9,795],[-8,803],[-8,795],[-9,794],[-8,804],[-8,795],[-1059,-7],[-8,795],[-9,804],[-8,794],[-9,804],[-8,795],[-8,794],[-8,804],[-9,794],[1059,7],[-8,794],[-9,804],[-1058,-6],[-9,794],[-8,804],[-1050,-6],[-8,794],[-9,795],[-8,804],[-1059,-7],[-8,795],[-8,794],[-1059,-6],[-8,804],[-1050,-6],[-8,794],[-1059,-6],[-8,804],[-8,794],[-1059,-6],[-8,794],[-9,804],[-1058,-6],[-8,794],[-1050,-6],[-8,795],[-1059,-7],[-8,804],[-8,795],[-9,804],[-1058,-6],[-16,1588],[-9,804],[-8,795],[-8,794],[-8,804],[-1059,-6],[-8,794],[-8,804],[-8,795],[-8,794],[-9,804],[-8,795],[-8,794],[-8,804],[-1050,-6],[-8,794],[-8,804],[-8,795],[-8,794],[-1059,-6],[-8,804],[-8,794],[-8,795],[-8,804],[-8,794],[-9,804],[-8,794],[-8,795],[-1058,-6],[-8,804],[-8,794],[-8,795],[-9,803],[-8,795],[-1049,-6],[-8,804],[-8,794],[-8,795],[-1059,-6],[-8,803],[-1058,-6],[-8,795],[-8,794],[-8,804],[-1058,-6],[-8,794],[-8,804],[-1050,-6],[-8,795],[-1058,-6],[-8,794],[-8,804],[-1058,-6],[-8,794],[-1058,-6],[-8,795],[-8,804],[-1049,-6],[-8,794],[-8,804],[-1058,-6],[-8,794],[-8,795],[-8,804],[-1058,-6],[-8,794],[-1049,-6],[-8,795],[-8,804],[-8,794],[-1058,-6],[-8,804],[-8,794],[-8,795],[-8,804],[-8,794],[-8,795],[-8,804],[-8,794],[-8,804],[-8,795],[-8,794],[-8,804],[-8,794],[-8,795],[-8,804],[-7,794],[-1058,-6],[-8,804],[-8,795],[-1058,-6],[-8,794],[-1049,-6],[-8,804],[-1057,-6],[8,-804],[-1058,-6],[8,-794],[8,-795],[-1058,-6],[-1049,-6],[-1057,-6],[-1058,-6],[-1049,-6],[-1058,-6],[-8,795],[-1057,-6],[-8,794],[-1058,-5],[-7,803],[-1049,-5],[-8,794],[-1058,-6],[-8,795],[-1057,-6],[-8,804],[-1058,-6],[-7,794],[-1049,-6],[-8,804],[-1058,-5],[-7,794],[-1058,-6],[-1057,-6],[-8,795],[-8,804],[-1049,-6],[-7,794],[-8,795],[-1058,-6],[-7,804],[-8,794],[-1057,-5],[-8,804],[-8,794],[-1049,-6],[-7,795],[-8,804],[-8,794],[-1057,-6],[-8,795],[-7,804],[-1058,-6],[-7,794],[-8,804],[-8,795],[-1057,-6],[-8,795],[-7,804],[-8,794],[-1049,-6],[-7,795],[-1057,-6],[-8,804],[-1057,-6],[-8,795],[-8,804],[-1057,-6],[-7,794],[-1049,-5],[-1057,-6],[-8,794],[-1057,-5],[-8,804],[-7,794],[-8,795],[-7,804],[-1049,-6],[-7,794],[-8,804],[-7,795],[-1058,-6],[-7,795],[-8,804],[-7,794],[-1057,-6],[-8,795],[-1057,-6],[-7,804],[-8,795],[-1048,-6],[-8,804],[-7,794],[-8,795],[-7,804],[-8,794],[-1057,-5],[-7,794],[-8,804],[-7,795],[-8,804],[-7,794],[-1057,-6],[-7,795],[-8,804],[-7,794],[-8,795],[-7,804],[-8,794],[-7,804],[-7,795],[-8,794],[-7,804],[1057,6],[-8,794],[-7,795],[-1057,-6],[-8,804],[-7,795],[-8,803],[-7,795],[-1057,-6],[-7,795],[-1048,-6],[-8,804],[-7,795],[-1057,-6],[-7,795],[-8,803],[-7,795],[-8,804],[-1056,-6],[-8,795],[-1048,-6],[-7,795],[-1057,-6],[-7,804],[-8,795],[-7,794],[-1057,-5],[-7,804],[-7,794],[-1057,-6],[-7,804],[-8,795],[-7,794],[-7,804],[-8,795],[-1048,-6],[-7,795],[-7,804],[-7,794],[-8,804],[-7,795],[-7,794],[-8,804],[-7,795],[-7,794],[-8,804],[-7,795],[-7,804],[-8,794],[-7,795],[1048,5],[-7,804],[-8,795],[-7,794],[-7,804],[1056,6],[-7,794],[-8,804],[-7,794],[1056,6],[-7,795],[-7,804],[-8,794],[1057,6],[-8,794],[-7,804],[-7,795],[1047,5],[-7,804],[-7,795],[1056,5],[-8,795],[-7,804],[1056,5],[-7,795],[-7,794],[1047,6],[-7,804],[-8,794],[1057,6],[-8,804],[-7,794],[1056,6],[-7,794],[1056,6],[1047,6],[-7,804],[-8,794],[1056,6],[-7,794],[1056,6],[-7,804],[1056,6],[-8,794],[-7,804],[1047,6],[-7,794],[-8,795],[1056,5],[-7,804],[-8,795],[1056,5],[-7,795],[1047,6],[-7,804],[-8,794],[1056,6],[1056,5],[-7,804],[-8,795],[1056,6],[-7,794],[1047,6],[1056,6],[-8,803],[2112,12],[1048,6],[1056,5],[1056,6],[1047,6],[1056,6],[-8,794],[1056,6],[-8,795],[-7,804],[-8,794],[1056,6],[-8,804],[-7,794],[-8,795],[-8,804],[1048,6],[-8,794],[-8,795],[-7,804],[-8,794],[-8,804],[-7,794],[-8,795],[-8,804],[1056,6],[-8,794],[-1055,-6],[-8,795],[-8,804],[1056,6],[-8,794],[-8,804],[-7,795],[-8,794],[-8,804],[-7,795],[1055,5],[-7,795],[-8,804],[-8,794],[1056,6],[-8,804],[-7,795],[-8,794],[-8,804],[-8,795],[-7,794],[-8,804],[-8,795],[-7,804],[-8,794],[-8,795],[-7,803],[1046,6],[-7,795],[-8,794],[-8,804],[-7,795],[1055,6],[-8,804],[-7,794],[1055,6],[-8,794],[-7,804],[1055,6],[-8,795],[-7,794],[1046,6],[-8,804],[-7,795],[-8,803],[1055,6],[-7,795],[-8,794],[1055,6],[-8,804],[-7,795],[-8,794],[1047,6],[-8,804],[-8,795],[1055,5],[-8,804],[-7,795],[-8,794],[1055,6],[-8,804],[-8,795],[1056,6],[-8,804],[1046,6],[-7,794],[1055,6],[-8,794],[-8,804],[1055,6],[-8,795],[1055,6],[-7,794],[1046,6],[-8,804],[-8,795],[1055,6],[-7,804],[1055,6],[-8,794],[-8,795],[1046,6],[-8,804],[-7,794],[-8,795],[1055,6],[-8,804],[1055,6],[-8,794],[-8,804],[1055,6],[-8,794],[-8,795],[-8,804],[1046,6],[-7,794],[-8,795],[-8,804],[1055,6],[-8,794],[-8,804],[-8,795],[-8,794],[-8,804],[1055,6],[-8,795],[-8,794],[-1055,-6],[-8,804],[-8,795],[-8,804],[-8,794],[-8,795],[-8,804],[-8,794],[-8,795],[-8,804],[-7,794],[-8,804],[-8,795],[-8,794],[-8,804],[-1055,-6],[-8,795],[-8,794],[-8,804],[-8,794],[-8,804],[-7,795],[-1046,-6],[-8,794],[-8,804],[-8,795],[-8,794],[-8,804],[-8,795],[-8,804],[-8,794],[-8,795],[-8,804],[-7,794],[1045,6],[-7,795],[-8,804],[-8,794],[-8,804],[-8,795],[-8,794],[-8,804],[-8,795],[-8,794],[-8,804],[-8,795],[-8,804],[-7,794],[-8,795],[-8,804],[-8,794],[-8,795],[-8,804],[-8,794],[-8,804],[-8,795],[-8,794],[-1045,-6],[-8,804],[-8,795],[-1054,-6],[-8,794],[-8,804],[-8,795],[-8,804],[-8,794],[-1054,-6],[-8,795],[-7,804],[-1055,-6],[-7,794],[-1046,-6],[-8,795],[-8,804],[-1054,-6],[-8,794],[-1054,-6],[-7,804],[-8,795],[-1046,-6],[-8,794],[-7,804],[-1054,-6],[-8,795],[-8,794],[-1054,-6],[-8,804],[-7,795],[-1054,-6],[-8,804],[-1046,-6],[-7,795],[-1054,-6],[-8,794],[-8,804],[-1054,-6],[-8,795],[-7,794],[-1054,-5],[-8,803],[-8,795],[-1045,-6],[-8,804],[-1054,-6],[-7,795],[-8,794],[-1054,-6],[-7,804],[-1046,-5],[-7,794],[-1054,-6],[-8,795],[-1054,-6],[-7,804],[-8,795],[-1054,-6],[-1045,-6],[-8,804],[-7,794],[-1054,-5],[-8,794],[-1053,-6],[-8,804],[-1054,-5],[-7,794],[-8,795],[-1045,-6],[-8,804],[-1053,-6],[-8,795],[-1054,-6],[-1053,-6],[-8,804],[-1045,-6],[-8,795],[-1053,-6],[-8,795],[-1054,-6],[-7,804],[-1045,-6],[-1054,-5],[-7,794],[-1054,-5],[-1054,-6],[-1045,-6],[-7,795],[-1054,-6],[-7,804],[-1054,-6],[-7,795],[-1054,-6],[-7,804],[-8,795],[-1045,-6],[-7,795],[-1054,-6],[-7,804],[-1054,-5],[-1045,-6],[-7,795],[-1054,-6],[-7,794],[-1054,-5],[-7,804],[-1054,-6],[-7,795],[-7,804],[-1045,-6],[-8,795],[-1053,-6],[-7,795],[-1054,-6],[-7,804],[-1054,-5],[-7,794],[-7,795],[-1045,-6],[-1054,-5],[-7,804],[-7,794],[-1054,-5],[-7,804],[-1045,-6],[-1053,-5],[-7,794],[-1054,-5],[-7,794],[-1053,-5],[-8,804],[-1044,-6],[-8,795],[-7,794],[-1053,-5],[-7,804],[-8,795],[-1053,-6],[-7,804],[-7,795],[-1054,-6],[-7,795],[-7,804],[-1045,-6],[-7,795],[-7,794],[-1053,-5],[-7,804],[-7,795],[-1054,-6],[-7,804],[-7,795],[-1045,-6],[-7,795],[-7,804],[-1053,-6],[-14,1590],[-1053,-6],[-7,804],[-8,795],[-1053,-6],[-7,804],[-7,795],[-1044,-5],[-7,794],[-1054,-5],[-7,804],[-1053,-6],[-7,795],[-1053,-5],[-7,794],[-1045,-5],[-7,804],[-1053,-6],[-7,795],[-1053,-5],[-1044,-6],[-7,804],[-1053,-5],[-7,795],[-1053,-6],[-7,795],[-1053,-5],[-7,804],[-1045,-6],[-7,795],[-1053,-5],[-7,794],[-7,804],[-1053,-5],[-7,795],[-6,804],[-7,794],[-1053,-5],[-7,794],[-7,804],[-7,795],[-1044,-5],[-7,794],[-7,804],[-1053,-5],[-7,795],[-7,804],[-7,794],[-6,795],[1052,5]],[[791077,829589],[1045,5],[7,-794],[1053,5],[1052,5],[7,-794],[1053,5],[7,-804],[1045,5],[1052,5],[7,-794],[2106,10],[7,-804],[1045,6],[7,-795],[1053,5],[1052,6],[1045,5],[-7,795],[2106,10],[1053,6],[-7,804],[1044,5],[1053,5],[1053,6],[-7,794],[1053,6],[1044,5],[-7,804],[1053,5],[1053,6],[-7,794],[1044,6],[1053,5],[-7,795],[1053,5],[1053,6],[-8,804],[1045,5],[1053,5],[-8,795],[1053,5],[1053,6],[-7,794],[1044,6],[1053,5],[1053,6],[-7,804],[1044,5],[1053,6],[-8,794],[2106,12],[-7,804],[1044,5],[1053,6],[-8,794],[1053,6],[1053,5],[-7,795],[1044,5],[1053,6],[-8,804],[1053,6],[1044,5],[-7,795],[1053,5],[1053,6],[-8,794],[1053,6],[1044,6],[-7,804],[1052,5],[1053,6],[-7,795],[1052,5],[1045,6],[-8,804],[1053,5],[1052,6],[-7,795],[1044,5],[2106,12],[-8,794],[1053,6],[1044,6],[-8,804],[1053,5],[1053,6],[-8,795],[1053,6],[1044,5],[-8,795],[1053,6],[1053,5],[-8,804],[1052,6],[1045,6],[-8,794],[1053,6],[1052,6],[-8,804],[1045,6],[1052,6],[-7,794],[1052,6],[1053,6],[-8,794],[1044,6],[1053,6],[-8,804],[1052,6],[1053,6],[-8,794],[1044,6],[1053,6],[-8,795],[1053,6],[1044,5],[-8,804],[1052,6],[1053,6],[-8,795],[1053,6],[1044,6],[7,-795],[1053,6],[8,-804],[8,-794],[1052,6],[8,-795],[1053,6],[7,-804],[8,-794],[1044,6],[8,-795],[8,-804],[1053,6],[8,-794],[7,-804],[1053,6],[8,-795],[1044,6],[8,-795],[8,-804],[1053,7],[7,-795],[8,-795],[1053,7],[8,-804],[8,-795],[1053,6],[8,-804],[1044,6],[8,-794],[8,-795],[1052,6],[8,-804],[8,-794],[1053,6],[8,-795],[8,-804],[1053,6],[8,-794],[1044,6],[8,-804],[8,-795],[1053,6],[8,-794],[8,-804],[1053,6],[8,-794],[8,-795],[1044,6],[8,-804],[2106,12],[1053,7],[1044,6],[3159,18],[8,-794],[1044,6],[2106,12],[8,-804],[1044,6],[1053,7],[1053,6],[8,-795],[1053,7],[1045,6],[8,-795],[1053,7],[2106,12],[8,-804],[1044,6],[1053,7],[1053,6],[1044,6],[1053,7],[9,-795],[1053,6],[1052,7],[1045,6],[1053,6],[1053,7],[1053,6],[8,-794],[1044,6],[1053,6],[1053,7],[1045,6],[1052,7],[9,-804],[2106,12],[1044,7],[1053,6],[1053,7],[1053,6],[9,-794],[1044,6],[1053,7],[1053,6],[1044,7],[1053,6],[9,-804],[1053,7],[1053,6],[1044,7],[1053,6],[1053,7],[1053,6],[9,-794],[1044,6],[2106,14],[1053,6],[1044,7],[1053,6],[9,-794],[1053,6],[1044,7],[1053,7],[9,-804],[9,-795],[8,-794],[9,-804],[9,-795],[9,-804],[8,-794],[9,-795],[9,-804],[9,-794],[8,-795],[9,-804],[9,-794],[9,-804],[8,-794],[9,-795],[9,-804],[9,-794],[8,-795],[9,-804],[9,-794],[9,-804],[8,-795],[9,-794],[9,-804],[9,-795],[8,-794],[9,-804],[9,-795],[9,-804],[8,-794],[9,-795],[1053,7],[9,-804],[9,-794],[9,-795],[9,-804],[8,-794],[9,-804],[9,-795],[9,-794],[1053,7],[9,-804],[9,-795],[8,-794],[9,-804],[9,-795],[9,-804],[9,-794],[1044,6],[9,-794],[9,-804],[9,-795],[9,-794],[8,-804],[9,-794],[9,-804],[9,-795],[1053,7],[9,-795],[9,-804],[9,-794],[9,-795],[9,-803],[8,-795],[9,-804],[1054,7],[9,-795],[8,-794],[9,-804],[9,-795],[9,-794],[9,-804],[9,-794],[9,-804],[1053,6],[9,-794],[9,-795],[9,-804],[9,-794],[8,-795],[9,-804],[9,-794],[1045,7],[9,-804],[9,-795],[9,-794],[9,-804],[9,-795],[9,-794],[9,-804],[8,-795],[1054,7],[9,-804],[9,-794],[9,-795],[9,-804],[9,-794],[9,-795],[9,-803],[1054,6],[8,-794],[9,-804],[9,-795],[9,-794],[9,-804],[9,-795],[9,-794],[9,-804],[1045,7],[9,-795],[9,-804],[9,-794],[9,-795],[9,-803],[9,-795],[9,-794],[1054,6],[9,-804],[9,-794],[9,-804],[8,-794],[9,-795],[9,-804],[9,-794],[1055,6],[8,-794],[9,-804],[9,-794],[9,-804],[9,-795],[9,-794],[9,-804],[9,-795],[9,-794],[9,-804],[9,-795],[-1055,-6],[9,-804],[9,-795],[9,-794],[9,-804],[9,-795],[-1054,-6],[9,-795],[9,-804],[8,-794],[9,-804],[9,-795],[-1046,-6],[9,-795],[9,-804],[9,-794],[9,-795],[9,-804],[-1055,-6],[9,-795],[9,-804],[9,-794],[9,-795],[-1055,-7],[9,-804],[18,-1588],[9,-804],[9,-795],[-1046,-7],[9,-803],[9,-795],[9,-794],[8,-804],[9,-795],[-1054,-7],[8,-794],[9,-804],[9,-794],[9,-804],[9,-795],[-1055,-7],[9,-794],[9,-804],[9,-794],[9,-795],[9,-804],[-1055,-7],[9,-794],[9,-804],[8,-794],[9,-795],[9,-804],[-1046,-7],[9,-794],[8,-794],[9,-804],[9,-795],[-1055,-7],[9,-804],[18,-1588],[9,-804],[9,-795],[-1055,-7],[8,-794],[9,-804],[9,-794],[9,-804],[9,-795],[-1055,-7],[8,-794],[9,-804],[9,-794],[9,-795],[9,-804],[-1047,-6],[9,-795],[9,-804],[9,-794],[9,-795],[8,-804],[-1055,-6],[9,-795],[9,-804],[9,-794],[8,-795],[9,-804],[-1055,-6],[9,-795],[9,-794],[8,-804],[9,-795],[9,-804],[-1047,-6],[9,-795],[9,-794],[9,-804],[9,-795],[8,-794],[9,-804],[-1055,-7],[9,-794],[8,-804],[9,-794],[9,-795],[9,-804],[-1056,-7],[18,-1588],[9,-804],[8,-795],[9,-804],[9,-794],[-1055,-7],[8,-794],[9,-804],[9,-795],[9,-794],[8,-804],[9,-795],[-1047,-6],[9,-804],[9,-795],[8,-794],[9,-804],[9,-794],[-1056,-7],[9,-795],[9,-803],[9,-795],[8,-804],[9,-794],[9,-795],[9,-804],[8,-794],[9,-795],[9,-804],[9,-794],[9,-804],[8,-794],[9,-795],[9,-804],[9,-794],[8,-795],[9,-804],[9,-794],[9,-804],[8,-794],[9,-795],[9,-804],[9,-794],[8,-795],[9,-804],[9,-794],[9,-804],[9,-795],[8,-794],[9,-804],[9,-794],[9,-795],[8,-804],[9,-794],[9,-804],[9,-795],[8,-794],[9,-804],[1056,7],[9,-795],[9,-794],[9,-804],[9,-795],[8,-803],[9,-795],[9,-794],[9,-804],[9,-795],[8,-794],[9,-804],[9,-795],[9,-804],[9,-794],[8,-794],[9,-804],[9,-795],[9,-794],[9,-804],[8,-795],[9,-804],[18,-1588],[9,-804],[8,-795],[9,-794],[9,-804],[9,-795],[9,-804],[8,-794],[9,-794],[9,-804],[9,-795],[9,-794],[8,-804],[9,-795],[9,-804],[18,-1588],[9,-804],[8,-795],[9,-794],[1048,6],[9,-804],[9,-794],[9,-804],[1056,7],[9,-795],[9,-794],[1056,7],[9,-804],[9,-795],[1057,7],[9,-794],[9,-804],[8,-795],[1049,7],[8,-804],[9,-794],[1057,6],[9,-794],[9,-804],[9,-795],[1056,7],[9,-794],[9,-804],[1048,7],[9,-795],[9,-804],[9,-794],[1057,7],[9,-795],[9,-804],[1057,7],[9,-794],[8,-795],[1057,7],[9,-804],[9,-794],[9,-804],[1049,6],[9,-794],[8,-795],[1057,7],[9,-804],[9,-794],[9,-795],[1057,7],[9,-804],[9,-794],[1057,7],[9,-804],[9,-795],[1049,7],[9,-794],[9,-804],[9,-795],[1057,7],[9,-794],[9,-804],[1057,7],[9,-795],[9,-804],[9,-794],[1048,7],[9,-795],[10,-803],[1057,6],[18,-1588],[9,-804],[1057,7],[9,-795],[9,-804],[1057,7],[9,-794],[10,-795],[1048,7],[9,-804],[9,-794],[9,-795],[1058,7],[9,-804],[9,-794],[1057,7],[9,-804],[9,-794],[10,-795],[1057,7],[9,-804],[9,-794],[1049,7],[9,-795],[9,-804],[1058,7],[9,-794],[9,-804],[9,-795],[1057,7],[10,-794],[9,-804],[1049,7],[9,-794],[9,-795],[1057,7],[10,-804],[9,-794],[9,-804],[1058,7],[9,-794],[9,-795],[1057,7],[10,-804],[9,-794],[9,-795],[1049,7],[9,-804],[9,-794],[10,-804],[1057,7],[10,-794],[9,-795],[1057,7],[10,-804],[18,-1588],[1058,7],[9,-804],[9,-795],[10,-804],[1049,7],[18,-1588],[1058,7],[9,-804],[10,-795],[9,-794],[9,-804],[10,-794],[9,-804],[9,-795],[10,-794],[9,-804],[9,-794],[10,-795],[9,-804],[9,-794],[10,-804],[9,-794],[9,-795],[10,-804],[9,-794],[9,-795],[10,-803],[9,-795],[9,-804],[10,-794],[9,-795],[9,-803],[10,-795],[9,-794],[9,-804],[10,-795],[9,-803],[9,-795],[10,-794],[9,-804],[9,-795],[10,-794],[9,-804],[9,-794],[10,-804],[9,-795],[9,-794],[10,-804],[9,-794],[10,-795],[9,-804],[9,-794],[10,-804],[9,-794],[9,-795],[10,-804],[18,-1588],[10,-804],[9,-795],[10,-804],[18,-1588],[10,-804],[9,-795],[9,-794],[10,-804],[9,-794],[9,-804],[10,-795],[9,-794],[10,-804],[9,-794],[9,-795],[10,-804],[9,-794],[9,-804],[10,-794],[9,-795],[9,-804],[10,-794],[9,-795],[10,-803],[9,-795],[9,-804],[10,-794],[9,-794],[9,-804],[10,-795],[9,-794],[10,-804],[9,-794],[9,-804],[10,-795],[9,-794],[9,-804],[10,-794],[9,-795],[10,-804],[9,-794],[9,-804],[10,-794],[9,-795],[10,-804],[18,-1588],[10,-804],[9,-795],[10,-804],[18,-1588],[10,-804],[9,-795],[9,-794],[10,-804],[9,-794],[10,-804],[9,-795],[9,-794],[10,-804],[9,-794],[10,-795],[9,-804],[9,-794],[10,-804],[9,-794],[10,-795],[9,-804],[9,-794],[10,-794],[9,-804],[10,-795],[-1060,-7],[10,-804],[9,-794],[10,-794],[9,-804],[9,-795],[10,-794],[9,-804],[10,-794],[9,-804],[9,-795],[10,-794],[9,-804],[10,-794],[9,-795],[9,-804],[10,-794],[9,-804],[10,-794],[9,-795],[9,-804],[10,-794],[9,-794],[10,-804],[9,-795],[10,-803],[9,-795],[9,-794],[10,-804],[9,-794],[9,-795],[10,-804],[9,-794],[10,-804],[9,-794],[10,-795],[9,-804],[9,-794],[10,-794],[9,-804],[10,-795],[9,-804],[10,-794],[9,-794],[9,-804],[10,-795],[9,-794],[10,-804],[9,-794],[10,-804],[9,-795],[9,-794],[10,-804],[9,-794],[10,-795],[9,-803],[9,-795],[10,-804],[9,-794],[10,-795],[9,-803],[10,-795],[9,-794],[9,-804],[10,-794],[9,-804],[10,-795],[9,-794],[10,-804],[9,-794],[9,-795],[10,-804],[9,-794],[10,-804],[9,-794],[10,-795],[9,-803],[10,-795],[9,-804],[9,-794],[10,-794],[9,-804],[10,-795],[9,-794],[10,-804],[9,-794],[10,-804],[9,-795],[9,-794],[10,-804],[9,-794],[10,-795],[9,-803],[10,-795],[9,-804],[10,-794],[9,-794],[10,-804],[9,-795],[9,-794],[10,-804],[9,-794],[10,-804],[9,-795],[10,-794],[9,-804],[10,-794],[9,-795],[10,-803],[9,-795],[9,-804],[10,-794],[9,-794],[10,-804],[9,-795],[10,-794],[9,-804],[10,-794],[9,-804],[10,-795],[9,-794],[10,-804],[9,-794],[-1052,-7],[-1060,-7],[-1061,-8],[-1061,-7],[-1051,-7],[-2122,-14],[-1060,-7],[-1052,-7],[-1061,-7],[-9,794],[-1060,-7],[-10,804],[-1052,-7],[-9,794],[-1061,-7],[-9,795],[-1060,-7],[-10,804],[-9,794],[-1060,-7],[-10,804],[-9,794],[-9,795],[-1052,-7],[-9,804],[-10,794],[-1060,-7],[-9,794],[-1061,-7],[-9,804],[-9,795],[-1061,-7],[-9,803],[-9,795],[-9,794],[-10,804],[-9,794],[-9,795],[-1052,-7],[-9,804],[-9,794],[-1060,-7],[-10,804],[-9,794],[-9,795],[-1060,-7],[-10,804],[-1051,-7],[-9,794],[-1061,-7],[-1060,-7],[-9,795],[-1060,-7],[-1052,-7],[-3180,-21],[-1052,-6],[-1060,-7],[9,-795],[-1061,-7],[-1051,-6],[-1060,-7],[-1061,-7],[9,-794],[-1060,-7],[-1052,-7],[-1060,-7],[9,-804],[-1060,-6],[-1060,-7],[-1052,-7],[-1060,-7],[-1061,-6],[-1060,-7],[9,-795],[-1052,-6],[-1060,-7],[9,-794],[-1060,-7],[-1052,-7],[9,-804],[-1060,-6],[8,-795],[9,-804],[-1060,-6],[9,-795],[-1060,-6],[-1052,-7],[9,-795],[-1061,-6],[-1060,-7],[-1061,-6],[-1051,-7],[9,-804],[-1061,-7],[-1060,-6],[-1052,-7],[-1060,-6],[-9,803],[-1060,-6],[-1061,-7],[-1052,-6],[-1060,-7],[-9,795],[-1060,-7],[-9,794],[-1060,-6],[-9,804],[-8,794],[-1052,-6],[-9,804],[-1060,-7],[-9,794],[-1060,-6],[-9,794],[-1051,-6],[-9,804],[-1060,-7],[-1060,-6],[-1061,-7],[-1051,-6],[-9,794],[-1060,-6],[8,-795],[-1060,-6],[-1060,-7],[-1052,-6],[-1060,-6],[-1060,-7],[-1052,-6],[-1060,-7],[8,-803],[-1060,-7]],[[907751,315468],[8,-794],[1061,6],[8,-804],[8,-794],[9,-794],[1052,6],[8,-804],[9,-794],[8,-795],[8,-804],[9,-794],[8,-804],[9,-794],[8,-795],[-1052,-6],[9,-804],[8,-794],[9,-795],[8,-804],[-1060,-6],[8,-795],[9,-803],[8,-795],[8,-794],[9,-804],[8,-795],[9,-794],[8,-804],[9,-794],[8,-804],[8,-795],[-1060,-6],[8,-794],[9,-804],[8,-795],[8,-794],[9,-804],[8,-794],[9,-804],[8,-795],[-1060,-6],[8,-794],[8,-804],[9,-795],[8,-794],[-1052,-6],[8,-804],[9,-795],[8,-804],[9,-794],[8,-795],[9,-803],[-1061,-7],[8,-794],[8,-795],[9,-803],[8,-795],[9,-804],[8,-794],[-1061,-6],[8,-795],[9,-804],[8,-794],[9,-795],[8,-803],[-1052,-7],[8,-794],[9,-804],[8,-794],[8,-795],[9,-804],[-1061,-6],[8,-795],[8,-794],[9,-804],[8,-794],[8,-804],[9,-795],[8,-794],[-1061,-6],[8,-804],[9,-795],[8,-794],[9,-804],[8,-794],[8,-804],[9,-795],[-1062,-6],[9,-794],[8,-804],[8,-795],[9,-794],[8,-804],[9,-794],[8,-804],[8,-795],[-1052,-6],[8,-794],[8,-804],[9,-795],[8,-794],[8,-804],[9,-794],[8,-804],[8,-795],[9,-794],[1053,6],[8,-804],[8,-794],[9,-794],[8,-804],[8,-795],[9,-804],[8,-794],[9,-794],[8,-804],[8,-795],[9,-794],[8,-804],[-1053,-6],[8,-795],[9,-803],[8,-795],[9,-794],[8,-804],[-1062,-6],[9,-795],[8,-794],[8,-804],[9,-795],[8,-803],[8,-795],[-1061,-6],[8,-795],[8,-803],[9,-795],[8,-794],[-1062,-7],[9,-803],[8,-795],[8,-804],[9,-794],[8,-794],[-1053,-7],[8,-804],[8,-794],[9,-794],[8,-804],[8,-795],[9,-804],[8,-794],[-1062,-6],[8,-795],[9,-804],[16,-1588],[9,-804],[8,-795],[-1062,-6],[8,-804],[9,-794],[8,-795],[8,-803],[-1053,-7],[8,-794],[9,-794],[8,-804],[8,-795],[9,-804],[-1063,-6],[9,-794],[8,-795],[8,-804],[9,-794],[-1063,-6],[9,-795],[8,-803],[8,-795],[9,-804],[8,-794],[8,-795],[8,-803],[9,-795],[-1063,-6],[9,-794],[8,-804],[8,-795],[9,-804],[16,-1588],[8,-804],[9,-795],[8,-794],[-1054,-6],[9,-804],[8,-795],[8,-803],[8,-795],[9,-794],[8,-804],[8,-795],[8,-794],[9,-804],[8,-794],[8,-804],[8,-794],[9,-795],[8,-804],[8,-794],[-1062,-6],[8,-795],[8,-804],[9,-794],[8,-804],[8,-794],[8,-795],[9,-804],[16,-1588],[8,-804],[9,-795],[8,-803],[8,-795],[8,-794],[9,-804],[-1063,-6],[8,-795],[9,-794],[8,-804],[8,-794],[8,-804],[9,-795],[8,-794],[8,-804],[8,-794],[9,-795],[8,-804],[8,-794],[9,-804],[8,-794],[8,-795],[8,-804],[-1063,-6],[9,-794],[8,-795],[8,-803],[8,-795],[9,-804],[16,-1588],[8,-804],[9,-795],[-1055,-6],[9,-794],[8,-804],[8,-795],[8,-803],[9,-795],[8,-794],[8,-804],[-1063,-6],[8,-795],[8,-794],[9,-804],[8,-794],[8,-804],[8,-795],[-1063,-6],[8,-794],[9,-804],[8,-794],[8,-795],[8,-804],[9,-794],[8,-804],[8,-794],[-1054,-7],[8,-794],[8,-804],[8,-794],[8,-795],[9,-803],[8,-795],[8,-804],[8,-794],[9,-794],[8,-804],[8,-795],[8,-794],[9,-804],[8,-794],[8,-804],[8,-795],[-1063,-6],[8,-794],[8,-804],[8,-794],[9,-795],[8,-804],[8,-794],[8,-804],[9,-794],[8,-795],[8,-804],[16,-1588],[9,-804],[1063,6],[8,-794],[9,-804],[8,-795],[8,-794],[8,-804],[9,-794],[8,-795],[8,-804],[8,-794],[9,-804],[8,-794],[8,-795],[8,-803],[9,-795],[8,-794],[8,-804],[8,-794],[9,-804],[8,-795],[8,-794],[8,-804],[9,-794],[8,-795],[8,-804],[8,-794],[9,-804],[8,-794],[8,-795],[1055,7],[9,-804],[8,-795],[8,-794],[9,-804],[8,-794],[8,-804],[8,-794],[9,-795],[8,-804],[16,-1588],[9,-804],[8,-795],[8,-804],[9,-794],[8,-794],[8,-804],[8,-795],[9,-794],[8,-804],[8,-794],[9,-804],[8,-794],[8,-795],[8,-804],[9,-794],[8,-794],[8,-804],[8,-795],[9,-803],[8,-795],[8,-794],[9,-804],[8,-794],[8,-795],[8,-804],[9,-794],[8,-804],[8,-794],[9,-795],[8,-803],[8,-795],[8,-794],[9,-804],[8,-794],[8,-804],[9,-795],[8,-794],[8,-804],[8,-794],[9,-795],[8,-803],[8,-795],[9,-804],[16,-1588],[9,-804],[8,-795],[8,-794],[8,-804],[9,-794],[8,-804],[8,-794],[9,-795],[8,-804],[8,-794],[9,-794],[8,-804],[8,-795],[9,-804],[-1057,-6],[9,-794],[8,-794],[8,-804],[9,-795],[8,-794],[8,-804],[8,-794],[9,-804],[8,-794],[8,-795],[9,-804],[16,-1588],[9,-804],[8,-795],[8,-803],[8,-795],[9,-794],[8,-804],[8,-794],[9,-795],[8,-804],[8,-794],[9,-804],[8,-794],[-1065,-6],[-1065,-7],[-1065,-6],[-1057,-6],[-1065,-6],[-1065,-7],[-1065,-6],[-1057,-6],[-2130,-12],[-1056,-6]],[[869679,37],[-8,794],[-9,804],[-1065,-6],[-8,794],[-8,804],[-8,794],[-8,795],[-9,804],[-16,1588],[-1065,-6],[-8,804],[-8,794],[-8,804],[-8,795],[-9,794],[-8,804],[-8,794],[-8,795],[1065,6],[-8,804],[-8,794],[-9,804],[-8,794],[-8,795],[-8,803],[-8,795],[-8,794],[-8,804],[-9,794],[1065,7],[-8,803],[-8,795],[-8,794],[-8,804],[-9,794],[1056,6],[-8,795],[-8,804],[-8,794],[-8,804],[1064,6],[-8,794],[-8,795],[-8,804],[-8,794],[1064,6],[-8,795],[-8,803],[-8,795],[1056,6],[-8,804],[-9,794],[-8,795],[-8,803],[-8,795],[-8,794],[-9,804],[-8,794],[-8,804],[-1056,-6],[-8,794],[-8,795],[-8,804],[-9,794],[-1064,-6],[-8,794],[-8,804],[-8,795],[-9,803],[-8,795],[-8,794],[-1064,-6],[-9,804],[-8,794],[-8,795],[-8,804],[-8,794],[-8,804],[-8,794],[-8,795],[-9,803],[-8,795],[-8,794],[-8,804],[-8,794],[-8,804],[-9,795],[-8,794],[-8,804],[-1055,-6],[-8,794],[-9,795],[-8,803],[-8,795],[-8,804],[-16,1588],[-8,804],[-8,795],[1055,6],[-8,794],[-8,804],[-8,794],[-9,804],[-8,795],[-8,794],[-8,804],[-8,794],[-8,795],[-8,803],[-9,795],[-8,804],[-8,794],[-8,795],[-8,803],[-8,795],[1064,6],[-8,794],[-9,804],[-8,795],[-8,803],[-8,795],[-8,794],[-8,804],[-8,794],[-1064,-6],[-8,795],[-9,804],[-8,794],[-8,804],[-8,794],[-8,795],[-8,803],[-1055,-6],[-8,795],[-8,794],[-8,804],[-9,794],[-8,804],[-8,795],[-8,794],[-8,804],[-8,794],[-8,795],[-8,804],[-8,794],[-9,804],[-8,794],[-8,795],[-8,803],[-8,795],[-8,794],[-8,804],[-8,794],[-8,804],[-8,795],[1054,6],[-8,794],[-8,804],[-8,794],[-8,795],[-8,804],[-8,794],[-8,804],[-8,794],[1063,6],[-8,795],[-8,804],[-9,794],[-8,795],[-8,803],[-8,795],[-8,804],[1063,6],[-8,794],[-8,795],[-8,803],[-8,795],[-8,794],[-9,804],[1055,6],[-8,795],[-8,803],[-8,795],[-9,794],[-8,804],[-8,795],[-8,794],[-8,804],[-8,794],[-8,804],[-8,794],[-9,795],[-8,804],[-8,794],[-8,795],[-8,803],[-8,795],[-8,804],[-8,794],[-9,794],[-8,804],[1063,6],[-8,795],[-8,794],[-8,804],[1063,6],[-8,795],[-9,803],[-8,795],[1063,6],[-8,794],[-8,804],[-8,795],[-9,794],[1055,6],[-9,804],[-8,794],[-8,804],[1063,7],[-8,794],[-9,794],[1063,6],[-8,804],[-8,795],[1062,6],[-8,794],[-8,804],[-8,795],[1054,6],[-8,804],[-9,794],[1063,6],[-8,795],[-8,803],[-9,795],[1063,6],[-8,794],[1054,7],[-9,804],[-8,794],[-8,804],[-8,794],[-8,795],[1062,6],[-8,804],[-8,794],[-9,794],[-8,804],[-8,795],[-9,804],[-16,1588],[-8,804],[-8,795],[-9,794],[-8,804],[-8,794],[-8,804],[-9,795],[-8,794],[-8,804],[-1063,-6],[-8,794],[-8,795],[-8,803],[-8,795],[-9,804],[-16,1588],[-8,804],[-1054,-6],[-8,795],[-8,794],[-9,804],[-1062,-6],[-8,794],[-8,804],[-8,794],[-8,795],[-1063,-6],[-8,803],[-8,795],[-8,794],[-8,804],[-8,795],[-9,803],[-8,795],[-8,794],[-8,804],[-8,795],[-9,794],[-8,804],[1062,6],[-8,794],[-8,804],[-8,795],[-8,794],[-9,804],[-8,794],[-8,795],[-8,804],[-8,794],[-9,804],[-8,794],[-8,795],[-8,804],[-8,794],[-9,794],[-8,804],[-8,795],[-8,804],[1062,6],[-9,794],[-8,795],[-8,804],[-16,1588],[-8,804],[-9,795],[-8,804],[-16,1588],[-8,804],[-9,795],[-8,794],[1053,6],[-8,804],[-8,794],[-8,804],[-9,795],[-8,794],[-8,804],[-8,794],[-8,795],[-9,804],[-8,794],[-8,804],[-8,794],[-8,795],[-9,804],[-8,794],[1062,6],[-8,795],[-9,804],[-8,794],[-8,804],[-8,794],[-8,795],[-9,804],[1062,6],[-9,794],[-8,795],[-8,804],[-8,794],[-8,804],[-9,794],[-8,795],[1062,6],[-9,804],[-8,794],[-8,795],[-8,804],[-9,794],[-8,804],[1053,6],[-8,794],[-9,795],[-8,804],[-8,794],[1061,6],[-8,795],[-8,804],[-9,794],[-8,804],[-8,794],[-8,795],[-9,804],[-16,1588],[-8,804],[-9,795],[-8,804],[-8,794],[-8,795],[-8,803],[1060,7],[-16,1588],[-8,804],[-8,795],[1060,6],[-8,804],[-8,794],[-8,795],[-9,804],[-16,1588],[-8,804],[-8,795],[1052,6],[-9,804],[-8,794],[-8,795],[-8,804],[-9,794],[-8,794],[1061,7],[-8,803],[-9,795],[-8,804],[-8,794],[1061,6],[-9,795],[-8,804],[-8,794],[-8,795],[1052,6],[-9,804],[-8,794],[-8,804],[-9,794],[-8,795],[-8,804],[-8,794],[-9,795],[-8,803],[-8,795],[1060,6],[-8,804],[-8,794],[-9,795],[-8,804],[-8,794],[-8,795],[-9,804],[1061,6],[-9,794],[-8,804],[-8,795],[1060,6],[-8,794],[-8,804],[-9,795],[1052,6],[-8,794],[-9,804],[-8,795],[1060,6],[-8,804],[-8,794],[1060,6],[8,-794],[1061,6],[1051,7],[1061,6],[8,-804],[1060,6],[1052,7],[1061,6],[1060,6]],[[629795,912703],[1052,4],[1051,4],[6,-804],[1043,4],[5,-795],[1052,4],[1051,4],[6,-795],[1051,4],[6,-804],[1043,4],[5,-795],[2104,8],[5,-804],[1052,4],[5,-794],[1043,4],[1052,4],[5,-795],[1052,4],[5,-804],[1044,4],[5,-795],[2104,8],[5,-794],[1052,4],[5,-804],[1043,4],[6,-795],[1052,4],[1051,4],[6,-804],[1052,4],[5,-794],[1043,4],[1052,4],[6,-795],[1052,4],[5,-804],[1043,4],[6,-794],[2104,8],[5,-795],[1052,4],[1043,4],[6,-804],[1052,4],[1052,5],[5,-795],[1052,4],[6,-804],[1043,4],[1052,4],[6,-794],[1052,4],[5,-795],[1044,5],[5,-804],[2104,8],[6,-795],[1052,5],[1043,4],[6,-795],[1052,4],[5,-804],[1052,5],[1053,4],[5,-795],[1044,4],[5,-804],[1052,5],[6,-795],[1052,4],[1052,5],[6,-795],[1043,4],[6,-804],[1052,5],[1052,4],[6,-795],[1043,5],[6,-795],[1052,4],[6,-804],[1052,5],[6,-795],[1052,4],[1044,5],[5,-804],[1052,4],[6,-795],[1052,5],[1053,4],[5,-794],[1044,4],[1052,4],[6,-804],[1052,5],[6,-795],[1044,5],[1052,4],[6,-795],[1052,5],[1052,4],[6,-804],[1044,5],[5,-795],[1053,5],[6,-804],[1052,4],[1052,5],[6,-795],[1044,4],[6,-794],[1052,4],[1052,5],[6,-804],[1044,4],[6,-794],[1052,4],[6,-794],[1052,4],[1053,5],[6,-804],[1043,4],[1053,5],[6,-795],[1052,5],[6,-804],[1052,4],[6,-794],[1044,4],[1052,5],[6,-795],[1053,5],[6,-804],[1044,4],[6,-794],[1052,4],[6,-794],[1053,4],[6,-804],[1052,5],[1044,5],[6,-795],[1052,5],[7,-804],[1052,4],[1052,5],[1044,5],[6,-795],[1053,5],[1052,5],[7,-795],[1043,5],[7,-804],[1052,4],[6,-794],[1053,5],[1052,4],[6,-794],[1044,4],[7,-804],[1052,5],[1053,5],[6,-795],[1052,5],[7,-804],[1044,5],[6,-795],[1052,5],[1053,5],[6,-795],[1044,5],[1053,5],[6,-804],[1053,5],[6,-795],[1053,5],[6,-795],[1044,5],[6,-804],[1053,5],[1052,5],[7,-795],[1052,5],[7,-804],[1044,5],[1052,5],[7,-795],[1052,5],[7,-794],[1044,4],[6,-804],[2106,10],[6,-794],[1053,5],[6,-795],[1044,5],[1053,5],[7,-804],[1052,5],[7,-795],[1052,5],[1044,5]],[[761525,845413],[7,-804],[7,-794],[1052,5],[7,-795],[6,-804],[1053,5],[7,-795],[6,-794],[1044,5],[7,-804],[7,-795],[1052,5],[7,-804],[6,-794],[1053,5],[7,-795],[6,-804],[1053,5],[7,-794],[6,-795],[7,-804],[7,-794],[6,-805],[7,-794],[7,-795],[6,-804],[-1053,-5],[7,-794],[6,-795],[7,-804],[7,-794],[6,-804],[7,-795],[6,-794],[7,-804],[-1053,-6],[7,-794],[6,-795],[7,-804],[6,-794],[7,-804],[7,-795],[6,-794],[7,-804],[6,-795],[7,-794],[7,-804],[6,-795],[7,-804],[6,-795],[7,-794],[7,-804],[1053,5],[6,-795],[7,-794],[1053,5],[7,-804],[1045,5],[6,-795],[1053,5],[7,-804],[7,-794],[1053,5],[7,-795],[6,-804],[1054,5],[6,-794],[1045,5],[7,-795],[6,-804],[1054,5],[6,-794],[1054,5],[1053,5],[1045,5],[6,-804],[1054,5],[6,-794],[7,-795],[7,-804],[7,-794],[6,-795],[1054,5],[7,-804],[6,-794],[7,-804],[7,-795],[7,-794],[6,-804],[1045,5],[7,-795],[7,-794],[1053,5],[7,-804],[7,-795],[1053,5],[7,-804],[7,-794],[1053,5],[7,-795],[7,-804],[7,-794],[7,-795],[6,-804],[1045,5],[7,-794],[7,-804],[1054,5],[7,-794],[6,-795],[7,-804],[7,-795],[7,-794],[1054,5],[6,-804],[7,-794],[7,-804],[7,-795],[7,-794],[1053,5],[7,-804],[7,-795],[7,-794],[-1054,-6],[7,-804],[7,-794],[7,-804],[7,-795],[7,-794],[7,-804],[6,-795],[-1053,-5],[6,-794],[7,-804],[7,-795],[-1054,-5],[7,-804],[7,-795],[7,-794],[-1046,-5],[7,-804],[7,-795],[-1054,-5],[7,-795],[7,-804],[-1054,-5],[7,-794],[6,-804],[14,-1590],[1054,6],[7,-804],[7,-795],[6,-794],[7,-804],[7,-795],[7,-804],[7,-794],[-1054,-6],[6,-794],[7,-804],[7,-795],[7,-794],[7,-804],[7,-795],[6,-804],[1055,5],[6,-794],[7,-795],[1054,5],[7,-804],[1046,6],[7,-795],[1054,5],[7,-794],[2108,10],[7,-804],[7,-794],[1045,5],[7,-804],[1055,5],[6,-794],[7,-795],[1055,5],[7,-804],[6,-794],[7,-795],[-1054,-5],[7,-804],[7,-794],[-1054,-6],[7,-804],[6,-794],[-1045,-5],[7,-795],[-1055,-5],[7,-804],[-1054,-5],[7,-795],[-1055,-5],[7,-795],[7,-804],[-1046,-5],[7,-794],[7,-804],[7,-795],[-1055,-5],[7,-795],[7,-804],[7,-794],[7,-795],[6,-804],[7,-794],[7,-804],[7,-795],[7,-794],[1054,5],[7,-804],[7,-795],[1046,6],[7,-795],[1054,5],[7,-804],[1055,5],[7,-794],[7,-804],[1054,5],[7,-794],[1046,5],[7,-795],[7,-804],[7,-794],[-1046,-5],[7,-795],[7,-804],[7,-794],[6,-804],[-1054,-6],[7,-794],[7,-795],[6,-804],[7,-794],[7,-795],[7,-804],[7,-794],[7,-804],[7,-795],[7,-794],[7,-804],[6,-795],[7,-794],[1055,5],[7,-804],[7,-795],[7,-804],[-1055,-5],[7,-794],[-1055,-6],[7,-794],[-1055,-5],[7,-804],[7,-795],[7,-794],[7,-804],[1055,5],[6,-795],[1055,6],[7,-804],[7,-795],[7,-794],[7,-804],[14,-1590],[7,-804],[7,-794],[1055,5],[7,-804],[7,-794],[6,-795],[-1055,-5],[7,-804],[7,-795],[7,-794],[7,-804],[7,-795],[7,-804],[7,-794],[7,-795],[7,-804],[6,-794],[7,-795],[7,-804],[7,-794],[7,-804],[-1055,-5],[7,-795],[7,-794],[7,-804],[6,-795],[7,-804],[7,-794],[-1055,-6],[7,-794],[7,-804],[7,-795],[7,-794],[-1047,-5],[7,-804],[7,-795],[6,-804],[7,-794],[-1055,-6],[7,-794],[7,-804],[7,-795],[6,-794],[7,-804],[7,-795],[7,-804],[7,-794],[7,-795],[7,-804],[7,-794],[6,-795],[7,-804],[7,-794],[7,-804],[-1055,-5],[6,-795],[7,-794],[-1055,-6],[7,-804],[6,-794],[7,-795],[7,-804],[7,-794],[7,-804],[7,-795],[-1047,-5],[6,-794],[7,-804],[-1055,-6],[6,-794],[7,-795],[-1056,-5],[7,-804],[7,-794],[-1047,-5],[7,-804],[7,-795],[6,-794],[-1055,-6],[7,-804],[6,-794],[7,-795],[7,-804],[1056,6],[7,-795],[6,-804],[7,-794],[1048,5],[6,-795],[7,-804],[1056,5],[7,-794],[7,-795],[1056,6],[7,-804],[6,-795],[7,-804],[7,-794],[7,-795],[7,-804],[7,-794],[7,-795],[6,-804],[1048,5],[7,-794],[7,-804],[6,-795],[1057,6],[6,-795],[7,-804],[7,-794],[1056,5],[7,-795],[7,-804],[1056,6],[7,-795],[7,-804],[7,-794],[1048,5],[6,-795],[7,-804],[7,-794],[7,-795],[7,-804],[7,-794],[7,-804],[7,-795],[7,-794],[7,-804],[-1048,-5],[7,-795],[7,-794],[7,-804],[-1056,-6],[6,-794],[7,-804],[7,-795],[-1056,-5],[7,-794],[7,-804],[-1057,-6],[7,-794],[7,-795],[-1048,-5],[7,-804],[7,-794],[-1056,-5],[7,-804],[7,-795],[6,-794],[7,-804],[7,-795],[7,-794],[7,-804],[7,-795],[7,-804],[6,-794],[7,-795],[7,-804],[1057,5],[7,-794],[7,-795],[6,-804],[7,-794],[7,-804],[7,-795],[7,-794],[7,-804],[7,-795],[1048,6],[7,-795],[7,-804],[7,-794],[6,-804],[7,-795],[7,-794],[1057,5],[7,-804],[7,-795],[7,-794],[7,-804],[7,-795],[6,-804],[7,-794],[7,-795],[7,-804],[7,-794],[7,-795],[7,-803],[7,-795],[7,-804],[7,-794],[7,-795],[7,-804],[6,-794],[-1056,-6],[6,-794],[7,-804],[7,-795],[7,-804],[7,-794],[7,-795],[7,-804],[7,-794],[7,-795],[7,-804],[7,-794],[7,-804],[6,-794],[7,-795],[7,-804],[1057,5],[7,-794],[7,-795],[7,-804],[7,-794],[1057,5],[7,-804],[7,-794],[7,-795],[1057,5],[7,-804],[7,-794],[7,-795],[7,-803],[7,-795],[1049,5],[7,-804],[7,-794],[7,-795],[7,-804],[1057,6],[7,-795],[7,-794],[7,-804],[7,-795],[7,-804],[7,-794],[7,-795],[7,-804],[7,-794],[7,-795],[-1058,-5],[7,-804],[7,-794],[-1049,-6],[7,-804],[7,-794],[-1057,-5],[7,-795],[7,-804],[7,-794],[7,-795],[-1058,-5],[7,-804],[7,-795],[-1057,-5],[7,-804],[7,-794],[-1049,-6],[6,-794],[-1057,-5],[7,-804],[7,-795],[-1058,-5],[7,-794],[7,-804],[7,-795],[7,-804],[1057,5],[7,-794],[7,-795],[7,-804],[-1057,-5],[6,-794],[7,-795],[7,-804],[-1049,-5],[7,-794],[-1058,-6],[7,-804],[-1057,-5],[6,-794],[7,-795],[7,-804],[-1058,-5],[7,-794],[7,-795],[7,-804],[7,-794],[1058,5],[7,-804],[6,-795],[1058,6],[7,-795],[1058,5],[1049,6],[7,-804],[2116,10],[7,-794],[1049,5],[1058,5],[7,-794],[1058,5],[1057,5],[8,-804],[1049,5],[7,-794],[1058,5],[7,-804],[1058,6],[7,-795],[1058,5],[7,-794],[1049,5],[7,-804],[1058,6],[7,-795],[1058,6],[7,-795],[1049,5],[7,-804],[7,-794],[1058,5],[8,-804],[1058,6],[7,-795],[7,-794],[1058,5],[7,-804],[7,-794],[7,-795],[1050,6],[7,-804],[1058,5],[7,-794],[7,-804],[7,-795],[1058,6],[7,-795],[8,-804],[7,-794],[1058,5],[7,-794],[7,-804],[7,-795],[1050,6],[7,-804],[7,-795],[7,-794],[8,-804],[7,-795],[7,-794],[7,-804],[7,-795],[8,-804],[1058,6],[7,-795],[7,-794],[8,-804],[-1059,-5],[7,-795],[8,-794],[7,-804],[7,-795],[7,-804],[1059,6],[7,-795],[7,-794],[7,-804],[7,-795],[8,-794],[7,-804],[7,-795],[7,-804],[7,-794],[8,-795],[7,-803],[7,-795],[7,-794],[7,-804],[1059,5],[7,-794],[7,-804],[8,-795],[7,-794],[7,-804],[7,-795],[7,-794],[8,-804],[7,-795],[7,-803],[7,-795],[1050,5],[8,-794],[7,-804],[7,-794],[7,-795],[8,-804],[7,-794],[7,-804],[1059,5],[7,-794],[7,-795],[8,-804],[7,-794],[7,-795],[7,-803],[8,-795],[7,-804],[7,-794],[7,-795],[8,-804],[7,-794],[7,-795],[8,-804],[7,-794],[7,-804],[7,-794],[1059,5],[7,-794],[8,-804],[7,-795],[7,-794],[8,-804],[7,-795],[7,-804],[7,-794],[8,-795],[7,-804],[7,-794],[8,-794],[7,-804],[7,-795],[7,-804],[8,-794],[7,-795],[7,-804],[8,-794],[7,-795],[7,-804],[7,-794],[8,-804],[7,-794],[7,-795],[8,-804],[7,-794],[7,-795],[-1059,-5],[7,-804],[7,-795],[8,-804],[14,-1588],[8,-804],[7,-795],[7,-794],[7,-804],[8,-795],[7,-804],[7,-794],[7,-795],[8,-803],[-1060,-6],[8,-794],[7,-795],[7,-804],[-1051,-5],[-1059,-6],[-1060,-5],[-1051,-6],[-1059,-5],[-1059,-6],[7,-794],[-1060,-6],[-1051,-5],[8,-804],[-1060,-5],[7,-795],[-1059,-5],[7,-795],[-1060,-5],[7,-804],[-1050,-5],[7,-795],[7,-794],[7,-804],[7,-795],[-1060,-5],[8,-804],[7,-794],[7,-795],[7,-804],[7,-794],[7,-795],[7,-804],[7,-794],[8,-804],[-1060,-5],[7,-795],[7,-794],[7,-804],[-1051,-6],[7,-794],[-1059,-5],[7,-795],[7,-804],[7,-794],[-1060,-6],[7,-804],[7,-794],[-1060,-5],[7,-795],[8,-804],[-1052,-5],[7,-795],[7,-794],[8,-804],[7,-794],[7,-804],[7,-795],[7,-794],[7,-804],[1051,5],[7,-794],[7,-795],[7,-804],[1060,6],[7,-795],[8,-804],[1060,6],[7,-795],[7,-794],[7,-804],[7,-795],[1060,6],[7,-795],[7,-804],[7,-794],[1052,5],[7,-804],[7,-794],[7,-795],[7,-804],[7,-794],[8,-804],[7,-794],[-1052,-6],[7,-794],[7,-804],[8,-795],[7,-794],[7,-804],[7,-795],[7,-803],[7,-795],[-1060,-5],[7,-795],[7,-804],[7,-794],[7,-795],[7,-804],[-1060,-5],[7,-794],[7,-804],[8,-795],[-1061,-5],[7,-795],[7,-803],[7,-795],[-1051,-5],[7,-795],[7,-804],[7,-794],[-1060,-5],[7,-804],[7,-795],[7,-794],[7,-804],[7,-795],[7,-794],[-1061,-5],[8,-804],[7,-795],[-1061,-5],[7,-804],[7,-795],[-1052,-5],[-1060,-5],[7,-795],[7,-804],[-1061,-5],[-1052,-5],[7,-795],[-1060,-5],[7,-794],[-1061,-6],[7,-803],[-1060,-6],[7,-794],[-1052,-5],[7,-804],[-1061,-6],[-1061,-5],[7,-794],[-1060,-6],[7,-794],[-1052,-5],[7,-804],[6,-795],[-1060,-5],[7,-794],[1060,5],[7,-804],[7,-794],[7,-804],[7,-795],[7,-794],[7,-804],[1052,5],[7,-794],[7,-795],[7,-804],[1061,5],[7,-794],[7,-804],[6,-794],[7,-795],[7,-804],[7,-794],[7,-795],[7,-804],[-1061,-5],[7,-794],[7,-804],[7,-795],[-1052,-5],[7,-794],[7,-804],[7,-795],[-1061,-5],[7,-794],[6,-804],[7,-795],[-1061,-5],[7,-804],[7,-794],[7,-795],[-1061,-5],[7,-804],[7,-794],[7,-795],[-1053,-5],[7,-804],[7,-794],[-1061,-6],[7,-804],[7,-794],[-1061,-5],[7,-795],[6,-804],[-1052,-5],[7,-794],[-1061,-5],[6,-795],[7,-804],[-1061,-5],[7,-794],[-1061,-5],[7,-804],[-1053,-6],[14,-1588],[7,-804],[-1062,-5],[7,-795],[-1061,-5],[7,-795],[6,-803],[-1061,-6],[7,-794],[7,-804],[6,-794],[7,-795],[-1053,-5],[7,-804],[7,-794],[7,-795],[-1062,-5],[7,-804],[7,-794],[7,-804],[6,-795],[7,-794],[-1061,-5],[7,-804],[6,-795],[7,-794],[-1053,-5],[7,-804],[7,-794],[6,-804],[-1061,-5],[7,-795],[6,-794],[-1061,-5],[7,-804],[6,-795],[-1061,-5],[6,-794],[-1052,-5],[6,-804],[7,-795],[-1062,-5],[7,-804],[-1061,-5],[6,-794],[-1061,-5],[6,-795],[-1053,-5],[7,-803],[-1062,-5],[7,-795],[-1062,-5],[7,-794],[-1053,-5],[7,-804],[-2124,-10],[7,-795],[-1062,-5],[7,-804],[-1053,-4],[6,-795],[-1061,-5],[6,-794],[-1062,-5],[7,-804],[-1062,-5],[7,-795],[-1053,-4],[-1062,-5],[6,-795],[-1061,-5],[6,-804],[-1053,-5],[6,-794],[7,-804],[-1062,-5],[7,-794],[-1062,-5],[6,-795],[-1062,-4],[-1053,-5],[7,-804],[6,-795],[-1062,-5],[7,-794],[-1062,-5],[6,-804],[-1061,-5],[6,-794],[6,-804],[-1053,-5],[6,-794],[-1061,-5],[6,-794],[6,-804],[7,-795],[6,-794],[-1062,-5],[7,-804],[6,-795],[-1053,-4],[6,-804],[6,-795],[-1062,-4],[7,-795],[6,-804],[6,-794],[-1062,-5],[7,-795],[6,-803],[6,-795],[7,-804],[-1062,-5],[6,-794],[6,-795],[7,-803],[6,-795],[6,-794],[7,-804],[-1054,-5],[6,-794],[7,-804],[6,-795],[6,-794],[7,-804],[-1063,-5],[7,-794],[6,-795],[1062,5],[7,-804],[6,-794],[6,-804],[7,-795],[6,-794],[6,-804],[6,-795],[1054,5],[6,-794],[7,-804],[6,-795],[1062,5],[7,-804],[6,-794],[7,-795],[1062,5],[6,-804],[7,-794],[1062,4],[6,-794],[1054,5],[7,-804],[1062,5],[6,-795],[1063,5],[6,-804],[7,-794],[1054,4],[6,-794],[1062,5],[7,-804],[1062,5],[7,-795],[6,-794],[7,-804],[6,-794],[7,-804],[6,-795],[6,-794],[7,-804],[6,-795],[7,-794],[6,-804],[7,-794],[-1063,-5],[7,-804],[6,-795],[6,-794],[-1062,-5],[6,-804],[7,-794],[6,-795],[-1054,-5],[6,-803],[7,-795],[6,-804],[-1062,-5],[6,-794],[6,-795],[7,-803],[6,-795],[-1063,-5],[7,-794],[6,-804],[1063,5],[6,-795],[7,-804],[6,-794],[7,-794],[1062,4],[7,-804],[6,-794],[7,-794],[1054,4],[6,-804],[7,-794],[6,-804],[7,-794],[6,-795],[7,-804],[1063,5],[6,-794],[6,-795]],[[712370,827],[-2130,-10],[-1056,-5],[-1065,-4],[-1066,-5],[-1065,-5],[-1056,-5],[-1065,-4],[-1066,-5],[-1065,-5],[-1056,-4],[-1065,-5],[-1066,-5],[-1056,-4],[-2130,-10],[-1066,-4],[-1056,-5],[-1065,-5],[-1065,-4],[-1066,-5],[-1056,-4],[-1065,-5],[-1065,-4],[-1057,-5],[-1065,-5],[-1065,-4],[-1065,-5],[-1057,-4],[-1065,-5],[-1065,-4],[-1065,-5],[-1057,-4],[-1065,-5],[-1065,-4],[-1065,-5],[-1057,-4],[-1065,-4],[-1065,-5],[-1057,-4],[-1065,-5],[-1065,-4],[-1065,-5],[-1057,-4],[-1065,-4],[-1065,-5],[-1065,-4],[-1057,-4],[-1065,-5],[-1065,-4],[-1057,-4],[-1065,-5],[-2130,-8],[-1057,-5],[-3195,-12],[-1057,-5],[-2130,-8],[-1057,-4],[-1065,-5],[-2130,-8],[-1057,-4],[-2130,-8],[-1065,-5],[-1057,-4],[-2130,-8],[-1057,-4],[-3195,-12],[-1057,-5],[-2130,-8],[-1066,-4],[-5,795],[-1056,-4],[-1066,-4],[-1065,-4],[-1056,-4],[-1065,-4],[-1066,-4],[-1065,-4],[-1056,-4],[-1065,-4],[-1066,-4],[-1065,-4],[-1056,-4],[-1066,-4],[-1065,-4],[-1056,-4],[-1065,-4],[-1066,-4],[-1065,-4],[-1056,-4],[-1066,-4],[-1065,-3],[-1065,-4],[-1056,-4],[-1066,-4],[-1065,-4],[-1056,-4],[-1065,-3],[-1066,-4],[-1065,-4],[-1056,-4],[-1066,-4],[-1065,-3],[-1065,-4],[-1056,-4],[-1066,-4],[-1065,-3],[-1065,-4]],[[752751,1015],[-1057,-5],[-3195,-15],[-1057,-5],[-1065,-5],[-1065,-6],[-1056,-5],[-1065,-5],[-1066,-5],[-1065,-5],[-1056,-5],[-2130,-10],[-1066,-5],[-1056,-5],[-2130,-10],[-1057,-5],[-3195,-15],[-1057,-4],[-3195,-15],[-1057,-5],[-2130,-10],[-1057,-5],[-1065,-5],[-1065,-4],[-1065,-5],[-1057,-5],[-3195,-15],[-1057,-4]],[[712370,827],[-6,794],[-6,804],[-7,794],[1057,5],[-7,795],[-6,804],[-6,794],[-7,794],[-6,804],[-6,795],[-7,804],[-6,794],[-7,794],[-6,804],[-6,795],[-7,794],[-6,804],[-6,794],[1065,5],[-7,804],[-6,795],[-7,794],[-6,804],[-6,794],[-7,795],[-6,804],[-7,794],[-6,804],[-6,794],[-7,795],[-6,804],[-7,794],[-6,794],[-6,804],[-7,795],[-6,804],[-6,794],[-7,795],[-6,803],[1064,5],[-6,795],[-6,794],[1064,5],[-6,804],[-6,794],[1056,5],[-7,804],[1065,5],[-7,794],[2130,10],[-7,794],[1056,5],[-6,804],[-7,794],[-1056,-4],[-6,794],[-7,804],[-1064,-5],[-7,794],[-6,804],[-1065,-4],[-12,1588],[-7,804],[-1064,-5],[-7,795],[-6,794],[-1056,-4],[-6,803],[-1065,-4],[-6,794],[-7,804],[-1064,-5],[-6,795],[-7,794],[-1064,-5],[-7,804],[-1055,-5],[-7,795],[-6,794],[-6,804],[-7,794],[-6,804],[-6,795],[1055,5],[-6,794],[1064,5],[-6,804],[-6,794],[-7,795],[1064,4],[-6,804],[-6,795],[-7,804],[-12,1588],[-7,804],[-6,795],[-1064,-5],[-7,794],[-6,804],[-1064,-5],[-7,795],[-1055,-5],[-7,804],[-1064,-5],[-6,795],[-1064,-5],[-6,794],[-1056,-4],[-6,804],[-7,794],[-6,794],[-6,804],[-1064,-4],[-7,794],[-6,804],[-6,794],[-6,795],[-7,804],[-6,794],[-6,795],[-7,803],[-6,795],[-6,804],[-6,794],[-7,795],[-6,804],[-12,1588],[-7,804],[1064,5],[-6,795],[-6,803],[-7,795],[-6,794],[-6,804],[-7,795],[1056,4],[-7,795],[-6,804],[-6,794],[1063,5],[-6,804],[1064,5],[1055,4],[2128,10],[6,-804],[1064,5],[1055,5],[1064,4],[6,-794],[1064,5],[-7,794],[1064,5],[-6,804],[-7,794],[-6,795],[-1064,-5],[-6,804],[-7,794],[-6,795],[-6,804],[-7,794],[-6,804],[-7,794],[-6,795],[-1064,-5],[-6,804],[-6,794],[-7,795],[-6,804],[-7,794],[-1063,-5],[-7,804],[-6,795],[-6,794],[1063,5],[-6,804],[-7,794],[-6,795],[1064,4],[-7,804],[1064,5],[-7,795],[-6,804],[-7,794],[1055,5],[-6,794],[-7,804],[-6,795],[-6,794],[-7,804],[-6,794],[-1055,-4],[-6,803],[-7,795],[-6,794],[-7,804],[-1063,-5],[-6,795],[-7,794],[-6,804],[-7,795],[-6,804],[-6,794],[1063,5],[-6,794],[-7,804],[-6,795],[-7,794],[1055,5],[-7,804],[-6,794],[-6,804],[1063,5],[-7,794],[-1063,-5],[-6,795],[-7,804],[-6,794],[-6,795],[1063,5],[-7,803],[-6,795],[-7,804],[1064,5],[-7,794],[1055,5],[-7,794],[-6,804],[-7,795],[-6,794],[-7,804],[-6,795],[1063,4],[-7,804]],[[725027,142932],[2126,10],[1055,5],[2126,10],[6,-804],[1063,5],[1055,5],[1063,5],[6,-795],[1063,5],[1055,5],[6,-804],[7,-794],[6,-795],[-1054,-5],[7,-804],[6,-794],[7,-795],[6,-803],[7,-795],[6,-804],[7,-794],[6,-795],[7,-804],[7,-794],[-1064,-5],[7,-794],[7,-804],[6,-795],[-1063,-5],[6,-804],[7,-794],[6,-794],[-1054,-5],[6,-804],[7,-795],[6,-794],[1055,5],[7,-804],[6,-795],[7,-803],[6,-795],[7,-794],[6,-804],[7,-795],[7,-794],[6,-804],[7,-794],[6,-804],[7,-795],[6,-794],[-1055,-5],[7,-804],[7,-794],[6,-795],[7,-804],[6,-794],[7,-804],[6,-795],[7,-794],[6,-804],[7,-794],[-1064,-5],[7,-795],[6,-804],[7,-794],[7,-804],[6,-794],[7,-795],[1063,5],[7,-804],[6,-794],[7,-795],[6,-804],[7,-794],[7,-804],[6,-794],[7,-795],[6,-804],[1055,5],[7,-794],[6,-795],[7,-803],[1064,4],[6,-794],[7,-804],[6,-794],[1064,5],[7,-795],[6,-804],[1056,5],[6,-794],[7,-795],[1064,5],[6,-803],[7,-795],[1064,5],[6,-804],[7,-794],[1064,5],[7,-795],[6,-804],[1056,5],[6,-794],[7,-794],[7,-804],[6,-795],[1064,5],[7,-804],[7,-794],[1064,5],[6,-794],[7,-804],[7,-795],[6,-794],[1064,5],[7,-804],[7,-794],[6,-804],[1056,5],[7,-795],[6,-794],[7,-804],[1064,5],[7,-794],[6,-795],[1065,5],[6,-804],[7,-794],[7,-804],[1055,5],[7,-794],[7,-795],[7,-804],[6,-794],[7,-795],[7,-803],[7,-795],[6,-804],[7,-794],[7,-795],[7,-803],[6,-795],[7,-794],[1064,5],[7,-804],[1065,5],[6,-794],[7,-804],[7,-795],[1064,5],[7,-794],[7,-804],[7,-794],[7,-795],[6,-804],[7,-794],[7,-804],[7,-794],[6,-795],[7,-804],[-1064,-5],[7,-794],[6,-795],[7,-803],[-1064,-6],[6,-794],[7,-804],[-1064,-5],[6,-794],[7,-795],[-1056,-5],[7,-804],[-1065,-5],[-1064,-5],[6,-794],[-1056,-5],[7,-795],[-1064,-5],[6,-804],[-1064,-5],[6,-794],[-1064,-5],[6,-804],[7,-794],[-1056,-5],[7,-795],[-1065,-5],[7,-804],[6,-794],[7,-795],[-1065,-5],[7,-804],[7,-794],[6,-804],[7,-794],[6,-795],[7,-804],[7,-794],[6,-794],[7,-804],[7,-795],[1065,5],[6,-804],[14,-1588],[1064,5],[7,-804],[1056,5],[7,-795],[1065,5],[7,-794],[1065,5],[6,-804],[1065,5],[1057,5],[6,-794],[1065,5],[7,-804],[1065,5],[7,-794],[6,-795],[1057,5],[7,-804],[1065,6],[1065,5],[6,-795],[7,-794],[1065,5],[7,-804],[7,-794],[7,-804],[1056,5],[7,-794],[7,-795],[7,-804],[6,-794],[7,-795],[7,-803],[7,-795]],[[669255,82829],[1055,5],[-5,804],[1063,4],[1064,5],[1056,4],[1064,4],[1063,5],[1064,4],[1056,5],[1063,4],[1064,5],[1064,4],[-6,795],[1056,4],[1063,5],[-6,804],[1064,4],[1064,5],[1055,4],[1064,5],[1064,4],[1055,5],[-6,794],[1064,5],[-6,794],[1064,5],[-6,804],[1064,4],[-6,795],[1055,4],[-6,795],[1064,4],[1063,5],[1064,5],[6,-795],[6,-794],[1056,4],[6,-804],[12,-1588],[6,-804],[1064,4],[6,-794],[7,-804],[-1064,-5],[6,-794],[6,-795],[6,-803],[6,-795],[6,-794],[7,-804],[-1056,-5],[6,-794],[7,-804],[-1064,-5],[6,-794],[6,-795],[6,-804],[-1064,-4],[6,-795],[6,-794],[7,-804],[-1065,-5],[7,-794],[6,-804],[-1056,-5],[12,-1588],[-1064,-5],[6,-804],[-1064,-5],[12,-1588],[-1064,-5],[6,-804],[6,-794],[-1055,-5],[6,-804],[-1064,-4],[-1064,-5],[6,-794],[-1056,-5],[-1064,-4],[-6,794],[-1064,-4],[-1065,-5],[-6,804],[-6,794],[-1055,-4],[-6,804],[-1064,-5],[-6,795],[-6,794],[-1064,-4],[-6,804],[-6,794],[-1064,-4],[-6,794],[-1056,-4],[-1064,-5],[-1064,-4],[-6,803],[-1064,-4],[-1056,-4],[-1064,-5],[-5,795],[-1065,-5],[-5,804],[-6,795],[-6,794],[-6,804],[-6,794],[-6,795],[-6,804],[-1055,-5],[-6,795],[-6,804],[-1064,-5],[-5,795],[-1064,-5],[-6,795],[-6,804],[-6,794],[-6,795],[2128,8]],[[480431,991259],[1051,2],[3,-804],[1042,3],[1051,3],[3,-795],[1051,3],[4,-795],[1042,3],[1051,2],[3,-804],[1051,3],[3,-795],[1051,3],[1042,3],[4,-795],[1051,3],[3,-804],[1051,2],[1051,3],[3,-795],[1043,3],[3,-804],[1051,3],[4,-795],[1050,3],[1051,3],[-5,-795],[1051,3],[4,-804],[1051,3],[3,-795],[1051,3],[1042,3],[4,-795],[1051,3],[4,-804],[1050,2],[4,-794],[1051,3],[1042,2],[4,-804],[1051,3],[4,-794],[1051,2],[1051,3],[3,-794],[1043,3],[3,-805],[2102,6],[4,-794],[1042,3],[4,-795],[2102,6],[4,-804],[1051,3],[4,-795],[1042,3],[4,-804],[2102,6],[4,-795],[1051,3],[4,-795],[1042,3],[1051,3],[4,-804],[1051,3],[4,-794],[1042,3],[4,-795],[2102,6],[4,-804],[1051,3],[4,-795],[1043,3],[1051,3],[4,-804],[1051,3],[4,-794],[1051,3],[1042,3],[4,-795],[1052,3],[4,-804],[1051,3],[4,-794],[1042,3],[1051,3],[4,-795],[1052,3],[4,-804],[1051,3],[1042,3],[4,-794],[1052,3],[4,-804],[1051,3],[4,-795],[1051,4],[1043,3],[4,-795],[1051,3],[4,-804],[1051,3],[1043,4],[4,-795],[1051,3],[5,-795],[1051,4],[1051,3],[4,-804],[1043,3],[4,-795],[1051,4],[1051,3],[5,-804],[1051,3],[4,-795],[1043,4],[4,-795],[1051,3],[1052,4],[4,-804],[1043,3],[4,-795],[1051,3],[5,-794],[2102,6],[5,-804],[1042,4],[5,-795],[1051,3],[4,-804],[1052,4],[1051,3],[4,-795],[1043,4],[1051,3],[5,-795],[1051,4],[5,-804],[1042,3],[1052,4],[4,-795],[1052,3],[4,-794],[1051,3],[1043,4],[5,-805],[1051,4],[5,-795],[1051,4],[1051,3],[5,-804],[1043,3],[1051,4],[5,-795],[1051,4],[5,-795],[1042,4],[1052,3],[4,-804],[1052,4],[4,-795],[1052,3],[1043,4],[4,-795],[1052,4],[5,-804],[1051,3],[5,-794],[1051,3],[1043,4],[5,-804],[1051,3],[5,-794],[1051,3],[1052,4],[4,-795],[1043,4],[5,-804],[1052,3],[1051,4],[5,-795],[1043,4],[5,-795],[1051,4],[1052,3],[4,-804],[1052,4],[5,-795],[1043,4],[5,-804],[1051,4],[1052,3],[5,-794],[1051,3],[5,-794],[1043,3],[1052,4],[4,-804],[1052,4],[5,-795],[1043,4],[1052,4],[4,-795],[1052,4],[5,-804],[1052,3],[1043,4],[5,-795],[1051,4],[5,-804],[1052,4],[5,-795],[1051,4],[1044,4],[4,-795],[1052,4],[5,-804],[1052,4],[1043,3],[5,-794],[1052,4],[5,-795],[1051,4],[1052,4],[5,-804],[1043,3],[5,-794],[1052,4],[5,-804],[1052,4],[1052,3],[5,-794],[1043,4],[5,-795]],[[629795,912703],[-1043,-4],[5,-804],[5,-795],[5,-794],[1043,4],[5,-804],[5,-795],[-1043,-4],[5,-804],[-1052,-4],[-1051,-4],[-1052,-3],[-5,804],[-1044,-4],[-1051,-4],[-5,795],[-2104,-8],[-5,804],[-1043,-4],[-1052,-4],[-1052,-3],[5,-804],[5,-795],[5,-804],[5,-795],[1052,4],[5,-795],[5,-804],[5,-794],[1052,4],[5,-795],[5,-804],[5,-795],[1043,4],[5,-804],[5,-795],[5,-794],[5,-804],[5,-795],[5,-794],[-1043,-4],[5,-804],[5,-795],[5,-804],[-1052,-4],[5,-794],[-1052,-4],[-1044,-4],[-1052,-4],[-1052,-3],[-5,794],[-1052,-4],[-1043,-3],[-5,804],[-1052,-4],[-5,795],[-1052,-4],[-5,804],[-5,795],[-1052,-4],[-5,794],[-1043,-3],[-5,804],[-1052,-4],[-5,795],[-1052,-4],[-5,795],[-1043,-4],[-5,804],[-5,795],[-1052,-4],[-5,804],[-4,795],[-5,794],[-5,804],[-1052,-3],[-5,794],[-4,795],[-5,804],[-5,795],[-5,804],[-1052,-4],[-5,795],[-4,794],[-5,804],[-1043,-3],[-1052,-4],[-5,795],[-1052,-4],[-1051,-4],[4,-794],[-1043,-4],[-1052,-4],[5,-804],[-1052,-3],[5,-795],[-1043,-3],[-1052,-4],[5,-795],[-1052,-3],[-1052,-4],[-1043,-3],[-1052,-4],[-1052,-3],[-4,794],[-1052,-3],[-5,794],[-1043,-3],[-5,804],[-1051,-4],[-1052,-3],[-5,795],[-1052,-4],[-4,795],[-1043,-4],[-5,804],[-1052,-3],[-4,794],[-1052,-3],[-1043,-4],[-5,805],[-1051,-4],[-5,795],[-1052,-4],[-4,795],[-1052,-4],[-1043,-3],[-1052,-3],[-1051,-4],[-1052,-3],[-1043,-4],[4,-794],[5,-795],[-1052,-3],[4,-804],[-1051,-4],[4,-794],[4,-804],[5,-795],[4,-795],[5,-804],[1052,4],[4,-795],[4,-794],[1052,3],[5,-804],[4,-795],[5,-804],[1043,4],[4,-795],[5,-795],[1052,4],[4,-804],[5,-795],[1051,3],[5,-794],[4,-804],[1052,3],[5,-794],[4,-805],[5,-794],[1043,3],[5,-794],[4,-804],[5,-795],[4,-795],[5,-804],[4,-794],[5,-804],[-1044,-4],[5,-794],[4,-795],[5,-804],[4,-795],[5,-794],[4,-804],[5,-795],[4,-804],[5,-795],[1043,4],[5,-795],[1052,4],[5,-805],[4,-794],[1052,3],[5,-794],[4,-804],[1053,3],[4,-795],[1044,4],[4,-804],[5,-795],[1052,4],[5,-795],[4,-804],[5,-795],[4,-794],[5,-804],[5,-795],[4,-804],[-1052,-3],[4,-795],[5,-795],[5,-804],[4,-794],[5,-795],[4,-804],[-1044,-3],[5,-795],[-1052,-3],[4,-805],[5,-794],[-1053,-4],[5,-794],[-1053,-4],[-1043,-3],[4,-804],[-1052,-4],[-1053,-3],[-1052,-3],[-1044,-4],[-1053,-3],[-1052,-4],[-1044,-3],[-4,804],[-1053,-3],[-1052,-4],[-4,795],[-1053,-3],[-4,794],[-1044,-3],[-5,804],[-4,795],[-4,804],[-1053,-4],[-8,1590],[-5,804],[-4,794],[-1052,-3],[-5,795],[-4,804],[-5,794],[-4,804],[-4,795],[-5,795],[-4,804],[-4,794],[1052,4],[-4,794],[1052,3],[-5,805],[-4,794],[1044,3],[-5,805],[-4,794],[1052,4],[-4,794],[-5,804],[-4,795],[-5,794],[-4,805],[-4,794],[-1052,-3],[-5,804],[-4,794],[-1044,-3],[-4,795],[-1052,-4],[-5,804],[-1052,-3],[-4,795],[-1052,-4],[-4,795],[-1044,-3],[-4,804],[-1052,-3],[-5,794],[-4,804],[-1052,-3],[-4,795],[-1044,-4],[-4,795],[-1052,-3],[-4,804],[-4,794],[-1052,-3],[-5,795],[-1052,-4],[-4,805],[-4,794],[-1043,-3],[-5,804],[-4,795],[-1052,-4],[-4,795],[-2104,-6],[-4,804],[-4,794],[-1044,-3],[-4,795],[-1052,-3],[-4,804],[-1052,-4],[-1043,-3],[-1052,-3],[-4,795],[-1052,-3],[-1052,-4],[4,-794],[-1043,-3],[-1052,-3],[4,-805],[-1051,-3],[4,-794],[4,-795],[4,-804],[-1052,-3],[4,-795],[4,-794],[4,-804],[4,-795],[-1043,-3],[4,-804],[4,-795],[4,-794],[-1052,-4],[4,-804],[4,-794],[-1052,-3],[4,-795],[-1043,-3],[4,-804],[-1052,-3],[4,-795],[-1052,-3],[4,-804],[-1052,-3],[-1043,-3],[-1052,-3],[3,-795],[4,-794],[-2104,-6],[4,-805],[-1043,-3],[4,-794],[-1052,-3],[4,-795],[4,-804],[-1053,-3],[4,-794],[4,-805],[4,-794],[-1043,-3],[4,-795],[-1053,-3],[4,-804],[-1052,-3],[4,-794],[4,-795],[-1052,-3],[4,-804],[-1044,-3],[4,-795],[4,-804],[-1052,-3],[3,-794],[4,-795],[4,-804],[-1052,-3],[4,-795],[4,-794],[4,-804],[3,-795],[4,-804],[4,-795],[4,-794],[4,-804],[8,-1590],[3,-804],[4,-794],[1053,3],[4,-804],[3,-795],[4,-795],[4,-804],[1053,3],[4,-794],[3,-795],[1044,3],[4,-804],[4,-795],[1053,3],[4,-804],[3,-794],[4,-795],[4,-804],[1053,3],[4,-795],[4,-794],[1052,3],[4,-804],[1044,3],[4,-795],[1053,3],[4,-804],[4,-795],[1052,3],[4,-794],[1044,3],[4,-804],[1053,3],[4,-795],[1052,3],[4,-795],[4,-804],[1053,3],[4,-794],[1044,3],[4,-804],[1053,3],[4,-795],[4,-794],[1053,3],[4,-804],[1052,3],[5,-795],[1044,3],[4,-794],[1052,3],[5,-804],[4,-795],[4,-804],[4,-795],[4,-794],[4,-804],[8,-1590],[4,-804],[4,-794],[4,-804],[5,-795],[4,-795],[4,-804],[4,-794],[4,-795],[4,-804],[4,-794],[4,-805],[4,-794],[4,-795],[1053,3],[4,-804],[5,-794],[4,-795],[4,-804],[4,-795],[4,-804],[4,-794],[4,-795],[1045,3],[4,-804],[4,-794],[4,-795],[4,-804],[4,-795],[4,-804],[5,-794],[4,-795],[-1045,-3],[4,-804],[4,-795],[-1053,-3],[4,-794],[4,-805],[-1053,-3],[4,-794],[4,-804],[-1044,-3],[8,-1590],[4,-804],[-1053,-3],[4,-794],[4,-795],[-1054,-3],[5,-804],[4,-795],[4,-804],[4,-794],[1053,3],[4,-795],[1053,3],[1045,3],[4,-804],[4,-794],[1054,3],[1053,3],[4,-795],[1045,3],[4,-804],[1054,3],[4,-794],[4,-804],[1053,3],[4,-795],[1054,3],[4,-794],[1045,3],[4,-804],[4,-795],[4,-794],[4,-804],[5,-795],[4,-804],[4,-795],[4,-794],[4,-804],[5,-795],[4,-794],[4,-804],[4,-795],[4,-804],[4,-795],[5,-794],[1053,3],[4,-804],[1054,3],[4,-795],[1054,4],[4,-795],[1045,3],[4,-804],[1054,3],[1054,4],[4,-795],[1045,3],[1054,3],[4,-804],[1054,4],[8,-1590],[4,-804],[5,-794],[4,-795],[-1054,-3],[5,-804],[4,-795],[-1054,-3],[4,-804],[-1045,-3],[4,-795],[-1053,-3],[4,-795],[-1054,-3],[4,-804],[-1045,-3],[4,-795],[-1054,-3],[-1053,-3],[4,-795],[-1054,-3],[4,-804],[4,-795],[-1045,-3],[4,-804],[-1054,-3],[5,-795],[-1054,-3],[4,-794],[-1054,-3],[4,-804],[8,-1590],[-1045,-3],[4,-804],[4,-794],[4,-804],[-1054,-4],[5,-794],[4,-795],[4,-804],[1054,3],[4,-794],[1045,3],[4,-795],[5,-804],[1054,3],[4,-794],[1054,3],[4,-804],[4,-795],[4,-794],[1054,3],[5,-804],[1045,3],[4,-795],[1054,4],[5,-795],[4,-804],[1054,3],[4,-795],[1054,4],[1046,3],[4,-804],[2108,6],[1046,4],[3162,9],[1046,4],[-5,804],[1055,3],[-5,794],[1054,4],[-4,804],[-4,794],[1054,4],[-5,794],[1046,4],[-4,804],[-5,794],[1054,4],[-4,794],[-5,804],[-4,795],[-4,804],[-5,794],[-4,795],[-1054,-3],[-4,804],[-5,794],[-4,795],[1054,3],[-4,804],[-5,795],[1054,3],[-4,804],[1045,4],[-4,794],[1054,4],[-5,794],[1054,3],[1054,4],[-5,804],[1046,3],[1054,4],[1054,3],[4,-804],[1054,3],[1045,4],[5,-795],[1054,4],[4,-795],[1054,3],[4,-804],[1046,4],[1054,3],[4,-794],[5,-804],[1054,3],[4,-795],[5,-794],[4,-804],[5,-795],[4,-794],[5,-804],[5,-795],[1054,3],[4,-804],[5,-794],[1045,3],[5,-794],[1054,3],[4,-804],[1054,4],[1054,3],[5,-795],[1046,4],[1054,3],[1054,4],[1045,3],[2108,8],[1054,3],[-4,795],[1045,3],[-4,804],[1054,4],[1054,3],[-5,795],[1054,4],[-5,794],[1046,4],[-5,804],[-5,794],[1054,4],[-5,804],[1054,4],[-4,794],[-5,795],[1054,3],[-5,804],[-5,795],[1046,4],[-5,794],[-5,804],[-5,795],[1054,3],[-4,805],[1053,3],[-4,795],[-5,794],[-5,804],[-10,1590],[-4,804],[1045,3],[-5,795],[-5,804],[-5,794],[-4,795],[1053,4],[-4,804],[-5,794],[-5,795],[1054,4],[-5,804],[-5,794],[1054,4],[1045,4],[-5,804],[1054,3],[1053,4],[1054,4],[1045,3],[5,-804],[1054,4],[5,-794],[1054,3],[5,-804],[1045,4],[1054,4],[4,-795],[2108,8],[1045,3],[-5,795],[-5,804],[-5,795],[-5,804],[1054,3],[-10,1590],[-5,804],[-5,794],[-5,795],[-5,804],[-5,794],[-5,805],[-5,794],[-5,795],[-5,804],[-5,794],[-5,795],[-5,804],[-5,795],[1054,3],[-5,804],[-5,795],[1053,4],[-5,794],[-5,804],[1045,4],[-5,795],[-5,794],[-5,804],[1053,4],[-5,795],[-5,804],[-5,794],[-5,795],[1054,4],[-5,804],[1045,4],[1053,4],[5,-805],[1053,4],[1054,4],[5,-794],[5,-795],[1045,4],[5,-804],[5,-795],[1054,4],[5,-804],[5,-794],[5,-795],[5,-804],[1053,4],[6,-795],[5,-794],[1053,4],[5,-805],[5,-794],[1045,4],[6,-804],[1053,4],[5,-795],[1054,4],[5,-795],[5,-804],[5,-794],[1045,4],[6,-795],[5,-804],[1053,4],[6,-795],[5,-804],[1053,4],[6,-794],[5,-795],[5,-804],[1054,4],[5,-794],[5,-795],[5,-804],[1046,4],[5,-795],[5,-804],[1054,4],[5,-794],[5,-795],[1054,4],[5,-804],[1054,4],[5,-795],[1046,4],[5,-794],[1054,4],[5,-804],[5,-795],[1054,4],[5,-804],[1046,4],[5,-794],[5,-795],[1054,4],[5,-804],[1054,4],[6,-794],[5,-795],[1054,4],[5,-804],[5,-794],[1046,4],[5,-804],[6,-795],[5,-795],[5,-804],[6,-794],[5,-795],[5,-804],[-1045,-4],[5,-794],[-1054,-4],[-1054,-5],[6,-804],[-1054,-4],[-1046,-4],[5,-794],[-2108,-8],[-1045,-4],[5,-795],[-1054,-4],[5,-804],[-1054,-4],[6,-794],[5,-795],[-1054,-4],[5,-804],[-1045,-4],[5,-795],[-1054,-4],[5,-804],[-2108,-8],[-1046,-3],[-5,804],[-1054,-4],[-5,794],[-5,804],[-1055,-4],[-5,795],[-1045,-4],[-5,795],[-5,804],[-6,794],[-1054,-4],[-5,795],[-1054,-4],[-5,804],[-1054,-4],[-5,795],[-5,804],[-1046,-4],[-5,794],[-1054,-3],[-5,794],[-5,804],[-1054,-4],[-5,795],[-1054,-4],[-5,795],[-1045,-4],[-5,804],[-1054,-4],[-5,795],[-1054,-4],[-1045,-4],[-1054,-4],[5,-794],[5,-804],[-1054,-4],[5,-795],[5,-794],[5,-804],[10,-1590],[5,-804],[5,-794],[-1054,-4],[5,-804],[5,-795],[-1046,-3],[5,-795],[-2108,-8],[-1054,-3],[5,-804],[-1045,-4],[5,-795],[-1055,-3],[-1054,-4],[5,-795],[-1045,-3],[-1054,-4],[5,-804],[-1054,-4],[4,-794],[-1054,-4],[5,-804],[-1045,-4],[-1054,-4],[4,-794],[-1054,-4],[5,-794],[-1054,-4],[5,-804],[5,-795],[-1046,-3],[5,-795],[5,-804],[-1055,-4],[5,-794],[5,-804],[-1054,-4],[5,-794],[4,-795],[5,-804],[-1046,-4],[5,-794],[5,-795],[5,-804],[5,-794],[4,-805],[5,-794],[5,-795],[5,-804],[4,-794],[1046,3],[5,-794],[5,-804],[1054,3],[5,-794],[5,-804],[1054,3],[5,-794],[-1054,-4],[4,-794],[5,-804],[10,-1590],[-1055,-3],[5,-804],[-1046,-4],[-1054,-4],[5,-794],[-1055,-4],[-1054,-3],[-1046,-4],[-1055,-4],[-1054,-3],[-5,794],[-1054,-3],[-1046,-4],[-5,804],[-1054,-3],[-5,794],[-1055,-3],[-1054,-4],[-1046,-3],[-4,794],[-1055,-3],[5,-795],[-1055,-3],[-1046,-4],[5,-794],[5,-804],[4,-795],[5,-804],[4,-795],[-1054,-3],[5,-795],[4,-804],[-1054,-3],[4,-795],[-1054,-3],[4,-795],[-1046,-3],[-1054,-4],[-1055,-3],[5,-804],[-1055,-4],[5,-794],[-1046,-4],[-1055,-3],[5,-804],[-1055,-4],[5,-794],[-1046,-4],[4,-794],[5,-804],[1046,3],[4,-794],[1055,3],[4,-795],[1055,4],[1046,3],[1055,4],[1054,3],[1055,4],[1046,3],[1055,4],[1054,3],[5,-804],[1054,4],[5,-795],[5,-804],[1046,3],[4,-794],[5,-795],[1055,4],[4,-804],[5,-795],[5,-794],[1054,3],[5,-804],[5,-794],[1046,3],[5,-804],[4,-795],[2110,8],[1055,3],[4,-794],[1046,3],[1055,4],[5,-804],[1055,3],[1055,4],[4,-795],[1047,4],[1054,3],[1055,4],[5,-794],[1055,3],[1046,4],[1055,3],[1055,4],[1046,4],[5,-804],[1055,3],[1054,4],[-5,804],[1055,4],[1047,4],[1054,3],[2110,8],[1046,3],[2110,8],[1046,4],[1055,3],[1055,4],[1054,4],[1047,4],[1055,4],[1054,3],[1055,4],[1046,4],[2110,8],[1046,4],[-5,794],[2110,8],[-5,795],[1054,3],[1047,4],[-6,804],[1055,4],[-5,795],[2110,8],[1046,4],[1055,3],[1054,4],[1047,4],[1054,4],[2110,8],[1046,4],[-5,795],[1054,4],[2110,8],[5,-795],[1046,4],[6,-794],[1054,4],[6,-804],[1055,4],[5,-795],[5,-794],[1046,4],[6,-804],[1055,4],[1054,4],[6,-795],[1055,4],[5,-804],[1046,4],[6,-794],[1055,4],[5,-795],[1055,4],[5,-804],[6,-794],[5,-795],[5,-804],[6,-794],[5,-804],[6,-795],[5,-794],[6,-804],[10,-1590],[-1055,-4],[6,-804],[5,-794],[-1055,-4],[6,-804],[-1047,-4],[-1055,-5],[-2110,-8],[-1046,-4],[-1055,-4],[5,-794],[-1055,-4],[-1047,-4],[-3165,-12],[-1046,-4],[-3165,-12],[-1047,-4],[-1055,-4],[6,-795],[-1056,-4],[-1046,-4],[5,-804],[-2110,-8],[-1055,-3],[5,-795],[-1046,-4],[-1055,-4],[5,-794],[-2110,-8],[-1047,-4],[-2110,-8],[5,-804],[-1047,-4],[5,-794],[-1055,-4],[5,-804],[5,-794],[5,-795],[1056,4],[5,-804],[5,-795],[5,-794],[1046,3],[5,-804],[-1046,-3],[5,-795],[5,-804],[5,-795],[1047,4],[5,-794],[5,-804],[5,-795],[5,-794],[5,-804],[5,-795],[1055,4],[6,-804],[1055,4],[5,-795],[1047,4],[5,-795],[1055,4],[5,-804],[1056,4],[5,-794],[1055,3],[5,-804],[1047,4],[1055,4],[5,-794],[1056,4],[1055,4],[5,-795],[1047,4],[5,-804],[1056,4],[1055,4],[5,-795],[1047,4],[5,-794],[1056,4],[5,-804],[5,-795],[1056,4],[5,-804],[5,-795],[6,-794],[-1056,-4],[5,-804],[-1055,-4],[5,-795],[-1047,-4],[5,-794],[-1055,-4],[5,-804],[5,-795],[-1055,-4],[5,-804],[-1047,-4],[5,-794],[5,-795],[-1055,-4],[5,-804],[5,-794],[5,-795],[6,-804],[-1056,-4],[5,-794],[5,-804],[6,-795],[-1056,-4],[5,-794],[-1047,-4],[5,-804],[-1056,-4],[-1055,-4],[-5,804],[-1056,-4],[-1047,-4],[-1056,-4],[-1055,-3],[-1048,-4],[-1055,-4],[-2112,-8],[-1047,-4],[-1055,-3],[-1056,-4],[5,-804],[-1056,-4],[-1047,-4],[-1055,-4],[-1056,-3],[5,-795],[-1047,-4],[5,-794],[-1056,-4],[5,-804],[-1056,-4],[-1055,-3],[4,-795],[5,-804],[-1047,-4],[5,-794],[-1056,-4],[5,-795],[-1056,-3],[5,-804],[5,-795],[-1056,-4],[5,-794],[-1047,-4],[5,-804],[-1056,-3],[5,-795],[5,-804],[-1056,-4],[5,-794],[5,-795],[5,-804],[4,-794],[5,-795],[1056,4],[5,-804],[1056,3],[1047,4],[5,-795],[2112,8],[5,-804],[1056,4],[5,-795],[1047,4],[5,-795],[5,-804],[5,-794],[5,-795],[-1048,-4],[5,-804],[-1056,-3],[5,-795],[-1056,-4],[5,-804],[-1056,-3],[5,-795],[-1048,-4],[5,-794],[5,-804],[5,-795],[5,-794],[5,-804],[4,-795],[5,-804],[5,-794],[5,-795],[1048,4],[5,-804],[4,-795],[1057,4],[4,-795],[1057,4],[1056,4],[1047,3],[1056,4],[1057,4],[1056,4],[1047,3],[-5,795],[1057,4],[1056,3],[1047,4],[-5,795],[1056,4],[-5,804],[1057,3],[-5,795],[1056,4],[-5,794],[1047,4],[1056,4],[-5,804],[1056,4],[-5,794],[-5,804],[1056,4],[-5,795],[-5,794],[1047,4],[-5,804],[1056,4],[-5,795],[1056,4],[-5,794],[1048,4],[-6,804],[1056,4],[-5,794],[-5,804],[1056,4],[-5,795],[1056,4],[-5,794],[1047,4],[-5,804],[2112,8],[-5,795],[1056,4],[1047,4],[1056,4],[1056,3],[1047,4],[2112,8],[-5,795],[1056,4],[-6,804],[1048,4],[-6,795],[1056,4],[-5,804],[2112,8],[-6,794],[1048,4],[1056,4],[1055,4],[1048,4],[-6,795],[-5,804],[1056,4],[-6,795],[-5,794],[1056,4],[-6,804],[-5,795],[-5,804],[1055,4],[-5,794],[1047,5],[-5,794],[1056,4],[1055,4],[-5,804],[1056,4],[-6,795],[-5,795],[1047,4],[-6,804],[-5,794],[-6,804],[1056,4],[-5,795],[-6,795],[-5,804],[1055,4],[-5,794],[-6,795],[-5,804],[1047,4],[-6,794],[1056,5],[-6,804],[-5,794],[1056,4],[-6,795],[1056,4],[-6,804],[1047,4],[-5,795],[1055,4],[1056,4],[1055,5],[1047,4],[6,-795],[1055,4],[6,-804],[5,-794],[6,-795],[1056,5],[5,-804],[1047,4],[6,-795],[6,-804],[5,-794],[6,-795],[1055,4],[6,-804],[6,-794],[5,-795],[1056,5],[6,-804],[5,-795],[1056,4],[6,-804],[5,-794],[6,-795],[6,-804],[5,-794],[1047,4],[6,-795],[6,-804],[5,-794],[-1047,-4],[6,-804],[6,-795],[5,-794],[6,-804],[6,-795],[-1056,-4],[5,-795],[6,-804],[-1056,-4],[6,-795],[6,-804],[5,-794],[6,-795],[5,-804],[-1055,-4],[5,-795],[6,-794],[5,-804],[6,-795],[6,-804],[5,-794],[1056,4],[6,-794],[6,-804],[5,-795],[6,-795],[1056,5],[6,-804],[5,-795],[6,-804],[1056,4],[6,-794],[5,-795],[1048,5],[6,-804],[1056,4],[5,-795],[6,-794],[1056,4],[6,-804],[6,-794],[1056,4],[6,-804],[5,-794],[6,-795],[6,-804],[1047,4],[6,-794],[-1048,-5],[6,-794],[6,-804],[-1056,-4],[5,-795],[6,-804],[6,-795],[-1056,-4],[5,-794],[6,-804],[-1056,-5],[5,-794],[-1047,-5],[5,-794],[6,-804],[-1056,-4],[5,-795],[-1056,-4],[6,-804],[-1057,-4],[6,-795],[5,-795],[-1047,-4],[5,-804],[-2112,-8],[5,-795],[-1048,-4],[6,-795],[-1057,-4],[6,-804],[-1056,-4],[5,-795],[-1056,-4],[5,-804],[-1047,-4],[-1057,-4],[6,-795],[-1057,-4],[-1056,-4],[5,-795],[-1048,-4],[-1056,-4],[5,-804],[-1056,-4],[5,-795],[-1048,-4],[-1056,-4],[5,-795],[-1056,-4],[-1057,-4],[6,-804],[-1048,-4],[-1057,-4],[6,-795],[-1057,-4],[6,-804],[-1057,-4],[5,-794],[-1048,-5],[6,-794],[5,-804],[-1056,-4],[5,-795],[5,-794],[1057,4],[5,-804],[1048,4],[2114,8],[1056,4],[1048,4],[6,-794],[1056,4],[2114,8],[1048,4],[1056,5],[1057,4],[1048,4],[1057,4],[1056,4],[1057,5],[6,-804],[1048,4],[5,-795],[1057,4],[5,-794],[1057,4],[6,-804],[5,-794],[6,-795],[1056,4],[6,-804],[1048,5],[1057,4],[6,-795],[1056,5],[1048,4],[6,-804],[1057,4],[6,-794],[1056,4],[6,-795],[1057,5],[5,-804],[6,-795],[1048,4],[6,-794],[6,-804],[5,-795],[1057,5],[6,-804],[6,-795],[5,-794],[6,-804],[6,-795],[6,-794],[5,-804],[6,-795],[6,-804],[5,-794],[6,-795],[6,-804],[-1057,-4],[6,-795],[5,-794],[-1048,-5],[6,-804],[5,-794],[-1057,-4],[6,-804],[-1057,-5],[-1057,-4],[-1048,-4],[-1057,-5],[-1057,-4],[-1049,-4],[-1057,-4],[-1057,-5],[-1057,-4],[6,-794],[-1049,-5],[-1057,-4],[6,-794],[5,-804],[-1057,-5],[6,-794],[1057,4],[6,-794],[1057,4],[5,-804],[1049,4],[1057,4],[5,-794],[6,-804],[1057,4],[6,-795],[5,-794],[6,-804],[-1057,-4],[5,-795],[-1057,-4],[-1048,-4],[-1057,-5],[-1058,-4],[-1057,-4],[6,-794],[-1049,-5],[6,-804],[1048,5],[6,-795],[5,-804],[1058,4],[1057,4],[5,-794],[1058,4],[5,-794],[1049,4],[5,-804],[1058,4],[1057,4],[5,-794],[6,-795],[1057,5],[6,-804],[6,-795],[1048,4],[6,-804],[6,-794],[1057,4],[6,-795],[5,-804],[6,-794],[1057,4],[6,-794],[6,-804],[1048,4],[6,-795],[6,-803],[5,-795],[1058,4],[5,-794],[6,-804],[6,-795],[6,-794],[-1058,-5],[6,-804],[5,-794],[-1048,-4],[5,-804],[6,-795],[-1058,-4],[6,-795],[6,-804],[5,-794],[6,-795],[6,-804],[5,-794],[6,-804],[-1057,-5],[-1049,-4],[5,-794],[-1057,-5],[5,-794],[-1057,-4],[5,-804],[-1057,-5],[5,-794],[-1049,-4],[-1057,-5],[5,-794],[-1058,-4],[6,-804],[6,-795],[5,-804],[1058,4],[5,-794],[6,-795],[6,-804],[5,-794],[6,-795],[5,-804],[6,-794],[6,-804],[5,-795],[6,-794],[5,-804],[6,-795],[-1058,-4],[6,-794],[-1058,-5],[5,-804],[-1049,-4],[-1058,-4],[-1057,-4],[5,-795],[-1049,-4],[-3174,-12],[6,-804],[-1049,-5],[-2116,-8],[5,-794],[6,-795],[5,-804],[6,-794],[1057,4],[6,-795],[1058,4],[5,-804],[1050,5],[5,-795],[1058,4],[6,-804],[1058,4],[5,-794],[1058,4],[6,-795],[1049,5],[6,-804],[5,-795],[1058,4],[1058,5],[6,-795],[5,-804],[1050,4],[1058,4],[5,-794],[6,-804],[2116,8],[5,-794],[1050,4],[6,-794],[5,-804],[6,-795],[5,-794],[1059,4],[5,-804],[6,-795],[5,-804],[-1058,-4],[6,-794],[6,-795],[5,-804],[6,-794],[-1050,-5],[6,-794],[-1058,-4],[5,-804],[-1058,-5],[6,-794],[5,-804],[6,-795],[5,-794],[6,-804],[-1058,-4],[5,-795],[6,-794],[-1050,-5],[6,-804],[-1059,-4],[-1058,-4],[-5,804],[-1050,-4],[-1058,-4],[-6,794],[-2116,-8],[-6,794],[-1050,-4],[-5,804],[-1058,-4],[-6,795],[-1058,-5],[-6,795],[-1058,-4],[-5,804],[-1050,-4],[-1058,-4],[-1058,-5],[5,-803],[-1050,-5],[6,-794],[5,-795],[6,-804],[5,-794],[1050,4],[5,-795],[6,-804],[1058,5],[5,-795],[6,-804],[1058,4],[5,-794],[6,-795],[1050,4],[5,-804],[1059,4],[5,-794],[5,-795],[1059,5],[5,-804],[6,-795],[5,-804],[-1058,-4],[5,-795],[1059,5],[5,-795],[-1058,-4],[5,-804],[6,-795],[-1059,-4],[-1050,-4],[-1058,-4],[-6,795],[-1058,-5],[-1050,-4],[-1058,-4],[-6,804],[-1058,-4],[-6,795],[-1058,-4],[-1050,-4],[-5,794],[-1059,-4],[-2116,-8],[5,-795],[-1050,-4],[-1058,-4],[-1059,-4],[-1050,-4],[-5,795],[-1058,-4],[-1059,-4],[-5,804],[-1059,-4],[-5,794],[-5,804],[-5,795],[-6,794],[-5,804],[-5,795],[-1050,-4],[-5,795],[-1058,-4],[-6,804],[-1058,-4],[-5,794],[-5,804],[-1059,-4],[-5,795],[-1050,-4],[-5,794],[-5,804],[-5,795],[-5,794],[-5,804],[-6,795],[-5,804],[1050,4],[-5,794],[-6,795],[-5,804],[1058,4],[-5,794],[1058,4],[-5,795],[-5,804],[1058,4],[-5,794],[-5,804],[-6,795],[1050,4],[-5,794],[1058,4],[-5,804],[-6,795],[1058,4],[-5,794],[-5,804],[1058,4],[-5,795],[-6,804],[-5,794],[-5,795],[-5,804],[-6,794],[-1058,-4],[-5,795],[-5,804],[-1058,-4],[-5,794],[-1058,-4],[-6,804],[-1049,-4],[-5,795],[-1058,-4],[-5,795],[-1058,-4],[-5,804],[-1058,-4],[-1050,-4],[-5,794],[-1058,-4],[-1057,-4],[-6,795],[-1049,-4],[-2116,-8],[-5,804],[-1058,-4],[-1049,-3],[-2116,-8],[5,-804],[6,-795],[5,-794],[5,-804],[1058,4],[5,-795],[5,-794],[5,-804],[5,-795],[1058,4],[5,-804],[-1058,-4],[5,-794],[5,-795],[5,-804],[-1058,-4],[5,-794],[-1058,-4],[5,-795],[-1049,-3],[5,-804],[-1058,-4],[5,-795],[5,-804],[5,-794],[5,-795],[5,-804],[-1058,-4],[5,-794],[-1050,-4],[-1058,-4],[-1058,-3],[5,-795],[-1058,-4],[5,-804],[5,-794],[-1049,-4],[5,-804],[4,-795],[5,-794],[5,-804],[5,-795]],[[580226,412092],[4,-794],[5,-795],[5,-804],[4,-794],[1059,3],[5,-794],[5,-804],[5,-795],[4,-804],[5,-794],[5,-795],[5,-804],[4,-794],[1051,3],[5,-794],[4,-804],[5,-795],[5,-804],[5,-794],[4,-795],[5,-804],[-1050,-3],[4,-795],[5,-794],[5,-804],[-1060,-4],[5,-794],[5,-804],[-1059,-4],[4,-794],[5,-795],[-1059,-4],[4,-804],[5,-794],[-1051,-4],[5,-794],[5,-804]],[[397928,260769],[2,-795],[-1061,-2],[3,-794],[2,-804],[-1061,-2],[3,-795],[2,-794],[3,-804],[-1053,-2],[3,-795],[3,-804],[-1062,-2],[3,-794],[3,-795],[-1062,-2],[-1061,-2],[3,-804],[-1053,-2],[-1062,-2],[-1061,-2],[-1053,-2],[-1061,-2],[-1062,-2],[3,-794],[-1062,-2],[-1052,-2],[2,-795],[-1061,-2],[2,-804],[3,-794],[2,-804],[-1061,-2],[2,-794],[3,-795],[2,-804],[3,-795],[-1062,-1],[-1053,-2],[-1061,-2],[2,-795],[-1061,-2],[2,-804],[-1053,-1],[3,-795],[-1062,-2],[3,-804],[2,-794],[3,-795],[-1062,-2],[3,-804],[2,-794],[-1062,-2],[3,-795],[2,-804],[-1053,-1],[3,-795],[2,-804],[-1062,-2],[-1061,-2],[-1062,-1],[-1053,-2],[-1062,-2],[-2,804],[-1062,-2],[-2,795],[-1053,-2],[-3,804],[-1061,-2],[-2,795],[-1062,-2],[-2,795],[-1062,-2],[-1053,-2],[-1062,-2],[-2,804],[-1062,-1],[-1061,-2],[-1053,-2],[2,-804],[-1062,-1],[-1061,-2],[-1053,-2],[-1062,-1],[2,-795],[-1061,-2],[-1062,-1],[-1053,-2],[-1062,-2],[-1061,-1],[2,-795],[-1062,-1],[-2,794],[-1053,-1],[-1062,-2],[-1061,-2],[-2,795],[-1053,-2],[-2,804],[-1062,-1],[-2,794],[-2,795],[-2,804],[-2,794],[-2,804],[-1062,-1],[-2,794],[-1061,-1],[-2,794],[-1053,-1],[-2,804],[-2,794],[-1062,-1],[-2,794],[-2,804],[-2,795],[-2,804],[1061,1],[1053,2],[-2,794],[1062,2],[1061,1],[1062,2],[1052,2],[1062,1],[1061,2],[-2,794],[1053,2],[1061,2],[-2,803],[-2,795],[1062,2],[-3,794],[-2,804],[-2,795],[-2,804],[-1061,-2],[-3,795],[-2,794],[-2,804],[-2,795],[-2,794],[-2,804],[1061,2],[-2,794],[-2,804],[1061,2],[-2,794],[-2,795],[1052,2],[-2,804],[1061,1],[-2,795],[1061,1],[-2,795],[1061,2],[1053,1],[-2,804],[2122,4],[-2,794],[-2,804],[1052,2],[-2,794],[2122,4],[-2,794],[1061,2],[-2,804],[1052,2],[-2,794],[1061,2],[-2,795],[1061,1],[-2,804],[-3,795],[1062,2],[1052,1],[-2,804],[-3,795],[1061,2],[-2,794],[1061,2],[-2,804],[-3,794],[-2,795],[-2,804],[1052,2],[-2,794],[-3,804],[-2,795],[-3,794],[-2,804],[-2,795],[-1053,-2],[-2,795],[-2,804],[-3,794],[-2,804],[-3,795],[-2,794],[-2,804],[1052,2],[-2,795],[1060,1],[-2,795],[-2,804],[-1061,-2],[-3,795],[-1052,-2],[-2,804],[-2122,-4],[-1052,-2],[-1061,-1],[-2,794],[-1061,-1],[-1061,-2],[-2,794],[-1052,-1],[-2122,-4],[-2,804],[-2,795],[-1061,-2],[-2,795],[-2,804],[-3,794],[-2,804],[-2,795],[1061,1],[-3,795],[-2,804],[1061,2],[-2,794],[-3,795],[1061,1],[1052,2],[-2,804],[1060,2],[-2,794],[1061,2],[1060,2],[1052,2],[1061,1],[1060,2],[-2,804],[1052,2],[1061,2],[1060,2],[-2,794],[1060,2],[1052,2],[-2,794],[1061,2],[1060,2],[1061,2],[-3,804],[1052,2],[-2,794],[1060,2],[-2,795],[-3,804],[-2,794],[-3,804],[-2,795],[-3,794],[-1060,-2],[-3,804],[-2,795],[-1052,-2],[-2,795],[-1061,-2],[-2,804],[1060,1],[-2,795],[-3,804],[1052,2],[1060,2],[-2,794],[1060,2],[1052,2],[1060,2],[1061,2],[-3,794],[1061,2],[-3,804],[1052,2],[-3,795],[1061,2],[1060,2],[-2,794],[1060,2],[-3,804],[1052,2],[1060,2],[3,-804],[1060,2],[1052,2],[1060,2],[1061,2],[1060,2],[3,-795],[1052,2],[-3,795],[1060,2],[1061,2],[-3,804],[1060,2],[1052,2],[-3,795],[-3,804],[1061,2],[-3,794],[1060,2],[-2,795],[-3,804],[1051,2],[-2,795],[1060,2],[-3,794],[1060,2],[-2,804],[1060,2],[1051,2],[-2,795],[2120,4],[-3,804],[-3,795],[-2,794],[-3,804],[-3,795],[-3,804],[-3,794],[-3,795],[-2,804],[-3,794],[-3,795],[-3,804],[-3,795],[1060,2],[-3,804],[-2,794],[-3,795],[1051,2],[-3,804],[1060,2],[-2,795],[2120,4],[-3,795],[1051,2],[1060,2],[-3,804],[1060,2],[1051,2],[1060,3],[-2,794],[1060,2],[-3,804],[1059,3],[1052,2],[-3,794],[1060,3],[-3,794],[-3,804],[1060,2],[-3,795],[1060,2],[-3,795],[1051,2],[-3,804],[-3,795],[1060,2],[-3,804],[1060,2],[-3,795],[1051,2],[1060,2],[1059,3],[-3,794],[1060,3],[1051,2],[-3,804],[1060,2],[1060,3],[-3,794],[1060,2],[1051,3],[-3,794],[1060,3],[1059,2],[-3,804],[1051,3],[-3,794],[1060,3],[-3,804],[-3,794],[-4,795],[1060,2],[-3,804],[-3,795],[1059,2],[-3,795],[-3,804],[1051,2],[-3,795],[1059,2],[1060,2],[-3,804],[1059,3],[1052,2],[-4,795],[-3,794],[1060,3],[-4,804],[-3,794],[1060,3],[-4,794],[-3,804],[1051,3],[-3,795],[-4,804],[-3,794],[1060,3],[-4,794],[1060,3],[-3,804],[-4,794],[1060,3],[-4,794],[-3,804],[1051,3],[-3,794],[-4,804],[-3,795],[1059,2],[-3,795],[-3,804],[1059,2],[1059,3],[-3,795],[1051,2],[-4,795],[1060,2],[-4,804],[1060,3],[-4,794],[1051,3],[1060,3],[-4,804],[1059,2],[-3,795],[-3,794],[-4,804],[-3,795],[-4,794],[-1059,-2],[-1059,-3],[-4,804],[-1051,-2],[-2118,-6],[-1051,-2],[-1059,-3],[-1060,-2],[-1059,-3],[-1051,-2],[4,-804],[-1060,-3],[-1059,-2],[-1059,-3],[3,-794],[-1051,-3],[-1059,-2],[3,-795],[-1059,-2],[3,-804],[-1051,-3],[-1059,-2],[3,-795],[-1059,-2],[3,-795],[-1059,-2],[-1051,-3],[3,-804],[-1059,-2],[3,-795],[-1059,-2],[3,-804],[-1060,-3],[4,-794],[-1051,-3],[-1060,-2],[3,-795],[-1059,-2],[3,-804],[-1051,-2],[-1059,-3],[3,-794],[-1059,-3],[3,-794],[-1060,-2],[3,-804],[-1051,-3],[3,-794],[-1059,-3],[-1060,-2],[4,-804],[-1060,-2],[3,-795],[-1051,-2],[-1059,-2],[3,-795],[-1060,-2],[3,-804],[-1051,-3],[-1059,-2],[-1060,-2],[-1059,-2],[2,-795],[-1050,-2],[-1060,-2],[3,-795],[-1060,-2],[-1059,-2],[-1051,-3],[3,-804],[-2120,-4],[3,-794],[-1051,-3],[-1059,-2],[-1060,-2],[-1059,-2],[2,-804],[-1051,-2],[-1059,-2],[-1060,-3],[-1059,-2],[-1051,-2],[2,-794],[-1059,-2],[-1060,-3],[-1060,-2],[-1051,-2],[-1059,-2],[-1060,-2],[-1051,-2],[-1060,-2],[-1059,-2],[-1060,-2],[-1051,-2],[-1059,-2],[-2120,-4],[-2,795],[-1051,-2],[2,-795],[-1059,-2],[-1060,-2],[-1051,-2],[-1060,-2],[3,-794],[-1060,-2],[3,-804],[-1060,-2],[3,-795],[-1051,-2],[-1060,-2],[2,-794],[-1059,-2],[2,-804],[-1059,-2],[-1052,-2],[-1059,-2],[-3,804],[-1059,-1],[-3,794],[-2,795],[-3,804],[-2,794],[-3,795],[-2,804],[-3,794],[-2,804],[-1051,-2],[-2,795],[-3,795],[-2,804],[-3,794],[-2,795],[-3,804],[-1059,-2],[-3,794],[-1059,-2],[-3,804],[-1059,-1],[-3,794],[-2,795],[-2,804],[-3,794],[1060,2],[-3,795],[1060,2],[-3,804],[1060,1],[1051,2],[2118,4],[1051,2],[3,-804],[1059,2],[1060,2],[2,-795],[1060,2],[2,-795],[1051,2],[1059,2],[1060,2],[1059,2],[1051,2],[1060,2],[1059,2],[1051,2],[1059,2],[1060,2],[1059,2],[1051,2],[1060,2],[-3,795],[1059,2],[-2,794],[-3,804],[1059,2],[-2,795],[-3,804],[1051,2],[-3,794],[1059,2],[-2,795],[1059,2],[1051,2],[3,-795],[1059,3],[1059,2],[1060,2],[1051,2],[2,-795],[1060,2],[1059,3],[1060,2],[1050,2],[1060,2],[-3,795],[-3,794],[-3,804],[-3,795],[-3,794],[-2,804],[-3,795],[-3,804],[-3,794],[1059,2],[-3,795],[1060,2],[-3,804],[-3,795],[1051,2],[1059,2],[-3,795],[1059,2],[-3,804],[-3,794],[1051,3],[1059,2],[-3,804],[1059,2],[-2,795],[1059,2],[-3,794],[-3,804],[-3,795],[1050,2],[-3,795],[-3,804],[-3,794],[-3,804],[1060,3],[-3,794],[-1059,-2],[-3,794],[-1051,-2],[-1059,-2],[-3,804],[-1059,-2],[-3,794],[-1059,-2],[-1050,-2],[-3,794],[-2118,-4],[-3,804],[-1051,-2],[-3,794],[-2118,-4],[-3,804],[-1059,-2],[-2,794],[-1051,-2],[-3,795],[-1059,-2],[-3,804],[-1059,-2],[-1058,-2],[-3,794],[-1051,-2],[-2,795],[-3,804],[-1059,-3],[-3,795],[-1059,-2],[-3,804],[-1059,-2],[-1050,-2],[-3,794],[-1059,-2],[-2,795],[-1059,-2],[-1050,-2],[-1059,-2],[-3,804],[-1059,-2],[-3,794]],[[483684,728661],[-3,804],[1054,3],[-3,794],[1054,3],[-3,804],[1045,3],[-3,794],[1054,3],[-3,795],[-4,804],[-4,794],[-1054,-3],[-4,795],[-3,804],[-1046,-3],[-4,795],[-3,804],[-1054,-3],[-4,795],[-1054,-3],[-1046,-2],[-4,794],[-3,804],[-1054,-3],[-1055,-2],[-3,794],[-1054,-2]],[[442448,782046],[1053,3],[1045,2],[1054,3],[3,-804],[1054,2],[1053,2],[1046,3],[1053,2],[3,-794],[1054,2],[1045,2],[3,-804],[1054,3],[1054,2],[3,-794],[1054,2],[1045,2],[1054,3],[3,-795],[1054,3],[1053,2],[-3,795],[1045,2],[-3,795],[1054,3],[-4,804],[-3,794],[1054,3],[-4,804],[1045,2],[-3,795],[1054,3],[1053,2],[-3,795],[1054,2],[-4,804],[-6,1590],[-4,804],[-3,794],[-4,804],[-3,795],[-3,794],[1045,3],[-4,804],[-3,795],[-3,794],[-4,804],[-3,795],[-4,804],[1054,3],[-4,794],[-3,795]],[[449010,983199],[-3,795],[1051,2],[-4,804],[1043,3],[1050,2],[-3,795],[2102,4],[1042,3],[1051,2],[1051,3],[1050,2],[-3,804],[1042,3],[1051,2],[-3,795],[1051,2],[1042,3],[-3,795],[1050,2],[1051,3],[-3,804],[1050,2],[1043,3],[1050,2],[-3,795],[1051,2],[1050,3],[1043,3],[1050,2],[1051,3],[-3,794],[1042,3],[1051,2],[-4,805],[1051,2],[1050,3],[1043,2],[1050,3],[1051,3]],[[552387,286702],[5,-795],[4,-794],[1061,3],[5,-804],[4,-794],[5,-795],[1060,3],[5,-804],[4,-794],[5,-804],[4,-795],[1053,4],[4,-795],[5,-804],[4,-794],[5,-795],[4,-804],[1061,4],[5,-795],[1061,4],[4,-804],[1061,3],[1053,4],[2122,6],[1052,4],[-4,804],[1061,3],[-5,795],[-4,804],[1061,3],[-5,795],[-4,794],[1061,4],[-5,804],[-5,794],[-4,795],[-5,804],[-4,794],[1052,4],[-5,804],[-4,794],[-5,795],[1061,3],[-5,804],[-4,795],[-5,794],[-5,804],[1061,3],[-4,795],[1061,4],[-5,803],[1052,4],[1061,3],[1061,4],[1052,4],[1061,3],[1061,4],[1060,3],[5,-804],[1052,4],[5,-795],[1061,4],[5,-804],[5,-795],[1060,4],[5,-794],[5,-804],[5,-795],[5,-794],[4,-804],[5,-795],[5,-804],[5,-794],[4,-795],[-1061,-3],[5,-804],[5,-795],[5,-794],[5,-804],[4,-795],[5,-804],[5,-794],[5,-795],[1061,4],[4,-804],[1062,3],[4,-794],[5,-795],[1053,4],[1061,4],[1061,3],[1052,4],[1061,4],[1062,3],[1061,4],[1052,4],[1061,3],[1061,4],[1062,4],[1052,3],[3183,12],[5,-804],[1053,3],[2122,8],[5,-795],[1053,4],[5,-804],[2122,8],[5,-795],[1061,4],[5,-794],[1053,3],[5,-803],[5,-795],[2122,8],[5,-795],[6,-804],[5,-794],[1061,4],[5,-804],[5,-795],[5,-794],[5,-804],[5,-795],[1053,4],[5,-794],[5,-804],[-1052,-4],[5,-795],[5,-804],[5,-794],[-1061,-4],[5,-794],[-1062,-4],[5,-804],[-1061,-4],[-1053,-4],[5,-794],[-1061,-4],[5,-795],[-1061,-4],[-1062,-3],[5,-804],[-1053,-4],[-1061,-4],[5,-794],[-1061,-4],[5,-804],[5,-795],[-1053,-3],[-1062,-4],[5,-795],[5,-803],[-1061,-4],[5,-795],[-1062,-3],[5,-795],[-1053,-4],[-1061,-3],[5,-804],[-1062,-4],[-1061,-4],[-1053,-3],[5,-795],[-1062,-4],[-1061,-3],[4,-804],[-1061,-4],[5,-794],[-1053,-4],[5,-794],[4,-804],[-1061,-4],[5,-795],[5,-794],[-1062,-4],[5,-804],[1061,4],[5,-794],[5,-804],[1062,3],[5,-794],[1053,3],[1061,4],[5,-794],[1062,3],[1061,4],[1053,4],[5,-804],[1062,3],[1062,4],[1061,4],[1053,3],[1062,4],[5,-794],[1062,3],[1061,4],[5,-794],[1053,3],[5,-803],[1062,3],[1062,4],[5,-794],[5,-804],[1053,3],[5,-794],[1062,4],[5,-795],[5,-804],[5,-794],[5,-795],[5,-804],[5,-794],[-1062,-4],[5,-804],[5,-794],[-1053,-4],[5,-795],[5,-804],[-1062,-3],[5,-795],[5,-794],[5,-804],[5,-795],[1062,4],[1053,4],[6,-804],[1061,4],[1062,3],[5,-794],[1062,4],[1054,4],[1062,3],[5,-794],[2124,8],[5,-804],[1053,4],[1062,3],[5,-794],[1062,4],[1053,4],[6,-795],[1061,4],[1062,4],[6,-804],[1062,4],[5,-794],[1053,4],[5,-804],[1063,4],[5,-795],[1062,4],[5,-794],[5,-804],[5,-795],[6,-794],[-1062,-4],[5,-804],[-1062,-4],[5,-795],[5,-804],[-1053,-4],[5,-794],[-2124,-8],[5,-794],[5,-804],[5,-795],[1062,4],[6,-794],[1062,4],[1053,3],[6,-803],[1062,3],[5,-794],[1062,4],[5,-804],[1063,4],[5,-794],[1053,3],[6,-794],[1062,4],[5,-804],[6,-794],[5,-795],[5,-804],[1062,4],[6,-794],[5,-804],[5,-795],[6,-794],[1053,4],[6,-804],[5,-795],[5,-794],[-1054,-4],[6,-804],[5,-795],[-1062,-4],[5,-803],[-1062,-4],[-1054,-4],[5,-795],[-1062,-4],[5,-794],[-1062,-4],[5,-804],[-1063,-4],[6,-795],[-1054,-4],[-1063,-3],[6,-795],[5,-804],[5,-794],[5,-804],[5,-795],[6,-794],[5,-804],[1062,4],[6,-795],[5,-794],[5,-804],[5,-795],[6,-804],[10,-1588],[5,-804],[5,-795],[6,-794],[5,-804],[5,-795],[1054,4],[5,-804],[6,-794],[1062,4],[6,-795],[1062,4],[6,-804],[1062,4],[6,-794],[1054,4],[5,-795],[5,-804],[1063,4],[5,-794],[6,-804],[5,-795],[1063,4],[5,-794],[5,-804],[1054,4],[6,-794],[5,-795],[5,-804],[6,-794],[5,-804],[5,-795],[6,-794],[5,-804],[5,-795],[6,-794],[5,-804],[5,-794],[6,-804],[5,-795],[1063,4],[5,-794],[6,-804],[5,-795],[5,-794],[6,-804],[5,-795],[5,-803],[6,-795],[5,-794],[6,-804],[5,-795],[5,-794],[6,-804],[5,-795],[5,-804],[6,-794],[5,-794],[5,-804],[-1063,-4],[5,-795],[6,-794],[5,-804],[5,-795],[6,-804],[5,-794],[5,-795],[-1054,-4],[5,-804],[6,-794],[5,-794],[5,-804],[-1063,-4],[5,-795],[6,-804],[5,-794],[-1064,-4],[6,-795],[-1055,-4],[5,-804],[6,-794],[-1064,-4],[-1063,-4],[5,-795],[5,-803],[-1063,-4],[5,-795],[-1055,-4],[6,-804],[-1064,-4],[5,-794],[6,-795],[-1064,-4],[5,-803],[6,-795],[5,-794],[1063,4],[6,-804],[1063,4],[5,-795],[1055,4],[6,-804],[1063,4],[5,-794],[2128,8],[5,-795],[1055,4],[5,-804],[1064,4],[5,-794],[1064,4],[5,-795],[1055,4],[5,-804],[6,-794],[1063,4],[6,-804],[5,-794],[5,-795],[6,-804],[5,-794],[5,-795],[6,-804],[5,-794],[6,-804],[5,-794],[5,-795],[-1064,-4],[6,-804],[5,-794],[-1055,-4],[5,-795],[6,-804],[-1064,-4],[5,-794],[6,-804],[-1064,-4],[5,-795],[5,-794],[-1055,-4],[5,-804],[6,-794],[-1064,-4],[5,-795],[5,-804],[-1063,-4],[5,-794],[5,-804],[-1064,-4],[5,-795],[6,-794],[5,-804],[1064,4],[5,-794],[1064,4],[6,-795],[1064,4],[5,-804],[5,-794],[1056,4],[5,-804],[5,-795],[6,-794],[5,-804],[5,-794],[-1055,-4],[5,-795],[-1064,-4],[5,-804],[6,-794],[-1065,-4],[6,-804],[5,-795],[5,-794],[6,-804],[5,-794],[1064,4],[5,-795],[6,-804],[5,-794],[5,-804],[1065,4],[5,-795],[5,-794],[6,-804],[5,-794],[5,-795],[6,-804],[5,-794],[5,-804],[6,-795],[5,-794],[5,-804],[5,-794],[6,-795],[5,-804],[5,-794],[6,-804],[5,-795],[5,-794],[6,-804],[5,-794],[5,-795],[6,-804],[5,-794],[5,-804],[-1064,-4],[5,-795],[6,-794],[5,-804],[5,-794],[5,-795],[6,-804],[5,-794],[-1064,-4],[5,-804],[5,-795],[5,-794],[6,-804],[-1065,-4],[5,-794],[6,-795],[5,-804],[-1056,-4],[5,-794],[-1064,-4],[5,-804],[-2130,-8],[-5,804],[-1056,-4],[-5,794],[-1065,-3],[-5,803],[-1065,-3],[-1056,-4],[-1064,-4],[-1065,-4],[5,-804],[5,-795],[5,-803],[-1064,-4],[-1056,-4],[5,-795],[-1065,-4],[5,-794],[-1065,-4],[-1064,-4],[5,-804],[-1056,-3],[-2130,-8],[-1056,-4],[-1065,-4],[-5,804],[-1065,-4],[-1064,-3],[-5,794],[-1056,-4],[-5,795],[-1065,-4],[-5,804],[-1065,-4],[-5,795],[-1064,-4],[-6,804],[-1056,-4],[-1064,-4],[-1065,-3],[-1065,-4],[-1056,-4],[5,-804],[-1064,-3],[-1065,-4],[-1056,-4],[-1065,-3],[-1065,-4],[5,-795],[-1064,-3],[4,-804],[-1056,-4],[-1064,-3],[4,-795],[5,-794],[5,-804],[-1065,-4],[5,-794],[5,-795],[5,-804],[5,-794],[4,-804],[5,-795],[5,-794],[1065,4],[5,-804],[5,-795],[4,-794],[5,-804],[1065,4],[5,-795],[5,-804],[5,-794],[4,-795],[5,-804],[5,-794],[5,-795],[1056,4],[5,-804],[5,-794],[1065,3],[5,-804],[1065,4],[5,-794],[5,-795],[1065,4],[5,-804],[5,-794],[1056,3],[5,-794],[5,-804],[5,-795],[5,-804],[1065,4],[5,-794],[1065,3],[5,-794],[5,-804],[1056,4],[5,-795],[5,-794],[5,-804]],[[588008,1124],[-1057,-4],[-1065,-3],[-1065,-4],[-1056,-4],[-1066,-3],[-2130,-8],[-1057,-3],[-2130,-8],[-1065,-3],[-1057,-4],[-1065,-4],[-1065,-3],[-1057,-4],[-1065,-3],[-1065,-4],[-1065,-3],[-1057,-4],[-1065,-4],[-1065,-3],[-1065,-4],[-1057,-3],[-1065,-4],[-1065,-3],[-1057,-4],[-2130,-6],[-1065,-4],[-1057,-3],[-1065,-4],[-1065,-3],[-1065,-4],[-1057,-3],[-1065,-3],[-1065,-4],[-1057,-3],[-1065,-4],[-1065,-3],[-1066,-3],[-1056,-4],[-1065,-3],[-1066,-3],[-1065,-4],[-1056,-3],[-1065,-3],[-1066,-4],[-1056,-3],[-1065,-3],[-1066,-3],[-1065,-4],[-1056,-3],[-1066,-3],[-1065,-3]],[[522517,126999],[1064,3],[1063,3],[1055,3],[4,-794],[2126,6],[4,-794],[1055,3],[1063,3],[5,-804],[1063,3],[1063,4],[1055,3],[1063,3],[1064,3],[-5,804],[1064,4],[1054,3],[-4,794],[1063,4],[1064,3],[1054,3],[1064,3],[1063,4],[1063,3],[5,-794],[1054,3],[-4,794],[1063,4],[1063,3],[1064,3],[-5,795],[1055,3],[1063,3],[1063,4],[1055,3],[1063,4],[5,-795],[1063,4],[1063,3],[1055,3],[5,-794],[1063,3],[5,-804],[1063,4],[1063,3],[1055,4],[4,-795],[1064,4],[-5,794],[1063,4],[1055,3],[1063,4],[-4,804],[-5,794],[1063,4],[-4,794],[-5,804],[1063,3],[-4,795],[-5,804],[-5,794],[-4,795],[-5,804],[-5,794],[-4,795],[-5,804],[-5,794],[-4,804],[-5,795],[-5,794],[-4,804],[-5,794],[-1063,-3],[-5,794],[-4,804],[-5,795],[-1063,-4],[-5,804],[-1063,-3],[-4,794],[-5,795],[-5,804],[-4,794],[-5,795],[-4,804],[-5,794],[-5,804],[-4,794]],[[599637,179129],[-5,794],[-5,804],[-5,795],[-5,794],[-1054,-3],[-5,804],[-5,794],[-5,795],[-5,803],[-5,795],[-1062,-4],[-5,804],[-5,795],[-5,794],[-1063,-4],[-5,804],[-5,795],[-5,794],[-1062,-4],[-5,804],[-5,795],[-1054,-4],[-5,804],[-4,795],[-1063,-4],[-5,794],[-5,804],[-5,795],[-1062,-4],[-5,795],[-5,804],[-5,794],[-1062,-4],[-5,804],[-1053,-3],[-5,794],[-5,795],[-1062,-4],[-5,804],[-5,794],[-1062,-3],[-5,794],[-1062,-4],[-5,804],[-1053,-3],[-5,794],[-5,804],[-1062,-4],[-1062,-3],[-5,794],[-1053,-3],[-1063,-4],[-4,795],[-2124,-8],[-1054,-3],[-1062,-4],[-1062,-3],[-1062,-4],[-5,804],[-1053,-4],[-1062,-3],[-1062,-4],[-1054,-3],[-1062,-4],[-1062,-3],[-4,794],[-1063,-3],[-4,794],[-1054,-3],[-4,804],[-1062,-4]],[[522517,126999],[-1063,-3],[4,-795],[-1055,-3],[-1063,-3],[4,-794],[-1063,-3],[4,-804],[-1063,-3],[-1055,-3],[4,-795],[-1063,-3],[-1064,-3],[-1054,-3],[-1064,-3],[4,-795],[-1063,-3],[-4,795],[-1063,-3],[-1055,-3],[-1063,-3],[-1064,-3],[-1063,-3],[-1055,-3],[-1063,-3],[-4,794],[-1063,-3],[-4,804],[-1055,-3],[-1063,-3],[-4,795],[-1063,-3],[-4,794],[-1064,-3],[-1054,-2],[-4,803],[-1063,-2],[-1064,-3],[-1063,-3],[-4,794],[-1054,-3],[-1064,-2],[-2126,-6],[-1055,-3],[-2126,-6],[-1055,-3],[4,-794],[-1064,-3],[-1063,-3],[-1063,-2],[4,-804],[-1055,-3],[-1063,-3],[3,-794],[-1063,-3],[4,-795],[-1064,-2],[4,-804],[4,-795],[-1055,-3],[3,-794],[4,-804],[4,-795],[3,-803],[4,-795],[4,-794],[3,-804],[4,-795],[1055,3],[3,-795],[4,-804],[4,-794],[1063,3],[4,-804],[1063,3],[4,-795],[4,-794],[1063,2],[4,-804],[4,-794],[1055,3],[3,-795],[4,-804],[4,-794],[3,-804],[1064,3],[4,-795],[3,-794],[4,-804],[4,-795],[4,-794],[3,-804],[4,-795],[4,-804],[4,-794],[3,-795],[4,-804],[4,-794],[3,-795],[1064,3],[4,-804],[4,-794],[3,-804],[4,-795],[4,-794],[4,-804],[-1064,-3],[3,-794],[4,-795],[4,-804],[4,-794],[1064,3],[3,-804],[4,-795],[1064,3],[4,-794],[1055,2],[4,-804],[1064,3],[3,-794],[1064,3],[1056,2],[3,-794],[1064,3],[4,-804],[2128,6],[4,-795],[1055,3],[1064,3],[4,-804],[1064,3],[4,-795],[1064,3],[1055,3],[4,-794],[2128,6],[4,-804],[1064,3],[4,-795],[1055,3],[1064,3],[4,-794],[1064,3],[4,-804],[1056,3],[4,-795],[4,-804],[1064,3],[4,-794],[4,-795],[1064,3],[4,-804],[4,-794],[1064,3],[4,-795],[4,-803],[1055,3],[4,-795],[1065,3],[4,-804],[1064,3],[4,-794],[1064,3],[1056,3],[4,-795],[1064,3],[1064,4],[1056,3],[4,-804],[3192,9],[4,-794],[1056,3],[1064,3],[4,-795],[1065,4],[1064,3],[1055,3],[1065,3],[4,-804],[1064,3],[-4,804],[1055,3],[1065,4],[-5,794],[-4,795],[1064,3],[1065,3],[-5,804],[1056,3],[-5,795],[1065,3],[-5,794],[-4,804],[1064,4],[-4,794],[1064,3],[-4,804],[1055,3],[-4,795],[1064,3],[-4,795],[1064,3],[-5,804],[-4,794],[1055,4],[-4,794],[1064,3],[-4,804],[1064,4],[-5,794],[1064,3],[-4,804],[-5,795],[1056,3],[-5,795],[1064,3],[-4,804],[1064,3],[-5,795],[1064,3],[-4,795],[1055,3],[1064,3],[-4,804],[-5,795],[1064,3],[-4,804],[1055,3],[1064,4],[-5,794],[1064,4],[-4,794],[1064,4],[-5,803],[1055,4],[-4,794],[1064,4],[-5,794],[-5,804],[1064,4],[-4,794],[-5,804],[1064,3],[-5,795],[-4,794],[1055,4],[-5,804],[1064,3],[-5,795],[-4,794],[1064,4],[-5,804],[-5,794],[1055,4],[-4,804],[-5,794],[1064,3],[-5,795],[-4,804],[1063,3],[1064,4],[1055,3],[1064,4],[4,-804],[1064,4],[1064,3],[1055,4],[-5,804],[1064,3],[1063,4],[1055,3],[-4,795],[1063,3],[1064,4],[-5,794],[1064,4],[1055,4],[1064,3],[-5,804],[1063,4],[1064,4],[1055,3],[1064,4],[1063,4],[1055,3],[5,-804],[2128,8],[-5,804],[1063,3],[1055,4],[2128,8],[1063,3],[1055,4],[1064,4],[1063,4],[6,-804],[1063,3],[1055,4],[5,-794],[1064,4],[1064,3],[5,-794],[1055,4],[5,-804],[1063,4],[6,-795],[1063,4],[5,-794],[5,-804],[1064,3],[5,-794],[5,-804],[6,-794],[1055,3],[5,-794],[5,-804],[5,-794],[5,-795],[-1055,-4],[5,-804],[5,-794],[6,-804],[5,-794],[-1064,-4],[5,-795],[5,-804],[-1064,-4],[10,-1588],[-1064,-4],[6,-804],[5,-795],[-1056,-3],[5,-804],[5,-795],[6,-794],[5,-804],[5,-795],[5,-794],[5,-804],[-1064,-4],[5,-794],[5,-804],[-1064,-4],[5,-795],[5,-794],[-1055,-4],[5,-804],[-1064,-4],[10,-1588],[-1064,-4],[5,-804],[5,-795],[5,-804],[5,-794],[-1064,-4],[5,-794],[5,-804],[5,-795],[-1056,-3],[5,-795],[5,-804],[-1064,-3],[5,-795],[-1064,-4],[5,-804],[-1065,-3],[5,-795],[-1055,-4],[5,-794],[-1065,-4],[5,-804],[-1064,-3],[-1064,-4],[5,-795],[-1056,-3],[-1064,-4],[5,-794],[-1065,-4],[-1055,-4],[-1065,-3],[5,-804],[-1064,-4],[5,-794],[5,-804],[-1065,-4],[5,-794],[5,-795],[-1056,-4],[5,-803],[-1064,-4],[5,-795],[-1065,-3],[5,-795],[-1064,-3],[4,-804],[-1055,-4],[-1065,-3],[-1064,-4],[-1056,-3],[-1064,-4],[-1065,-4],[-1064,-3],[-1056,-4],[-1064,-3],[-5,804],[-1064,-4],[-1065,-3],[-1056,-4],[5,-804],[-1064,-3],[4,-795],[-1064,-3],[5,-804],[1064,3],[5,-794],[4,-795],[1065,4],[4,-804],[1056,4],[5,-795],[1064,4],[1065,3],[4,-794],[1065,3],[5,-804],[4,-794],[5,-804],[-1064,-4],[-1065,-3],[-1065,-4],[-1055,-3],[4,-795],[-1064,-3],[4,-795],[5,-803],[-1065,-4],[5,-794],[5,-795],[4,-804],[5,-794],[1065,3],[4,-804],[5,-794],[4,-795],[1065,4],[5,-804],[4,-795],[5,-794],[1056,3],[5,-803],[4,-795],[1065,4],[5,-804],[5,-795],[4,-794],[5,-804],[5,-795],[4,-794],[5,-804],[1065,4],[4,-795],[-1064,-3],[4,-804],[-1065,-4],[5,-794],[-1056,-4],[-5,795],[-1065,-4],[-1064,-3],[-1057,-4],[-4,804],[-1065,-3],[-1065,-4],[-4,795],[-1065,-4],[-1056,-3],[-5,804],[-1065,-4],[-4,795],[-1065,-4],[-1065,-3],[-1056,-3],[-1065,-4],[-1065,-3],[5,-795],[-1056,-3],[-1065,-3],[4,-804],[-1064,-4],[-1065,-3],[-1056,-3],[-1065,-4],[-2130,-6],[-1056,-4],[-2130,-6],[-1056,-4],[-1064,-3],[-2130,-6],[4,-795],[5,-804],[1064,4],[5,-795],[4,-794],[4,-804],[1065,3],[5,-795],[4,-794],[4,-804],[-1065,-3],[5,-795],[4,-804],[-1065,-3],[-1056,-3],[4,-794],[4,-795],[-1065,-3],[5,-804],[4,-795],[4,-794],[5,-804],[4,-794],[-1065,-4],[-1065,-3],[4,-804],[4,-794],[5,-795],[4,-804],[4,-794],[5,-795],[4,-803],[4,-795],[4,-804],[5,-794],[1065,3],[4,-795],[4,-803],[5,-795],[4,-794],[4,-804]],[[530617,937],[-1065,-4],[-1057,-3],[5,-794],[-1065,-3],[-1066,-4],[-1056,-3],[-1065,-3],[-5,795],[-1065,-4],[-1065,-3],[-1057,-3],[-1065,-3],[-4,804],[-2130,-6],[-1057,-3],[-4,794],[-2130,-6],[-1057,-3],[-4,794],[-2130,-6],[-1066,-3],[-4,804],[-1056,-3],[-1065,-3],[-4,794],[-1066,-3],[-1065,-3],[-1056,-3],[-4,795],[-2130,-6],[-4,804],[-1057,-3],[-2130,-6],[-4,794],[-1065,-3],[-1057,-3],[-4,804],[-3195,-9],[-4,795],[-1056,-3],[-2130,-6],[-4,795],[-1065,-3],[-1057,-3],[-4,804],[-2130,-6],[-1056,-3],[-4,795],[-3195,-9],[-4,795],[-1056,-3],[-1065,-3],[-4,804],[-1065,-3],[-1065,-2],[-1056,-3],[-4,794],[-1065,-2],[-1065,-3],[-1056,-3],[-4,804],[-1065,-3],[-1065,-2],[-4,794],[-1065,-3],[-1056,-2],[-1065,-3],[-4,794],[-1065,-2],[-1065,-3],[-1056,-3],[-3,804],[-1065,-2],[-1065,-3],[-1057,-3],[-3,795],[-1065,-3],[-1065,-2],[-4,794],[-1065,-3],[-1056,-2],[-1065,-3],[-3,804],[-1065,-2],[-1065,-3],[-4,794],[-1056,-2],[-1065,-3],[-1065,-2],[-3,804],[-1056,-3],[-1065,-2],[-1065,-3],[-4,795],[-1064,-3],[-1057,-2],[-3,794],[-1065,-2],[-1065,-3],[-1065,-2],[-3,804],[-1056,-3],[-1065,-2],[-1065,-3],[-3,795],[-1057,-3],[-1064,-2],[-1065,-3],[-3,795],[-1065,-3],[-1057,-2],[-3,804],[-1065,-2],[-1064,-3],[-1065,-2],[-3,794],[-1057,-2],[-1064,-2],[-1065,-3],[-3,804],[-1057,-2],[-1064,-2],[-3,794],[-1065,-2],[-1065,-3],[-1056,-2],[-3,795],[-1065,-3],[-2130,-4],[-3,804],[-1056,-3],[-1065,-2],[-3,795],[-1064,-3],[-1057,-2],[-1064,-2],[-3,794],[-2130,-4],[-3,804],[-1056,-2],[-1065,-2],[-1064,-3],[-3,795],[-1065,-2],[-1056,-2],[-3,804],[-1065,-3],[-1064,-2],[-3,795],[-1065,-2],[-1056,-3],[-1065,-2],[-3,795],[-1064,-2],[-1056,-2],[-1065,-2],[-3,803],[-1065,-2],[-1064,-2],[-3,795],[-1056,-2],[-1065,-2],[-1064,-2],[-3,794]],[[393382,37304],[1065,2],[-3,804],[1064,2],[1056,2],[-2,795],[1064,2],[2130,4],[-3,804],[1056,2],[-3,794],[1065,3],[1064,2],[-2,794],[1055,2],[-2,804],[1064,2],[-3,795],[-2,794],[1064,2],[-3,804],[-3,795],[1065,2],[-3,804],[1056,2],[1065,2],[1064,3],[1065,2],[1055,2],[-2,794],[1064,3],[1065,2],[1064,2],[1056,2],[1065,2],[-3,795],[1064,2],[1056,2],[1064,3],[-3,804],[1065,2],[1064,2],[-3,795],[1056,2],[1065,2],[1064,3],[-3,794],[1065,2],[-4,804],[1056,3],[-3,794],[1065,3],[-4,803],[-3,795],[1065,2],[-3,795],[-3,804],[-4,794],[1056,3],[-3,794],[-3,804],[-3,795],[1064,2],[-3,804],[-3,794],[-3,795],[1064,2],[-3,804],[-3,795],[-4,794],[-3,804],[1065,2],[-4,795],[-3,804],[-3,794],[1056,3],[-4,794],[-3,804],[1064,3],[-3,794],[-3,795],[1064,2],[-3,804],[1064,2],[-3,795],[-3,804],[1055,2],[-3,795],[1064,2],[-3,795],[1064,2],[-3,804],[-4,794],[-3,795],[1056,2],[-4,804],[-3,795],[-3,804],[-3,794],[1064,3],[-4,794],[-3,804],[-3,795],[-4,794],[-3,804],[-3,795],[-1064,-3],[-3,804],[-4,794],[-3,795],[-3,804],[-3,794],[-4,795],[-3,804],[-3,794],[1064,3],[-4,804],[-3,794],[-3,795],[-4,804],[1064,2],[-3,795],[-3,794],[-4,804],[-3,795],[1064,2],[-3,804],[-4,794],[1055,3],[-3,794],[-3,804],[-4,795],[-3,794],[-3,804],[-3,795],[-4,804],[-3,794],[-1055,-2],[-3,794],[-1064,-2],[-3,804],[-4,794],[-1063,-2],[-3,794],[-4,804],[-3,795],[-1064,-3],[-3,804],[-3,795],[-3,794],[-4,804],[-3,795],[-3,794],[-3,804],[-1055,-2],[-4,794],[-3,804],[-3,795],[-3,794],[-4,804],[-3,795],[-3,794],[-3,804],[-3,794],[-4,804],[-3,795],[-3,794],[-3,804],[1054,3],[-3,794],[-3,795],[1063,2],[-3,804],[-4,795],[1064,2],[-4,804],[1064,3],[-4,794],[-3,795],[-3,804],[1054,2],[-3,794],[-3,795],[-3,804],[-4,794],[-3,804],[1063,3],[-3,794],[-4,795],[-3,804],[-3,794],[-3,795],[-4,804],[-1063,-3],[-3,795],[-1055,-3],[-3,804],[-1063,-2],[-3,794],[-1063,-2],[-4,794],[-3,804],[-3,795],[-3,794],[-1063,-2],[-4,804],[-3,794],[-3,804],[1063,3],[-3,794],[-4,795],[-3,804],[-3,794],[1063,3],[-4,794],[-3,804],[1063,3],[-3,794],[-4,804],[-3,795],[-3,794],[-3,804],[-4,794],[-1063,-2],[-3,794],[-3,804],[-1063,-2],[-3,794],[-1063,-2],[-3,804],[-3,794],[-1055,-2],[-3,795],[-3,804],[-1063,-3],[-3,795],[-1063,-3],[-3,795],[-1054,-3],[-1063,-2],[-3,804],[-1063,-3],[-1062,-2],[-4,795],[-1054,-3],[-1062,-2],[-4,804],[-1062,-3],[-1063,-2],[-3,795],[-1054,-3],[-1063,-2],[-3,794],[-1062,-2],[-4,804],[-1054,-2],[-3,794],[-1062,-2],[-3,794],[-1063,-2],[-3,804],[-1063,-2],[-3,794],[-1054,-2],[-3,804],[-3,795],[-1062,-3],[-1063,-2],[-3,795],[-3,803],[-1062,-2],[-3,795],[-1054,-2],[-3,794],[-3,804],[-1063,-2],[-3,794],[-3,804],[1063,2],[-3,795],[1054,2],[-3,795],[-3,804],[1062,2],[-3,794],[1063,3],[1062,2],[-3,794],[1054,3],[-3,804],[1062,2],[-3,794],[1063,3],[-3,804],[1062,2],[-3,795],[-3,794],[1054,2],[-3,804],[1062,3],[-3,794],[-3,795],[-3,804],[-3,794],[1062,2],[-3,804],[-3,795],[-3,794],[-3,804],[1053,3],[-3,794],[-3,795],[1062,2],[-3,804],[-3,795],[-3,804],[1062,2],[-3,794],[-3,795],[1062,2],[-3,804],[-3,795],[-3,794],[1053,3],[-3,804],[-3,794],[1062,3],[-3,803],[-6,1590],[-4,803],[1062,3],[-3,794],[-3,795],[-3,804],[1062,2],[-3,795],[-3,804],[1053,2],[-3,795],[-3,794],[-4,804],[1062,3],[-3,794],[-3,795],[-3,804],[-3,794],[-4,804],[-3,795],[-3,794],[-3,804],[-4,795],[1062,2],[-3,794],[1053,3],[1062,2],[1062,3],[1062,2],[1053,3],[-3,804],[1062,2],[1062,3],[1061,2],[1054,3],[3,-804],[1062,2],[1062,3],[3,-795],[3,-794],[1054,2],[3,-804],[1062,3],[3,-795],[1062,3],[4,-795],[3,-804],[3,-794],[1062,2],[4,-804],[3,-794],[4,-795],[3,-804],[3,-794],[4,-795],[3,-804],[4,-794],[3,-804],[3,-795],[4,-794],[3,-804],[4,-795],[3,-794],[3,-804],[4,-795],[1053,3],[4,-804],[3,-794],[4,-795],[3,-804],[3,-794],[-1053,-3],[3,-794],[4,-804],[3,-795],[3,-804],[4,-794],[3,-795],[4,-804],[3,-794],[3,-795],[4,-804],[3,-794],[4,-804],[3,-795],[3,-794],[4,-804],[3,-795],[4,-794],[1053,2],[4,-804],[3,-794],[4,-804],[3,-795],[4,-794],[3,-804],[3,-795],[4,-794],[1062,2],[4,-804],[1062,3],[1063,3],[1054,2],[3,-794],[1063,2],[1062,3],[1054,3],[1063,2],[-4,795],[1063,2],[1062,3],[1054,3],[1062,2],[-3,804],[1062,3],[-3,795],[1062,2],[-3,795],[1054,3],[-4,803],[1062,3],[-3,795],[1062,2],[-3,795],[1053,3],[-3,804],[1062,2],[-3,795],[1062,3],[1062,2],[1054,3],[1063,3],[3,-795],[1063,3],[3,-804],[1063,3],[4,-794],[1053,2],[4,-794],[4,-804],[1062,3],[4,-795],[4,-794],[4,-804],[3,-795],[4,-804],[4,-794],[3,-795],[-1062,-3],[4,-803],[-1054,-3],[3,-795],[4,-794],[-1062,-3],[3,-804],[4,-795],[-1063,-2],[4,-804],[4,-795],[-1063,-3],[4,-794],[4,-804],[-1054,-3],[3,-794],[4,-795],[4,-804],[3,-794],[4,-804],[1054,3],[4,-795],[3,-794],[4,-804],[4,-795],[3,-794],[4,-804],[4,-795],[4,-804],[3,-794],[4,-795],[1063,3],[4,-804],[3,-794],[4,-795],[4,-804],[3,-794],[1063,2],[4,-804],[4,-794],[3,-794],[4,-804],[4,-795],[1063,3],[4,-795],[3,-804],[1055,3],[3,-794],[4,-804],[1063,3],[4,-795],[4,-794],[1063,2],[3,-803],[4,-795],[1055,3],[3,-795],[1063,3],[4,-804],[2126,6],[4,-794],[1055,2],[1063,3],[4,-804],[2126,6],[4,-794],[1054,3],[4,-795],[2126,6],[4,-804],[1063,3],[4,-795],[1055,3],[1063,3],[4,-794],[1063,3],[1055,3],[4,-804],[3189,9],[4,-795],[1055,3],[4,-804],[2126,6],[4,-794],[1063,3],[1055,3],[4,-794],[2126,6],[4,-804],[1055,3],[4,-795],[1063,3],[4,-794],[1064,3],[1063,3],[4,-804],[1055,3],[4,-794],[1063,3],[4,-804]],[[604192,466450],[5,-794],[5,-804],[5,-795],[1050,4],[5,-804],[5,-794],[5,-795],[5,-804],[-1050,-4],[5,-794],[5,-795],[-1058,-4],[5,-804],[5,-794],[5,-804],[-1059,-4],[5,-794],[-1058,-4],[5,-795],[5,-804],[-1050,-3],[-1058,-4],[5,-795],[-1059,-3],[5,-795],[5,-804],[-1050,-3],[5,-795],[-1058,-4],[-1059,-3],[5,-804],[5,-795],[-1059,-4],[5,-794],[5,-804],[1059,4],[5,-795],[4,-794],[5,-804],[5,-795],[-1058,-4],[5,-804],[4,-794],[5,-795],[5,-804],[5,-794],[5,-795],[5,-804],[5,-794],[4,-804],[5,-795],[5,-794],[5,-804],[5,-795],[5,-794],[5,-804],[-1050,-4],[4,-795],[5,-804],[5,-794],[5,-795],[5,-804],[-1059,-3],[5,-795],[5,-794],[5,-804],[-1059,-4],[5,-794],[4,-804],[5,-795],[5,-794],[-1059,-4],[5,-804],[5,-795],[5,-794],[-1051,-4],[5,-804],[5,-794],[-1059,-4],[5,-804],[5,-794],[5,-795],[-1059,-4],[4,-804],[-1059,-3],[5,-795],[-1050,-3],[5,-795],[-1059,-3],[4,-804],[-1059,-4],[5,-795],[-1050,-3],[5,-804],[-1059,-4]],[[580226,412092],[-1059,-3],[-1060,-4],[-1050,-3],[-1059,-4],[5,-794],[-1059,-4],[-1059,-3],[-1051,-4],[-1059,-3],[-1059,-4],[-1050,-3],[-1059,-4],[-5,795],[-1059,-4],[-1059,-3],[-1050,-4],[-5,804],[-1059,-3],[-1059,-4],[-4,795],[-1059,-4],[-5,804],[-1050,-3],[-5,795],[-1059,-4],[-4,795],[-1059,-4],[-5,804],[-4,795],[-5,794],[-4,804],[-5,795],[-1050,-3],[-4,804],[-5,794],[-1059,-3],[-4,794],[-1059,-3],[-5,804],[-1058,-4],[-1051,-3],[-1059,-3],[-1058,-4],[-1059,-3],[-1050,-3],[-1059,-3],[-1059,-4],[-1050,-3],[-1059,-3],[-5,794],[-1058,-3],[-1059,-3],[-5,794],[-4,804],[-1050,-3],[-4,794],[-5,804],[-8,1590],[-5,804],[-1058,-4],[-5,795],[-4,794],[-1059,-3],[-4,804],[-4,795],[-5,804],[-1058,-4],[-4,795],[-1051,-3],[-4,794],[-4,804],[-1059,-3],[-4,795],[-4,794],[-4,804],[-5,795],[-4,804],[1059,3],[-4,794],[-5,795],[1050,3],[-4,804],[-4,795],[1058,3],[-4,794],[1059,4],[-5,804],[-4,794],[1059,3],[-5,804],[1050,4],[-4,794],[1058,4],[-4,794],[-4,804],[1058,3],[-4,795],[-4,794],[1058,4],[-4,804],[-5,794],[-4,804],[-4,795],[-5,794],[1050,4],[-4,804],[-4,794],[-5,795],[-4,804],[-4,794],[-5,804],[-4,795],[-4,794],[-5,804],[1058,4],[-4,794],[1058,3],[1050,4],[-4,794],[1058,3],[1058,4],[1059,3],[1049,3],[1058,4],[-4,804],[1058,3],[-4,795],[-5,804],[-4,794],[1058,4],[-4,794],[-5,804],[-4,795],[-5,794],[-4,804],[-5,795],[-4,804],[-4,794],[-5,795],[-4,804],[-5,794],[-4,795],[-5,804],[-4,794],[1049,4],[1058,3],[1058,4],[-4,804],[1049,3],[1058,3],[1058,4],[-4,794],[-5,795],[-4,804],[1058,3],[-5,795],[-4,794],[1049,4],[-4,804],[1058,3],[1058,4],[1058,3],[4,-804],[1050,4],[1058,3],[1058,4],[4,-795],[1050,4],[1058,3],[4,-794],[1058,3],[5,-804],[1058,4],[4,-795],[1050,4],[5,-795],[4,-804],[1058,4],[5,-795],[1058,4],[5,-804],[1058,3],[1049,4],[1058,3],[1058,4],[1050,3],[5,-794],[1058,3],[2116,8],[1049,3],[5,-794],[1058,3],[2116,8],[5,-804],[1050,3],[5,-794],[1058,4],[1058,3],[5,-794],[5,-804],[1058,3],[5,-794],[1049,4],[5,-804],[1058,3],[5,-794],[1058,3],[1050,4],[5,-794],[1058,3],[5,-804],[1058,4],[5,-794],[1058,3]],[[599637,179129],[1062,4],[5,-804],[5,-795],[5,-794],[5,-804],[5,-795],[1063,4],[5,-794],[5,-804],[5,-795],[5,-804],[10,-1588],[5,-804],[5,-795],[5,-794],[6,-804],[5,-795],[5,-804],[-1063,-4],[10,-1588],[5,-804],[-1063,-4],[5,-795],[-1054,-3],[5,-795],[-1063,-4],[5,-804],[-1062,-3],[5,-795],[-1063,-4],[-1054,-3],[5,-804],[-2126,-8],[5,-794],[-1063,-4],[-1054,-4],[-1063,-3],[5,-795],[-1063,-4],[-1062,-3],[-1055,-4],[-1062,-4],[5,-803],[-1063,-4],[-1054,-4],[-1063,-3],[5,-795],[-1063,-4],[-1063,-3],[-1054,-4],[4,-794],[-1062,-4],[-1063,-3],[-1063,-4],[-1054,-4],[-1063,-3],[-1063,-4],[5,-804],[-1055,-3],[-1062,-4],[-1063,-3],[4,-795],[-1063,-3],[5,-804],[5,-795],[-1054,-3],[4,-795],[-1063,-3],[5,-804],[-1063,-4],[5,-794],[-1063,-4]],[[563761,149477],[-1055,-3],[-4,794],[-5,804],[-4,795],[-5,794],[-1063,-3],[-5,804],[-1062,-4],[-5,795],[-5,804],[-1054,-4],[-4,795],[-1063,-4],[-5,795],[-1063,-4],[-4,804],[-1063,-3],[-4,794],[-1055,-3],[-4,795],[-1063,-4],[-1063,-3],[-4,804],[-1063,-4],[-5,795],[-1054,-4],[-4,804],[-2126,-6],[-4,794],[-1054,-3],[-5,794],[-1062,-3],[-5,804],[-1063,-3],[-1062,-4],[-5,795],[-4,794],[-1054,-3],[-1063,-3],[-4,804],[-5,794],[-4,804],[-1063,-3],[-4,794],[-1063,-3],[-4,794],[-1054,-3],[-4,804],[-1063,-3],[-4,794],[-1063,-3],[-4,795],[-1054,-4],[-1063,-3],[-1062,-3],[-5,804],[-1062,-3],[-1054,-4],[-2126,-6],[-1062,-3],[-4,794],[-1054,-3],[-1063,-3],[-4,804],[-1063,-3],[-4,794],[-1054,-3],[-4,795],[-4,804],[-1063,-4],[-1062,-3],[-4,795],[-4,794],[-1063,-3],[-4,804],[-1054,-3],[-4,795],[-1063,-4],[-4,804],[-1062,-3],[-4,795],[-4,794],[-1063,-3],[-4,804],[-4,795],[-4,794],[-1054,-3],[-4,804],[-4,795],[-4,804],[-4,794],[-4,795],[-4,803],[-4,795],[-4,794],[-1063,-3],[-4,804],[-4,795],[-4,804],[-4,794],[-4,795],[-4,804],[-4,794],[1062,3],[-4,795],[1054,3],[1062,3],[4,-795],[1062,4],[1062,3],[1054,3],[4,-795],[1062,3],[1063,3],[1062,4],[1054,3],[2124,6],[1054,3],[1062,3],[-4,795],[2124,6],[4,-794],[1054,3],[4,-804],[1063,3],[4,-794],[1062,3],[4,-795],[1063,4],[4,-804],[4,-795],[1054,3],[4,-804],[1063,4],[1062,3],[1054,3],[4,-794],[1062,3],[1063,3],[1062,4],[4,-795],[1054,3],[4,-804],[1063,4],[4,-795],[1063,4],[4,-795],[1062,3],[5,-803],[1054,3],[1062,3],[4,-794],[5,-804],[1062,3],[1054,3],[1062,4],[1063,3],[4,-794],[1063,3],[1054,4],[2124,6],[1063,4],[4,-795],[1054,4],[1063,3],[4,-804],[1063,4],[1054,3],[1062,4],[5,-795],[1062,4],[5,-795],[1062,4],[1054,3],[5,-804],[1062,4],[1063,3],[4,-794],[1063,3],[1054,4],[1062,3],[1063,4],[1053,4],[1063,3],[-5,795],[1063,3],[1062,4],[5,-795],[1054,4],[1062,3],[1063,4],[5,-804],[1062,4],[1054,3],[5,-794],[1062,4],[1063,3],[1054,4],[5,-795],[1062,4],[1063,4],[1062,3],[1054,4],[1063,4],[1062,4],[1063,3],[1053,4],[-5,795],[1063,3],[1063,4],[-5,795],[1062,3],[1054,4],[-5,804]],[[577198,388142],[4,-795],[5,-804],[5,-794],[5,-795],[1050,4],[5,-804],[5,-795],[4,-794],[5,-804],[5,-795],[5,-804],[4,-794],[5,-795],[1060,4],[4,-804],[5,-795],[5,-794],[4,-804],[5,-795],[5,-804],[5,-794],[4,-795],[5,-804],[5,-794],[5,-795],[4,-804],[5,-794],[5,-804],[4,-795],[5,-794],[5,-804],[5,-795],[1059,4],[5,-795],[5,-804],[5,-794],[1059,4],[5,-804],[5,-795],[5,-794],[4,-804],[5,-795],[1051,4],[5,-795],[5,-804],[5,-794],[1059,3],[5,-804],[5,-794],[5,-795],[5,-804],[4,-794],[5,-795],[5,-804],[5,-794],[5,-804],[4,-795],[-1060,-3],[5,-795],[5,-804],[5,-794],[4,-795],[-1051,-3],[5,-804],[5,-795],[4,-804],[5,-794],[5,-795],[5,-804],[4,-794],[1052,3],[5,-794],[4,-804],[5,-795],[5,-804],[1060,4],[5,-795],[5,-794],[4,-804],[5,-795],[1060,4],[5,-804],[5,-795],[5,-794],[-1060,-4],[4,-804],[5,-794],[-1060,-4],[5,-794],[4,-804],[5,-795],[5,-804],[-1052,-3],[5,-795],[5,-794],[-1060,-4],[4,-804],[5,-794],[5,-795],[5,-804],[-1061,-3],[5,-795],[5,-804],[4,-794],[-1060,-4],[5,-795],[5,-803],[-1052,-4],[4,-795],[5,-794],[-1060,-4],[4,-804],[-1060,-3],[5,-795],[4,-804],[-1060,-3],[5,-795],[-1052,-3],[4,-795],[-1060,-3],[4,-804],[-1060,-4],[-1052,-3],[5,-795],[-1061,-3],[5,-795],[-1061,-3],[-1060,-4],[4,-804],[-1052,-3],[5,-795],[-1061,-3],[5,-804],[-1061,-4],[-1060,-3],[4,-795],[-1052,-3],[5,-794],[4,-804],[-1060,-4],[4,-794],[5,-795],[-1061,-3],[5,-804],[4,-795],[5,-804],[-1052,-3],[4,-795],[5,-794],[4,-804],[-1060,-4],[4,-794],[5,-795],[4,-804],[-1061,-3],[5,-794],[4,-804],[-1060,-4],[4,-794],[4,-795],[5,-804],[-1052,-3],[4,-795],[5,-794],[4,-804],[-1061,-3],[5,-795],[4,-804],[-1061,-3]],[[552387,286702],[-1061,-4],[-1052,-3],[-4,804],[-1061,-3],[-4,794],[-1061,-3],[-5,804],[-1052,-4],[-1061,-3],[-4,795],[-1061,-4],[-1061,-3],[-1052,-3],[-1061,-3],[4,-795],[-1060,-3],[4,-804],[4,-795],[-1061,-3],[5,-804],[-1053,-3],[5,-795],[4,-794],[4,-804],[-1061,-3],[5,-795],[4,-794],[-1061,-4],[-1052,-3],[4,-804],[-3183,-9],[-1052,-4],[-1061,-3],[-5,804],[-1060,-3],[-1061,-3],[-1053,-3],[-4,794],[-2122,-6],[-1052,-3],[-3183,-9],[-4,794],[-1052,-3],[-1061,-3],[-4,804],[-2122,-6],[-4,794],[-1052,-3],[-4,795],[-1061,-3],[-4,804],[-1061,-3],[-4,794],[-1053,-3],[-4,804],[-4,795],[-1060,-3],[-4,794],[-1061,-3],[-4,804],[-1061,-3],[-4,795],[-1052,-3],[-4,794],[-4,804],[-1061,-3],[-4,795],[-1061,-3],[-3,804],[-1061,-3],[-1052,-3],[4,-804],[-2122,-6],[4,-795],[-1052,-2],[-4,794],[-3183,-9],[-3,804],[-1053,-3],[-1060,-2],[-4,794],[-2122,-6],[-1052,-3],[4,-794],[-1061,-3],[4,-804],[4,-794],[-1061,-3],[4,-804],[4,-795],[3,-794],[4,-804],[4,-795],[-1061,-3],[4,-794],[3,-804],[-1052,-3],[4,-794],[-1061,-3],[4,-804],[-1061,-3],[-1052,-3],[3,-794],[-1061,-3],[4,-795],[-1061,-2],[4,-804],[-1061,-3],[-1053,-3],[4,-794],[4,-795],[-1061,-3],[3,-804],[4,-794],[-1061,-3],[4,-804],[3,-794],[4,-795],[4,-804],[3,-794],[1061,2],[4,-794],[1061,3],[1052,2],[1061,3],[-3,795],[-4,794],[1061,3],[-4,804],[1061,3],[-3,794],[1052,3],[2122,6],[1052,2],[1062,3],[3,-794],[1061,3],[4,-804],[4,-795],[1061,3],[4,-795],[1052,3],[4,-804],[4,-794],[1061,3],[4,-804],[1061,3],[3,-795],[1062,3],[1052,3],[4,-795],[1061,3],[4,-804],[1061,3],[4,-794],[1061,3],[4,-795],[1052,3],[4,-804],[4,-795],[1061,3],[4,-804],[4,-794],[1061,3],[4,-795],[4,-804],[1053,3],[4,-794],[1061,3],[4,-795],[4,-804],[1061,3],[4,-794],[4,-804],[1061,3],[4,-795],[1053,3],[4,-794],[1061,3],[4,-804],[1061,3],[4,-795],[1062,3],[4,-794],[1052,3],[1062,3],[4,-804],[1061,3],[4,-795],[1053,3],[4,-804],[1061,4],[1062,3],[4,-795],[1061,3],[4,-794],[1053,3],[4,-804],[1061,3],[5,-795],[1061,3],[1061,4],[4,-795],[1053,3],[1062,3],[4,-804],[1061,4],[5,-795],[1052,3],[1062,3],[1061,4],[4,-804],[1062,3],[4,-795],[1053,3],[4,-794],[1062,3],[4,-804],[4,-794],[1062,3],[1061,3],[4,-794],[5,-804],[1053,3],[1061,3],[5,-794],[1061,3],[4,-804],[5,-795],[1053,4],[4,-795],[1062,3],[4,-804],[1061,4],[5,-795],[4,-794],[1062,3],[4,-804],[4,-795],[1053,4],[5,-804],[1062,3],[4,-794],[4,-795],[5,-804],[1061,3],[5,-794],[4,-795],[5,-803],[4,-795],[1062,3],[4,-804],[1053,4],[5,-795],[1061,4],[5,-795],[1062,3],[4,-804],[1053,4],[5,-795],[1061,4],[2124,6],[5,-794],[4,-804],[1053,3],[5,-794],[1062,3],[4,-804],[5,-794],[1061,3],[5,-794],[1062,3],[4,-804],[5,-794],[1053,3],[5,-794],[1062,3],[4,-804],[1062,4],[5,-795],[4,-804],[5,-794],[1053,3],[5,-794],[4,-804],[1062,3],[5,-794],[5,-795],[1062,4],[4,-804],[5,-795]],[[565530,210934],[-1062,-3],[4,-804],[-1062,-4],[-1053,-3],[-1062,-4],[-5,804],[-1062,-3],[-1053,-4],[-2124,-6],[-1062,-4],[-5,795],[-1053,-4],[-2124,-6],[-4,803],[-1062,-3],[-1054,-3],[-4,794],[-2124,-6],[-5,794],[-1053,-3],[-1062,-4],[-4,804],[-1062,-3],[-5,795],[-1062,-4],[-4,795],[-1053,-4],[-5,804],[-2124,-6],[-4,794],[-1062,-3],[-1053,-3],[-4,804],[-1062,-3],[-5,794],[-1062,-3],[-1053,-3],[-1062,-4],[-4,795],[-1062,-3],[-4,804],[-1062,-4],[-1053,-3],[-4,795],[-1062,-4],[-5,795],[-1061,-3],[-1062,-3],[4,-795],[-1053,-3],[-2124,-6],[-1053,-3],[-1062,-4],[-1062,-3],[-4,795],[-1062,-3],[-1053,-3],[-1062,-3],[-1062,-4],[-4,804],[-1062,-3],[-1053,-3],[-1062,-3],[-4,795],[-1062,-3],[-1053,-3],[-4,804],[-1062,-3],[-4,794],[-1061,-3],[-4,795],[-1062,-3],[-4,804],[-1053,-3],[-4,794],[-2124,-6],[-4,795],[-1062,-3],[-4,804],[-1053,-3],[-4,794],[-1061,-3],[-4,804],[-1062,-3],[-1053,-3],[-4,795],[-1062,-3],[-1061,-3],[-4,794],[-1062,-2],[-1053,-3],[-4,804],[-1061,-3],[-4,794],[-2124,-6],[-1053,-2],[-3,794],[-2124,-6],[-1061,-2],[-1053,-3],[-4,804],[-2124,-6],[-1053,-3],[-1061,-2],[-1062,-3],[-4,794],[-1061,-3],[-1053,-2],[-1062,-3],[-1061,-3],[-1062,-2],[-1053,-3],[-1062,-3],[-1061,-3],[-4,804],[-1053,-2],[-1062,-3],[-1061,-3],[-1062,-2],[-1053,-3],[-3,794],[-1062,-2],[-1062,-3],[-1061,-2],[-1053,-3],[-1062,-3],[-1062,-2],[-1053,-3],[-1061,-3],[-1062,-2],[-3,794],[-1062,-2],[-1053,-3],[-1061,-2],[-1062,-3],[-1062,-2],[-3,804],[-1053,-3],[-1062,-2],[-1061,-3],[-1053,-2],[-1062,-3],[-3,795],[-1062,-3],[-1061,-2],[-1053,-3],[-3,795],[-1062,-3],[-1062,-2],[-3,804],[-1061,-3],[-4,795],[-1052,-3],[-1062,-2],[-3,804],[-1062,-2],[-3,794],[-1053,-2],[-3,794],[-1062,-2],[-3,804],[-1061,-3],[-3,795],[-1062,-2],[-3,794],[-1053,-2],[-1061,-3],[-4,804],[-1061,-2],[-3,795],[-1062,-3],[-3,804],[-1052,-2],[-4,794],[-1061,-2],[-3,795],[-1061,-3],[-4,804],[-1052,-2],[-1062,-2],[-3,794],[-1061,-2],[-1062,-2],[-1052,-3],[-1062,-2],[-1061,-2],[-1062,-2],[-1052,-3],[-3,795],[-1062,-2],[-1061,-3],[-1053,-2],[-1061,-2],[-1062,-2],[-3,804],[-1061,-2],[-1053,-2],[-1061,-3],[-3,795],[-1061,-2],[-1062,-2],[-2,804],[-1053,-3],[-1062,-2],[-2,795],[-1062,-2],[-2,794],[-1062,-2],[-1052,-2],[-3,804],[-1062,-2],[-1061,-2],[-3,794],[-1052,-2],[-3,795],[-1061,-2]],[[397928,260769],[-1062,-2],[-2,804],[-1062,-2],[-2,794],[-1053,-2],[-3,804],[-1061,-2],[-3,795],[-1061,-2],[-3,794],[-2,804],[-1061,-2],[-3,795],[-1053,-2],[-2,794],[-3,804],[-1061,-2],[-3,795],[-2,804],[-1062,-2],[-2,794],[-1053,-2],[-2,795],[-3,804],[-3,794],[-1061,-1],[-2,794],[-3,804],[-2,795],[-3,804],[-3,794],[-2,795],[-3,804],[-2,794],[-3,795],[-3,804],[1062,2],[-3,794],[-3,804],[-2,795],[1052,2],[-3,794],[-2,804],[-3,795],[1061,2],[-2,794],[-3,804],[-3,795],[-2,804],[1061,2],[-3,794],[-3,795],[-2,804],[-3,794],[1052,2],[-2,795],[-3,804],[-3,794],[1061,2],[-3,804],[-2,795],[-3,794],[1061,2],[-3,804],[1061,2],[-3,795],[1052,2],[2122,4],[3,-795],[1060,2],[1053,3],[1060,2],[3,-804],[1061,2],[1052,2],[1061,2],[-3,804],[1061,2],[-3,794],[-3,795],[-3,804],[-1060,-2],[-3,794],[-3,804],[-1061,-2],[-2,795],[-1053,-2],[-2,794],[-3,804],[-1061,-2],[-2,795],[-1061,-2],[-3,794],[-3,804],[-2,795],[-1052,-2],[-3,804],[-3,794],[-1060,-2],[-3,795],[-3,804],[-1060,-2],[-3,794],[-3,795],[-1060,-2],[-3,804],[-3,794],[1061,2],[-3,804],[1061,2],[1060,2],[1052,2],[-3,795],[1061,2],[1060,2],[1052,2],[1061,2],[1060,2],[3,-794],[1060,2],[1052,2],[1061,2],[3,-804],[1060,2],[1061,2],[1052,3],[1060,2],[1061,2],[1060,2],[1052,2],[1061,3],[1060,2],[1052,2],[-3,804],[1060,2],[1061,2],[-3,795],[-3,794],[1061,3],[-3,804],[-3,794],[-3,795],[-3,804],[-3,794],[1051,3],[1061,2],[-3,804],[1060,2],[-3,795],[-3,794],[-1060,-2],[-3,804],[-3,794],[-3,795],[-3,804],[-3,794],[-3,804],[-1061,-2],[-2,795],[-3,794],[-3,804],[-3,795],[-3,794],[-3,804],[1060,3],[-3,794],[-3,804],[1060,2],[-3,795],[1060,2],[-3,795],[-3,804],[1052,2],[-3,795],[1060,2],[-3,804],[-3,794],[-3,795],[1060,2],[-3,804],[-3,795],[1051,2],[-3,795],[-3,804],[1060,2],[-3,794],[1060,3],[1060,2],[1052,2],[-4,804],[1061,3],[-4,794],[1060,3],[-3,794],[-3,804],[1060,3],[-3,794],[1051,2],[-3,795],[-3,804],[1060,2],[-3,795],[-3,804],[1060,2],[-3,795],[-4,794],[1052,3],[1060,2],[-4,804],[1060,3],[1060,2],[-3,795],[1051,2],[1060,3],[1060,2],[-3,795],[1060,2],[-4,804],[1052,2],[-4,795],[1060,3],[1060,2],[-3,804],[-3,795],[1051,2],[-3,795],[-4,804],[1060,2],[-3,795],[-4,794],[1060,3],[-3,804],[-4,794],[1060,3],[-3,804],[1051,2],[-3,795],[1059,2],[1060,3],[-3,794],[-4,804],[1060,3],[-3,795],[-4,794],[-3,804],[-4,795],[1052,2],[1059,3],[-3,804],[1059,2],[-3,795],[1051,2],[-3,795],[1059,3],[-3,804],[-4,794],[1060,3],[-4,794],[1060,3],[-3,804],[-4,795],[-3,804],[-4,794],[1051,3],[-3,794],[-4,804],[-3,795],[-4,794],[-3,804],[1059,3],[1060,3],[1059,2],[4,-804],[1051,3],[3,-795],[4,-794],[3,-804],[1060,3],[3,-795],[4,-795],[3,-804],[1060,3],[4,-794],[3,-804],[4,-795],[1051,3],[3,-795],[4,-804],[3,-794],[4,-795],[1060,3],[3,-804],[4,-795],[1060,3],[3,-804],[1060,3],[1051,3],[4,-795],[1059,3],[4,-795],[1060,3],[3,-804],[1060,3],[1051,3],[4,-795],[1060,3],[3,-795],[1060,3],[4,-804],[1051,3],[4,-795],[1059,3],[4,-804],[1060,3],[4,-795],[1059,3],[4,-794],[1051,3],[4,-804],[4,-795],[1060,3],[-4,794],[1060,3],[-4,804],[1060,3],[-4,795],[-4,794],[-4,804],[-3,795],[-4,804],[-4,794],[-4,795],[-3,804],[-4,794],[-1060,-3],[-4,795],[-4,804],[-3,794],[-4,804],[-1060,-2],[-4,794],[-3,795],[-4,804],[-1060,-3],[-3,794],[-4,795],[-1051,-3],[-4,804],[-4,795],[-3,804],[-1060,-3],[-4,794],[-1059,-3],[-4,795],[-4,804],[-1059,-3],[-4,795],[-1051,-3],[-4,794],[-1059,-2],[-4,804],[-1059,-3],[-4,794],[-4,804],[-1051,-2],[-3,794],[-4,795],[-4,804],[-3,794],[-4,795],[-3,804],[1050,3],[-3,794],[-4,804],[-4,795],[1060,2],[-4,795],[-4,804],[1060,3],[-4,794],[-4,795],[1051,3],[-4,804],[-3,794],[1059,3],[-4,804],[-4,794],[1060,3],[-4,795],[-4,804],[-3,794],[-4,795],[-4,804],[-4,794],[1060,3],[-4,804],[-4,795],[1051,3],[-4,794],[-4,804],[1059,3],[-3,794],[1059,3],[3,-794],[1060,3],[3,-804],[1051,2],[3177,9],[1051,3],[4,-795],[1059,3],[4,-794],[1059,3],[4,-804],[1051,3],[3,-795],[4,-804],[1060,3],[3,-794],[4,-795],[1060,3],[3,-804],[1060,3],[4,-795],[4,-794],[1050,3],[4,-804],[1059,3],[4,-795],[1060,3],[1059,3],[1051,3],[2118,6],[1051,3],[-4,795],[1059,3],[1060,3],[-5,804],[1060,3],[-4,794],[1050,4],[1060,3],[2118,6],[1051,3],[4,-795],[4,-804],[1059,3],[4,-794],[5,-804],[4,-795],[4,-794],[4,-804],[4,-795],[4,-794],[4,-804],[4,-795],[5,-804],[-1060,-3],[4,-794],[4,-795],[4,-804],[5,-794],[-1051,-3],[4,-795],[4,-804],[4,-795],[4,-804],[-1059,-3],[4,-794],[4,-795],[4,-804],[-1060,-3],[4,-794],[4,-795],[1060,3],[4,-804],[1060,3],[1051,3],[1059,4],[1060,3],[-4,804],[1051,3],[1059,3],[-4,794],[1060,4],[-5,794],[-4,804],[1060,3],[-4,795],[1050,3],[-4,795],[1060,3],[-4,804],[-5,794],[1060,3],[-4,804],[-5,795],[1060,3],[-4,795],[-5,804],[-4,794],[1051,3],[-4,795],[1059,3],[-4,804],[1059,3],[-4,795],[1051,3],[-4,804],[2118,6],[-8,1590],[1059,3],[1051,3],[-5,804],[1060,3],[-5,795],[1060,3],[1059,3],[-4,795],[1050,3],[1060,3],[1059,4],[-4,804],[1050,3],[1060,3],[1059,4],[-4,794],[1059,4],[1050,3],[1060,3],[1059,4],[1059,3],[1051,3],[1059,4],[1060,3],[1050,4],[1059,3],[1060,4],[1059,3],[1051,3],[1059,4],[5,-795],[1059,4],[1059,3],[5,-804],[1050,4],[5,-795],[1059,4],[5,-795],[1059,4],[5,-804],[1051,3],[4,-794],[1060,3],[4,-794],[1060,3],[4,-804],[1060,4]],[[483684,728661],[4,-795],[4,-794],[3,-805],[4,-794],[3,-795],[1055,3],[3,-804],[4,-795],[1054,3],[4,-804],[4,-795],[3,-794],[1046,3],[4,-805],[3,-794],[4,-795],[4,-804],[3,-794],[4,-804],[3,-795],[4,-795],[-1046,-2],[4,-804],[3,-795],[-1054,-3],[3,-794],[-1055,-3],[4,-804],[-1046,-3],[3,-794],[4,-804],[-1055,-3],[4,-795],[3,-794],[-1054,-3],[3,-804],[4,-795],[3,-794],[1055,2],[4,-804],[1054,3],[1047,3],[1054,3],[1055,2],[1046,3],[1055,3],[1055,2],[-4,805],[1055,2],[1046,3],[2110,6],[1054,2],[1047,3],[-4,795],[1055,3],[1054,2],[1047,3],[1054,3],[2110,6],[1046,3],[-4,794],[2110,6],[1054,3],[1046,3],[1055,3],[-4,804],[2110,6],[1046,3],[-4,794],[1055,3],[-4,795],[1055,3],[-4,804],[1046,3],[-4,794],[1055,3],[-4,804],[1054,3],[1055,3],[-4,795],[1046,3],[-4,794],[1055,3],[1054,3],[-4,804],[1055,3],[1046,3],[-4,795],[1055,3],[1054,3],[1046,3],[1055,3],[4,-794],[1055,3],[1054,3],[1046,3],[1055,3],[1054,3],[5,-804],[1054,3],[4,-794],[1046,3],[4,-795],[5,-804],[-1046,-3],[4,-795],[4,-804],[-1055,-3],[4,-794],[4,-795],[-1054,-3],[4,-804],[4,-795],[4,-794],[4,-804],[-1055,-3],[4,-795],[4,-804],[-1046,-3],[4,-795],[4,-794],[4,-804],[4,-795],[-1054,-3],[4,-795],[4,-804],[-1055,-3],[4,-794],[-1055,-3],[-1046,-3],[4,-805],[-1055,-3],[4,-794],[4,-795],[4,-804],[4,-794],[4,-795],[4,-804],[4,-795],[4,-804],[4,-794],[4,-795],[4,-804],[4,-794],[1055,3],[4,-795],[4,-804],[4,-795],[4,-804],[4,-794],[4,-795],[4,-804],[4,-794],[4,-795],[4,-804],[4,-795],[4,-804],[4,-794],[4,-795],[5,-804],[-1056,-3],[4,-795],[-1055,-3],[4,-794],[-1046,-3],[-1056,-3],[-2110,-6],[-1047,-3],[-1055,-3],[4,-804],[-2110,-6],[4,-795],[-1047,-3],[-1055,-3],[4,-804],[-1056,-3],[4,-794],[-1046,-3],[-1056,-3],[4,-795],[-1055,-3],[4,-804],[-1056,-3],[-1046,-3],[4,-794],[-1056,-3],[4,-795],[-1055,-3],[4,-804],[-1056,-2],[4,-795],[-1047,-3],[4,-804],[-1055,-3],[4,-794],[-1056,-3],[4,-795],[-1047,-3],[4,-804],[4,-794],[-1056,-3],[4,-804],[4,-795],[-1056,-3],[4,-794],[4,-804],[3,-795],[-1055,-3],[4,-794],[3,-804],[4,-795],[4,-804],[4,-794],[3,-795],[4,-804],[4,-795],[3,-794],[4,-804],[4,-795],[1056,3],[3,-804],[4,-795],[4,-794],[1055,3],[4,-804],[8,-1590],[3,-804],[4,-794],[1056,3],[3,-804],[4,-795],[1047,3],[4,-795],[4,-804],[4,-794],[3,-795],[1056,3],[4,-804],[4,-795],[3,-804],[4,-794],[1056,3],[4,-795],[4,-804],[3,-795],[4,-794],[4,-804],[4,-795],[4,-804],[3,-794],[4,-795],[4,-804],[4,-795],[3,-794],[4,-804],[4,-795],[4,-804],[4,-794],[1047,2],[4,-794],[4,-804],[1056,3],[3,-795],[4,-794],[1056,2],[4,-804],[4,-794],[4,-804],[1056,3],[4,-795],[4,-794],[3,-804],[1048,2],[4,-794],[4,-795],[3,-804],[1057,3],[3,-794],[4,-804],[4,-795],[1056,3],[4,-795],[4,-804],[4,-794],[4,-795],[4,-804],[1056,3],[4,-794],[4,-804],[4,-795],[3,-795],[4,-804],[1048,3],[4,-794],[4,-795],[4,-804],[4,-794],[4,-804],[4,-795],[1056,3],[4,-795],[4,-804],[4,-794],[4,-795],[3,-804],[4,-794],[4,-804],[4,-795],[1057,3],[4,-795],[4,-804],[-1057,-3],[4,-794],[4,-795],[4,-804],[-1057,-3],[4,-794],[4,-804],[-1048,-3],[4,-795],[4,-794],[-1056,-3],[3,-804],[-1056,-3],[-1057,-3],[4,-795],[-1048,-3],[4,-794],[-1056,-3],[-1057,-3],[4,-804],[-1057,-3],[4,-795],[-1048,-2],[4,-805],[-1057,-2],[4,-795],[-1057,-3],[-1048,-3],[4,-794],[4,-804],[-1057,-3],[4,-795],[4,-794],[-1057,-3],[4,-804],[4,-795],[3,-804],[-1056,-3],[4,-794],[1056,3],[4,-795],[4,-804],[3,-794],[4,-795],[4,-804],[1057,3],[4,-795],[3,-804],[4,-794],[1057,2],[4,-794],[-5,-804],[12,-795],[1048,3],[4,-794],[4,-804],[4,-795],[-1048,-3],[-2114,-6],[-1057,-2],[4,-804],[-1049,-3],[4,-795],[-1057,-3],[4,-794],[-1057,-3],[4,-804],[1057,3],[3,-795],[1057,3],[4,-795],[1048,3],[1057,3],[4,-804],[4,-794],[1057,2],[4,-804],[3,-794],[4,-795],[1057,3],[4,-804],[4,-794],[3,-795],[4,-804],[4,-795],[-5,-804],[13,-794],[-5,-795],[12,-804],[4,-794],[-5,-795],[13,-804],[3,-794],[4,-805],[4,-794],[4,-795],[4,-804],[3,-794],[-1057,-3],[4,-795],[4,-804],[3,-794],[-1057,-3],[4,-804],[4,-795],[3,-794],[4,-804],[4,-795],[4,-794],[-1058,-3],[4,-804],[4,-795],[4,-804],[3,-794],[-1048,-3],[3,-795],[4,-804],[4,-794],[4,-795],[3,-804],[-1057,-3],[4,-794],[1057,3],[4,-804],[4,-795],[3,-795],[1049,3],[4,-804],[4,-794],[1057,2],[4,-794],[4,-804],[1057,3],[4,-795],[4,-804],[4,-794],[-1058,-3],[4,-795],[-1058,-3],[-1049,-2],[4,-804],[-1057,-3],[-4,804],[-1058,-3],[-1057,-3],[-1049,-3],[-1058,-3],[4,-804],[-1058,-2],[-1057,-3],[3,-795],[-1049,-2],[4,-795],[4,-804],[3,-795],[-1057,-2],[3,-804],[4,-795],[4,-794],[-1058,-3],[4,-804],[-1049,-3],[3,-795],[-1057,-2],[3,-795],[-1058,-3],[-3,795],[-1058,-3],[-1049,-2],[-1058,-3],[-1057,-3],[3,-794],[-1057,-3],[-1049,-3],[-1058,-2],[-1058,-3],[4,-804],[-1049,-3],[3,-794],[-1058,-3],[4,-804],[-1058,-3],[4,-794],[3,-795],[-1058,-2],[4,-804],[3,-795],[-1049,-3],[3,-794],[-1057,-3],[3,-804],[4,-794],[-1058,-3],[3,-804],[-1058,-2],[4,-795],[-1049,-3],[3,-794],[-1058,-3],[4,-804],[-1058,-2],[-1050,-3],[-1057,-2],[-1058,-3],[-1058,-2],[-1049,-3],[-1058,-2],[-1058,-3],[-1058,-2],[-1049,-3],[3,-795],[-2116,-4],[-1049,-3],[3,-794],[-1058,-3],[-1058,-2],[4,-804],[3,-795],[-1058,-2],[3,-804],[3,-795],[4,-795],[3,-804],[3,-794],[3,-795],[3,-804],[4,-794],[3,-804],[3,-795],[3,-794],[4,-804],[6,-1590],[3,-804],[1058,3],[3,-795],[4,-804],[3,-794],[3,-795],[3,-804],[4,-794],[1058,2],[3,-794],[3,-804],[3,-795],[4,-804],[3,-795],[3,-794],[-1058,-3],[3,-804],[-1058,-2],[-3,804],[-1050,-2],[-1058,-3],[-3,795],[-4,794],[-1058,-2],[-3,804],[-3,794],[-3,804],[-3,795],[-1059,-2],[-3,794],[-3,804],[-3,795],[-1050,-3],[-3,795],[-3,804],[-3,794],[-3,804],[-3,795],[-1058,-2],[-4,794],[-3,804],[-3,795],[-1058,-3],[-3,795],[-3,804],[-3,795],[-3,804],[-1050,-3],[-3,795],[-3,794],[-1058,-2],[-3,804],[-1058,-2],[-3,794],[-1058,-2],[-3,794],[-1049,-2],[-1058,-2],[-3,804],[-1058,-2],[-1058,-3],[-1050,-2],[3,-804],[3,-795],[-1057,-2],[3,-794],[3,-804],[-1058,-3],[3,-794],[3,-795],[3,-804],[3,-794],[3,-804],[6,-1590],[3,-804],[3,-794],[3,-795],[3,-804],[3,-794],[1058,2],[3,-804],[3,-795],[3,-794],[3,-804],[3,-795],[3,-794],[3,-804],[3,-795],[3,-804],[-1058,-2],[3,-795],[3,-794],[3,-804],[3,-795],[-1050,-2],[3,-795],[-1058,-2],[3,-804],[-1059,-2],[-1058,-2],[3,-795],[-1050,-2],[3,-804],[-1058,-3],[-1058,-2],[-1059,-2],[-2,804],[-1050,-2],[-1058,-2],[-3,794],[-1059,-2],[-1049,-2],[-3,804],[-1058,-2],[-3,794],[-1059,-2],[-2,795],[-1059,-2],[-1049,-3],[-3,805],[-1058,-3],[-3,795],[-1058,-2],[-1059,-2],[-2,794],[-1050,-2],[-3,804],[-1058,-2],[-3,795],[-2116,-4],[-3,804],[-1049,-3],[-3,795],[-2116,-4],[-1050,-2],[-3,794],[-2116,-4],[-3,804],[-1058,-2],[-2,795],[-1050,-2],[-3,795],[-2116,-4],[-2,804],[-1058,-2],[-3,794],[-1050,-2],[-2,804],[-2116,-4],[-3,795],[-1049,-2],[-3,795],[-2116,-4],[-3,804],[-1058,-2],[-1049,-2],[-3,795],[-3174,-6],[-1049,-2],[-1058,-2],[2,-794],[-1058,-2],[-1049,-2],[-2116,-4],[-3,795],[-1058,-2],[-1049,-2],[-3,795],[-2116,-4],[-2,804],[-1058,-2],[-2,795],[-1050,-2],[-1058,-2],[-1058,-1],[-2,804],[-1049,-2],[-1058,-2],[-3,795],[-2116,-4],[-1049,-1],[-2,794],[-1058,-1],[-1058,-2],[2,-795],[-1058,-1],[2,-795],[-1049,-2],[-1058,-1],[2,-804],[2,-795],[-1058,-2],[2,-804],[3,-794],[2,-795],[2,-804],[2,-794],[2,-795],[1058,2],[3,-804],[2,-795],[1058,2],[2,-804],[2,-795],[1050,2],[2,-795],[1058,2],[2,-804],[1059,2],[2,-795],[2,-794],[1058,1],[2,-804],[1050,2],[2,-795],[1058,2],[3,-804],[1058,2],[2,-795],[1059,2],[2,-795],[1049,2],[3,-804],[1058,2],[2,-795],[3,-794],[2,-804],[2,-795],[3,-804],[1058,2],[2,-795],[3,-794],[2,-804],[2,-795],[3,-794],[2,-804],[2,-795],[3,-804],[2,-795],[2,-794],[3,-804],[1049,2],[3,-795],[2,-794],[1059,1],[2,-804],[2,-794],[1059,2],[2,-804],[1059,1],[2,-794],[2,-795],[1050,2],[3,-804],[1058,2],[3,-795],[1058,2],[3,-795],[1058,2],[3,-804],[2,-794],[1050,2],[3,-804],[1058,1],[3,-794],[1058,2],[3,-795],[1050,2],[2,-804],[1059,2],[2,-795],[1059,2],[2,-794],[1059,2],[3,-804],[2,-795],[1050,2],[1059,2],[2,-804],[1059,2],[3,-795],[2,-794],[1059,2],[2,-804],[1051,1],[2,-794],[1059,2],[2,-795],[3,-804],[1059,2],[2,-794],[1050,2],[3,-804],[1059,2],[3,-795],[1058,2],[3,-795],[1059,2],[2,-804],[3,-794],[1050,2],[3,-795],[3,-804],[2,-794],[3,-804],[1059,2],[2,-795]],[[396317,423581],[-1058,-2],[-1051,-2],[-1059,-2],[-1058,-2],[-1059,-2],[-3,795],[-1050,-2],[-1059,-2],[-3,804],[-1059,-2],[-2,794],[-1050,-1],[-1059,-2],[-3,804],[-1059,-2],[-2,794],[-1059,-2],[-3,795],[-1050,-2],[-2,804],[-1059,-2],[-3,795],[-1058,-2],[-1059,-2],[2,-795],[-1050,-2],[-1059,-1],[-1058,-2],[-1051,-2],[-1058,-2],[-1059,-2],[2,-804],[-1059,-2],[-1050,-1],[-1059,-2],[-1058,-2],[-3,804],[-1059,-2],[-1050,-2],[-2,795],[-1059,-2],[-2,795],[-1059,-2],[-2,804],[-1051,-2],[-2,795],[-2,804],[-2,794],[-1059,-1],[-2,794],[-1059,-1],[-3,804],[-2,794],[-1058,-2],[-3,795],[-1050,-2],[-2,804],[-1059,-1],[-1058,-2],[-1059,-2],[-2,795],[-1050,-2],[-1059,-2],[-1059,-1],[-1050,-2],[-1058,-2],[2,-794],[-1059,-2],[-1059,-1],[3,-804],[-1051,-2],[3,-795],[-1059,-1],[2,-795],[-1059,-1],[2,-804],[-1058,-2],[2,-794],[-1050,-2],[-1059,-2],[-1059,-1],[2,-795],[-1050,-1],[-1059,-2],[-1058,-1],[-1059,-2],[-1050,-1],[-1059,-2],[-1059,-1],[-1059,-2],[-1050,-1],[-1058,-2],[-1059,-1],[-1050,-2],[-1059,-1],[-1059,-2],[-1059,-1],[-1050,-1],[-1059,-2],[-1058,-1],[2,-804],[-1059,-2],[-1050,-1],[-1059,-1],[-1059,-2],[-1059,-1],[-1,804],[-1051,-2],[-1058,-1],[-1059,-1],[-1050,-2],[-2118,-2],[-1,794],[-1059,-1],[-1050,-1],[-2,794],[-1059,-1],[-1058,-1],[-1059,-1],[-2,804],[-1050,-2],[-1059,-1],[-1,795],[-1059,-2],[-1050,-1],[-2,795],[-1058,-1],[-1059,-2],[-2,804],[-1058,-1],[-1050,-1],[-2,795],[-1059,-2],[-1058,-1],[-2,804],[-1059,-1],[-1,795],[-1050,-1],[-2,794],[-1058,-1],[-2,804],[-1058,-1],[-2,794],[-1050,-1],[-1,795],[-1059,-1],[-1,804],[-1059,-1],[-2,794],[-1058,-1],[-2,804],[-1049,-1],[-1059,-1],[-1,795],[-1059,-2],[-1,795],[-1059,-1],[-1050,-1],[-1,804],[-1059,-1],[-1058,-1],[-2,794],[-1050,-1],[-1058,-1],[-2,795],[-1058,-1],[-1059,-1],[-1,804],[-1050,-1],[-1058,-1],[-1059,-1],[-1,795],[-1058,-1],[-1050,-1],[-1059,-1],[-1058,-1],[-1050,-1],[-1,804],[-1059,-1],[-1058,-1],[-1059,-1],[-1050,-1],[-1058,-1],[-1059,0],[-1,794],[-1058,-1],[-1050,-1],[-1059,-1],[-1058,0],[-1050,-1],[-1,794],[-1058,0],[-1059,-1],[-1058,-1],[1,-795],[-1050,0],[1,-795],[-1059,-1],[1,-804],[-1058,-1],[1,-794],[1,-804],[-1059,-1],[1,-795],[1,-794],[2,-804],[-1050,-1],[-1059,-1],[-1059,0],[-1049,-1],[-2118,-2],[-1058,0],[-1050,-1],[-1059,-1],[-1058,0],[-1,804],[-1059,-1],[0,795],[-1050,-1],[-1,795],[-1059,-1],[-1058,-1],[1,-794],[-1050,-1],[-1059,-1],[1,-794],[-1059,-1],[1,-804],[1,-794],[1,-795],[-1059,-1],[-1050,0],[-1058,-1],[-1,795],[-1059,-1],[-1058,0],[-1,794],[-1,804],[-1050,0],[0,794],[-1059,0],[-1,794],[-1058,0],[-1,804],[-1058,-1],[-1,795],[-1050,-1],[-1,804],[-1058,0],[-1,794],[-1058,0],[-1,794],[-1050,0],[0,804],[-1059,-1],[0,795],[-1059,-1],[-1058,0],[-1,795],[-1050,-1],[0,804],[-1059,0],[0,794],[-1059,0],[-1058,-1],[-1050,0],[-1,804],[0,795],[-1,794],[0,804],[-1059,0],[0,794],[-1,795],[0,804],[-1059,-1],[0,795],[-1050,0],[0,804],[-1,794],[0,795],[-1,804],[0,794],[-1059,0],[0,795],[-1,804],[0,794],[-1,804],[-1058,0],[0,794],[-1,795],[0,804],[-1,795],[-1,794],[-1058,0],[0,804],[-1,794],[-1049,0],[-1,804],[-1058,0],[-1058,-1],[0,795],[-1058,0],[-1,794],[-1049,0],[-1,804],[0,794],[-1058,0],[-1,795],[0,804],[-1,794],[0,804],[1058,1],[0,794],[1049,1],[0,794],[-1,804],[1058,1],[0,794],[1058,0],[1058,1],[1049,0],[1058,1],[1058,0],[-1,795],[2108,0],[-1,804],[1058,1],[-1,794],[1058,1],[1050,0],[-1,804],[0,795],[1057,0],[0,795],[1058,0],[1058,1],[1049,0],[1,-794],[1057,0],[1058,1],[1058,0],[1050,1],[-1,794],[-1,804],[0,795],[1057,0],[0,795],[-1,804],[-1,795],[0,804],[-1,794],[-1,795],[1058,0],[-1,804],[1050,1],[1057,0],[1,-804],[1058,1],[1,-795],[1057,1],[1,-795],[1,-804],[1,-794],[0,-804],[2,-1590],[1,-804],[0,-794],[1,-795],[1,-804],[1,-794],[0,-804],[2,-1590],[1,-804],[0,-794],[1,-795],[1,-804],[1,-794],[1049,0],[1,-804],[0,-794],[1059,0],[0,-794],[1,-804],[1,-795],[1058,1],[1,-795],[0,-804],[1059,1],[0,-795],[1050,1],[1,-804],[1058,0],[1,-794],[0,-795],[1059,1],[0,-804],[1,-795],[1058,1],[1,-795],[1050,1],[1,-804],[1058,0],[1,-794],[1058,0],[1050,1],[0,-804],[1059,1],[1,-795],[1058,1],[1,-795],[1058,1],[1,-804],[1050,1],[1058,0],[1,-794],[1058,0],[1,-794],[1058,1],[1,-804],[1050,0],[1,-794],[1058,0],[1,-804],[1059,1],[1,-794],[1049,0],[1,-794],[1059,1],[1,-804],[1058,0],[1058,1],[1,-794],[1050,0],[1059,1],[1058,1],[1,-795],[1058,1],[1050,1],[1059,1],[1058,1],[-1,794],[1050,1],[1,-794],[1058,0],[1058,1],[1059,1],[-1,795],[1049,1],[1059,1],[-1,794],[2116,2],[1050,1],[1058,1],[1059,1],[1050,1],[1058,1],[-1,804],[-2,794],[-1,795],[-1,804],[-1059,-1],[-1,795],[-1,804],[-1050,-1],[-1,794],[-1,795],[-2,804],[-1,794],[-1058,-1],[-1,795],[-1059,-1],[-1,804],[-1,795],[-1,804],[-1050,-1],[-1,794],[-1,795],[-1,804],[-1059,-1],[-1,795],[-1,794],[-1,804],[-1,795],[-2,804],[-1,794],[-1058,-1],[-1,795],[-1,804],[-2,795],[-1,794],[-1,804],[-1,795],[-1,804],[-2,794],[1058,1],[-1,795],[1058,1],[-1,804],[-1,794],[1049,1],[-1,795],[1058,1],[-1,804],[-2,794],[1058,1],[-1,804],[1049,1],[-1,795],[1058,1],[-1,795],[1058,1],[-2,804],[-1,794],[-1,795],[-2,804],[-1,794],[-1,804],[-1,795],[-2,794],[-1,805],[-1058,-1],[-1,794],[-1,795],[-2,804],[-1,794],[-1058,-1],[-1,804],[-2,1590],[-1050,-1],[-1,804],[-1,794],[-1,795],[-1058,-1],[-1,804],[-1,794],[-2,805],[-1,794],[-1,795],[-1,804],[-2,794],[-1,795],[-1,804],[-1,794],[1057,1],[-1,804],[1049,1],[-1,795],[1057,1],[-1,795],[-1,804],[1057,1],[1058,1],[-2,794],[1049,1],[-1,795],[-1,804],[-2,794],[1058,1],[-2,804],[-1,795],[1057,1],[-1,795],[-1,804],[-2,794],[1058,1],[-1,795],[1048,1],[-1,804],[-1,794],[1057,1],[-1,804],[-2,795],[1058,1],[-2,795],[1049,1],[-2,804],[1058,1],[-2,794],[1058,1],[-2,795],[-1,804],[1057,1],[-1,795],[-2,804],[1049,1],[-1,794],[-2,795],[-1,804],[1057,1],[-2,795],[-1,794],[-1,804],[-2,795],[-1057,-1],[-2,804],[-1,794],[-1,795],[-1049,-1],[-1,804],[-1057,-1],[-2,795],[-1,794],[-2,804],[-1,795],[-2,804],[1058,1],[-2,794],[1049,2],[-2,794],[-1,804],[1057,1],[-2,795],[-1,794],[-2,804],[-1,795],[-1057,-1],[-1,804],[-2,795],[-1,794],[-2,804],[-1048,-1],[-2,795],[-1,794],[-1,804],[-2,795],[-1,804],[-1057,-1],[-2,795],[-1,794],[-1,804],[-2,795],[-1,794],[-1057,-1],[-1,804],[-2,795],[-1057,-1],[-1,804],[-1048,-1],[-2,794],[-1056,-1],[-2,795],[-1056,-1],[-2,804],[-1048,-1],[-1,795],[-2114,-2],[-1,794],[-1057,-1],[-1048,-1],[-1,804],[-1057,-1],[-1,795],[-1057,-1],[-1,804],[-1057,-1],[-1,795],[-1,794],[-2,804],[-1,795],[-1,794],[-2,804],[-1,795],[-1,804],[-1,795],[-2,794],[-1,804],[-1,795],[-1048,-1],[-1,795],[-2,804],[-1056,-1],[-1,794],[-1057,-1],[-1,804],[-1048,0],[-1,794],[-1,795],[-2,804],[-1,794],[-1,795],[-1,804],[1048,1],[-2,794],[-1,805],[-1,794],[1056,1],[-1,795],[1057,1],[-2,804],[1048,1],[-1,794],[-1,795],[1056,1],[-1,804],[1056,1],[-1,794],[1056,1],[1,-794],[1048,1],[1,-804],[1057,1],[2,-1590],[1057,1],[1,-804],[1057,1],[1,-794],[1048,1],[1056,1],[1,-795],[1057,1],[1,-804],[1048,1],[1,-794],[1057,1],[1056,1],[2,-804],[1056,1],[1048,1],[1057,1],[1,-795],[1056,2],[2,-795],[1056,1],[1048,1],[2,-804],[1056,1],[2,-794],[1056,1],[2,-795],[1048,1],[1,-804],[1057,1],[1,-794],[1057,1],[1,-804],[1057,1],[1,-795],[1048,2],[1057,1],[1,-795],[1057,1],[2,-804],[1056,2],[2,-795],[1048,1],[1,-794],[1057,1],[2,-804],[1056,1],[2,-795],[1048,2],[1,-804],[2,-795],[1057,1],[1,-794],[1057,1],[2,-804],[1056,1],[2,-794],[1048,1],[2,-795],[2,-804],[1056,1],[2,-794],[1057,1],[1,-804],[2,-794],[2,-795],[1057,1],[1,-804],[1048,2],[4,-1590],[1057,2],[1,-804],[1057,1],[2,-795],[2,-804],[1048,2],[2,-795],[1057,1],[1,-794],[1057,1],[2,-804],[2,-794],[1057,1],[1,-795],[1049,2],[2,-804],[1,-795],[1057,1],[2,-804],[1057,2],[2,-795],[1057,2],[2,-795],[1,-804],[1049,1],[2,-794],[2,-795],[1057,2],[1,-804],[1057,1],[2,-795],[1057,2],[2,-804],[1049,1],[1,-794],[2,-795],[1057,2],[2,-804],[1057,1],[2,-795],[1049,2],[2,-795],[1057,2],[2,-804],[1057,1],[2,-794],[2,-804],[1057,1],[2,-795],[1048,2],[2,-795],[1057,2],[2,-804],[2,-795],[1058,2],[2,-795],[1057,2],[2,-804],[1048,1],[2,-794],[1058,1],[2,-804],[1057,2],[2,-795],[1049,2],[2,-795],[1057,2],[1057,1],[2,-804],[1057,2],[1049,1],[2,-794],[1057,2],[2,-795],[1058,2],[2,-804],[1057,1],[2,-794],[1049,1],[1057,2],[2,-804],[1058,1],[-3,805],[-2,794],[1049,2],[-2,804],[-2,794],[-3,795],[-2,804],[-2,795],[1057,1],[-2,795],[-2,804],[-3,794],[-2,804],[-4,1590],[-2,804],[-3,794],[1058,2],[-3,795],[-2,804],[-2,794],[1057,2],[-2,804],[-3,794],[-2,795],[-2,804],[-2,795],[-3,794],[-2,804],[1049,2],[-3,795],[-2,804],[1057,1],[-2,795],[-2,794],[-3,804],[-4,1590],[1057,1],[-3,804],[-2,795],[-2,804],[-2,795],[-3,794],[1057,2],[-2,804],[-2,795],[-3,794],[-2,804],[-2,795],[-2,804],[1048,2],[-3,794],[-2,795],[-2,804],[-2,794],[1056,2],[-2,795],[-2,804],[-3,794],[1057,2],[-2,804],[-3,795],[-2,794],[1048,2],[-2,804],[-2,795],[-3,794],[-2,804],[1057,2],[-3,795],[-2,804],[-2,794],[-3,795],[-2,804],[-2,794],[-3,795],[-2,804],[-2,795],[-3,804],[-2,794],[-2,795],[-3,804],[-2,795],[1056,1],[-2,795],[-2,804],[-3,794],[-2,805],[-2,794],[1056,2],[-2,795],[-3,804],[-2,794],[-2,795],[-3,804],[-2,794],[-3,804],[-4,1590],[-3,804],[-2,794],[-2,795],[-3,804],[-2,794],[-2,804],[-3,795],[-2,795],[-2,804],[-1057,-2],[-2,795],[-2,794],[-3,804],[-2,795],[-2,804],[-3,794],[-2,795],[-2,804],[-1056,-2],[-3,795],[-2,794],[-2,805],[-3,794],[-2,804],[-2,795],[-3,794],[-2,804],[-2,795],[1056,2],[-3,794],[-2,804],[1056,2],[-2,795],[1047,2],[-3,804],[-2,794],[-2,795],[-3,804],[-2,794],[-2,795],[-3,804],[-1047,-2],[-2,795],[-3,804],[-2,795],[-1056,-2],[-2,794],[-3,804],[-4,1590],[-1056,-2],[-2,804],[-3,794],[-2,805],[-1056,-2],[-2,794],[-2,795],[-3,804],[-2,795],[-2,794],[1055,2],[-2,804],[-2,795],[-3,804],[1056,1],[-2,795],[-3,795],[-2,804],[-2,794],[1055,2],[-2,795],[-2,804],[-3,794],[1047,2],[-2,804],[-2,795],[-3,794],[1056,2],[-3,804],[-2,795],[1056,2],[-3,794],[1056,2],[1047,2],[1055,2],[-2,804],[1055,2],[1047,1],[1056,2],[2,-804],[1056,2],[1055,2],[1047,2],[1056,2],[1055,2],[3,-795],[1055,2],[1047,2],[1056,2],[1055,2],[1047,2],[1056,1],[2,-794],[1056,2],[1055,2],[1047,2],[-2,794],[1055,2],[1056,2],[1055,2],[1047,2],[1056,2],[1055,2],[-3,795],[1047,2],[1056,2],[-3,804],[1056,2],[-3,795],[1055,2],[-2,804],[1047,2],[-3,795],[-3,794],[1056,2],[-3,804],[1055,2],[-2,795],[1055,2],[-3,795],[-3,804],[1047,2],[-3,794],[1056,3],[-3,804],[-3,794],[1056,2],[1055,2],[-3,795],[1047,2],[-3,804],[1056,2],[-3,795],[1055,2],[1047,2],[-3,804],[1055,3],[1056,2],[-3,794],[1055,2],[-3,795],[1047,2],[-3,804],[1055,3],[-3,794],[-3,795],[1056,2],[-3,804],[-3,795],[-3,804],[-1055,-3],[-6,1590],[-3,804],[-3,794],[-3,795],[-3,804],[-3,795],[-3,804],[-3,794],[-1055,-2],[-3,795],[-3,804],[-2,794],[-3,795],[-3,804],[-3,794],[-3,805],[1055,2],[-3,794],[-3,795],[-3,804],[1055,2],[-3,795],[-3,794],[1055,3],[-3,804],[1047,2],[-3,795],[-3,804],[1055,2],[-3,794],[1055,3],[-3,794],[-3,804],[-3,795],[1046,2],[-3,795],[1055,2],[-3,804],[-3,795],[1055,2],[-3,804],[1055,2],[-6,1590],[1046,2],[-3,804],[1055,2],[-3,795],[-3,794],[1055,3],[-3,804],[1054,2],[-3,795],[1047,2],[-4,804],[-3,795],[1055,2],[-3,795],[1055,2],[-3,804],[1046,2],[-3,795],[1055,2],[-4,795],[1055,2],[-3,804],[1055,3],[-3,794],[1046,3],[-4,804],[2110,4],[-3,795],[1054,3],[1046,2],[1055,2],[1055,3],[-3,794],[1046,3],[1054,2],[1055,3],[1055,2],[-4,804],[1046,3],[-3,794],[1055,3],[-4,794],[1055,3],[-3,804],[-4,795],[1055,2],[-3,804],[1046,3],[1054,2],[1055,3],[1046,2],[1054,3],[1055,2],[-3,795],[1054,3],[1046,2],[-3,795],[-4,804],[1055,2],[-3,795],[-4,795],[1055,2],[-4,804],[-3,795],[-4,804],[1055,2],[-4,795],[1046,3],[-3,794],[-4,804],[1055,3],[-4,795],[1055,2],[1046,3],[1054,2],[-3,795],[1054,3],[1055,2],[1045,3],[1055,3],[1054,2],[1055,3],[1045,3]],[[468668,796468],[-3,804],[-1054,-3],[-6,1590],[-1045,-3],[-4,804],[-3,795],[-1053,-3],[-4,804],[-3,795],[-3,794],[-1054,-2],[-3,804],[-4,795],[-1053,-3],[-3,795],[-4,804],[-1044,-3],[-4,795],[-1053,-3],[-3,804],[-4,795],[-3,795],[-1053,-3],[-3,804],[-1045,-2],[-3,794],[-1054,-2],[-3,794],[-3,805],[-1053,-3],[-4,795],[-3,804],[-1053,-3],[-3,795],[-1045,-3],[-3,795],[-3,804],[-1054,-2],[-3,794],[-3,795],[-1053,-3],[-3,805],[-4,794],[-1053,-2],[-3,804],[-3,794],[-3,795],[-1045,-2],[-3,804],[-3,794],[-3,795],[-1053,-2],[-4,804],[-3,794],[-1053,-2],[-3,804],[-3,795],[-1045,-3],[-3,795],[-3,804],[-1053,-3],[-6,1590],[-3,804],[-1053,-3],[-3,795],[-4,804],[-3,795],[-3,794],[-1053,-2],[-3,804],[-3,795],[-3,794],[-3,804],[-1045,-2],[-3,795],[-3,804],[-3,794],[-1053,-2],[-3,795],[-3,804],[-1053,-3],[-6,1590],[-1053,-3],[-3,804],[-1044,-2],[-3,795],[-1053,-3],[-3,804],[-1052,-2],[-4,795],[-1044,-3],[-3,795],[-1052,-2],[-3,804],[-1053,-2],[-1053,-3],[-3,795],[-1044,-2],[-3,794],[-1053,-2],[-3,804],[-3,795],[-1052,-3],[-3,805],[-3,794],[-3,795],[-3,804],[-1053,-2],[-3,794],[-3,795],[-3,804],[-2,795],[-3,804],[-1044,-3],[-1053,-2],[-3,795],[-1052,-2],[-3,794],[-1044,-2],[-1053,-2],[-3,804],[-1052,-2],[-3,794],[-1053,-2],[-1044,-2],[-3,795],[-1052,-2],[-3,804],[-3,794],[-1052,-2],[-3,804],[-1053,-2],[-2,795],[-1044,-2],[-3,794],[-1053,-2],[-2,804],[-1053,-2],[-1044,-2],[-1052,-2],[-1053,-2],[-1052,-2],[-1044,-2],[-1052,-2],[2,-805],[-1052,-2],[-1053,-2],[-1043,-2],[2,-794],[-1052,-2],[-1053,-2],[-1052,-2],[-3,794],[-3,804],[-1043,-2],[-6,1590],[-2,804],[-3,794],[-3,804],[-1052,-2],[-3,795],[-1052,-2],[-3,795],[-1043,-2],[-3,804],[-1052,-2],[-3,794],[-3,795],[-2,804],[-1052,-2],[-3,795],[-1052,-2],[-1044,-2],[-1052,-2],[-3,804],[-1052,-2],[-1053,-2],[3,-804],[-1044,-2],[-2,804],[-1053,-2],[-1052,-1],[-2,794],[-1044,-2],[-3,795],[-2,804],[-1052,-2],[-3,795],[-2,794],[-1053,-1],[-2,804],[-1052,-2],[-3,794],[-1043,-1],[-1053,-2],[-2104,-4],[-1044,-2],[-1052,-1],[-1052,-2],[-1044,-2],[-2,804],[-1052,-2],[-3,795],[-2,795],[-2,804],[-3,794],[-2,795],[-1052,-2],[-3,804],[-2,795],[-2,804],[-2,795],[-1053,-2],[-2,794],[1052,2],[-2,804],[1052,2],[-2,795],[1052,2],[-3,794],[1044,2],[-2,804],[1052,2],[-3,795],[1052,1],[-2,804],[-2,795],[1043,2],[-2,794],[-3,805],[-2,794],[-3,795],[-2,804],[-1043,-2],[-3,795],[-2,804],[-1052,-2],[-2,795],[-3,794],[-1052,-1],[-2,804],[-2,794],[-3,795],[-2,804],[-1043,-2],[-3,795],[-2,804],[-2,795],[-3,794],[-2,804],[-2,795],[-3,795],[-2,804],[-2,794],[-3,805],[1043,1],[-4,1590],[-3,804],[1052,2],[-2,794],[-3,795],[1052,2],[-2,804],[-3,794],[1043,2],[-2,804],[1052,2],[-3,795],[-2,794],[1052,2],[-3,804],[-2,795],[-3,795],[1052,1],[-2,805],[-1052,-2],[-2,794],[-1052,-1],[-2,804],[-3,794],[-1051,-2],[-3,795],[-2,804],[-3,795],[-2,795],[-1043,-2],[-2,804],[1043,2],[-3,794],[-2,804],[1051,2],[1052,2],[-2,795],[1051,2],[1043,1],[-2,795],[1051,2],[-2,804],[2102,4],[-2,794],[1043,2],[1051,2],[-2,795],[1051,2],[1043,1],[-2,805],[1051,2],[-2,794],[1051,2],[-2,804],[1051,2],[-3,795],[1043,2],[-2,794],[1051,2],[-2,804],[1051,2],[-3,795],[1052,2],[-3,795],[1043,2],[-3,804],[1052,2],[-3,794],[-3,804],[1052,2],[-3,795],[-2,795],[1042,2],[-2,804],[-3,794],[1051,2],[-2,795],[-3,804],[1051,2],[-2,795],[-3,804],[-3,795],[1051,2],[-2,794],[-3,804],[1043,2],[-3,795],[-2,795],[1051,2],[-3,804],[-3,794],[1051,3],[-2,804],[1051,2],[-3,794],[1043,2],[-3,795],[1051,2],[-3,804],[1052,2],[1051,2],[1042,2],[-3,795],[1051,2],[-2,795],[1051,2],[1042,2],[-2,804],[1051,2],[-3,795],[1051,2],[-3,804],[1051,2],[-3,795],[1043,2],[-3,795],[1051,2],[-3,804],[1051,2],[-3,795],[1051,2],[-3,795],[1043,2],[1051,2],[-3,804],[1051,2],[-3,795],[1042,2],[1051,2],[-3,805],[2102,4],[-3,795],[1043,2],[1051,2],[-3,795],[1051,2],[-3,804],[1050,3],[1043,2],[-3,794],[1051,3],[-3,794],[1051,3],[-3,804],[1042,2],[1051,2],[1051,3],[-3,794],[1051,3],[-4,804],[1043,2],[-3,795],[1051,2],[-4,795],[1051,2],[-3,804],[1051,3],[-3,794],[1042,3],[1051,2]],[[449010,983199],[3,-795],[3,-804],[3,-794],[-1051,-3],[4,-794],[3,-805],[3,-794],[3,-804],[6,-1590],[-1042,-2],[3,-804],[3,-795],[3,-794],[-1051,-3],[3,-804],[3,-794],[-1051,-3],[4,-804],[-1051,-2],[3,-795],[-1043,-2],[3,-795],[-1051,-2],[3,-804],[-1051,-3],[3,-794],[-1051,-3],[3,-794],[-1042,-3],[3,-804],[-1051,-2],[3,-795],[-1051,-2],[3,-804],[-1043,-2],[6,-1590],[-1051,-2],[3,-804],[3,-795],[3,-794],[3,-804],[3,-795],[3,-804],[3,-795],[3,-794],[3,-805],[-1051,-2],[3,-794],[3,-795],[3,-804],[3,-795],[3,-804],[-1051,-2],[2,-795],[3,-794],[-1042,-3],[3,-804],[3,-794],[3,-795],[-1052,-2],[3,-804],[-1051,-3],[3,-794],[3,-804],[-1052,-3],[3,-794],[-1042,-3],[2,-794],[-1051,-2],[3,-804],[-1051,-3],[2,-794],[-1042,-2],[2,-795],[-1051,-2],[3,-804],[3,-795],[-1052,-2],[3,-804],[-1051,-3],[3,-794],[3,-795],[-1043,-2],[2,-804],[-1051,-2],[3,-795],[3,-794],[2,-805],[-1051,-2],[3,-794],[3,-804],[-1052,-3],[3,-794],[3,-795],[2,-804],[3,-795],[3,-794],[-1043,-2],[3,-804],[3,-795],[2,-804],[6,-1590],[3,-804],[2,-794],[3,-795],[1043,2],[3,-804],[-1043,-2],[3,-795],[3,-804],[2,-794],[3,-795],[3,-804],[3,-795],[-1052,-2],[3,-795],[3,-804],[2,-794],[3,-804],[-1052,-2],[3,-795],[-1043,-2],[3,-795],[-1052,-2],[3,-804],[2,-795],[-1052,-2],[3,-794],[3,-805],[-1052,-2],[3,-794],[3,-804],[-1044,-2],[6,-1590],[-1052,-2],[2,-804],[3,-794],[3,-795],[3,-804],[2,-795],[3,-804],[1052,2],[3,-794],[2,-795],[1044,2],[3,-804],[2,-795],[2104,4],[3,-794],[1052,2],[1044,2],[2104,4],[1043,2],[-3,795],[1052,2],[-3,795],[1052,2],[-2,804],[1052,2],[-3,795],[1043,2],[-3,795],[1052,2],[-3,804],[-2,794],[1052,3],[-3,804],[1052,2],[-3,795],[1043,2],[-3,794],[1052,3],[-3,804],[1052,2],[1044,2],[1051,2],[1052,3],[3,-805],[1052,3],[1044,2],[3,-795],[1051,3],[3,-795],[1052,2],[1052,3],[3,-805],[1044,3],[3,-795],[1052,2],[3,-804],[1052,3],[1043,2],[1052,2],[3,-794],[2104,4],[-3,795],[1043,2],[1052,3],[-3,804],[1052,2],[-3,795],[-3,804],[-3,794],[-3,795],[-3,804],[-3,795],[-1052,-3],[-3,795],[-4,804],[-1051,-2],[-4,794],[-3,805],[-1043,-3],[-3,795],[-1052,-3],[-3,795],[-1052,-2],[-3,804],[-3,795],[-1052,-3],[-3,795],[-3,804],[1052,2],[-3,795],[1052,2],[-3,804],[1051,3],[1044,2],[1051,2],[1052,3],[-3,794],[1052,3],[1043,2],[-3,795],[1052,2],[1051,3],[-3,804],[1043,2],[-3,795],[1052,2],[-3,795],[1051,2],[-3,804],[1052,3],[-3,794],[1043,3],[1051,2],[-3,804],[1052,3],[1051,2],[1044,3],[1051,2],[-3,795],[1052,2],[1043,3],[1051,2],[-3,795],[1052,3],[1051,2],[-3,804],[1043,3],[1052,2],[-4,795],[1052,2],[1052,3],[-4,795],[-3,804],[-4,794],[-3,804],[-3,795],[-1052,-2],[-3,794],[-4,804],[-1051,-2],[-3,794],[1051,3],[-3,795],[1051,2],[-3,804],[1043,3],[-4,794],[1052,3],[-4,804],[1052,3],[-3,794],[-4,795],[-3,804],[1043,3],[-4,794],[-3,795],[-4,804],[1052,3],[-4,794],[-3,804],[-3,795],[1051,3],[-4,794],[-3,804],[-3,795],[1051,3],[-3,794],[-4,804],[1043,3],[1051,3],[1051,2],[1052,3],[1043,2],[1051,3],[3,-804],[1052,3],[1043,2],[1051,3],[3,-795],[1052,3],[1051,3],[1043,3],[1051,2],[1052,3],[3,-795],[1051,3],[4,-804],[1043,3],[4,-795],[1051,3],[3,-795],[1052,3],[4,-804],[3,-795],[1052,3],[3,-804],[1043,3],[4,-795],[1051,3],[4,-795],[1051,3],[4,-804],[1043,3],[1051,3],[1052,3],[1051,2],[4,-794],[1043,3],[1051,3],[4,-795],[1052,3],[1051,3],[4,-804],[1043,2],[4,-794],[1051,3],[4,-804],[1051,3],[8,-1590],[1043,3],[4,-804],[1051,3],[4,-795],[1052,3],[4,-794],[3,-804],[1052,3],[4,-795],[1043,3],[4,-804],[4,-795],[1051,3],[4,-795],[1052,3],[4,-804],[1051,3],[1043,3],[4,-794],[4,-795],[1052,3],[4,-804],[4,-795],[1051,3],[4,-804],[4,-794],[1043,3],[4,-795],[4,-804],[4,-795],[4,-794],[1052,3],[4,-804],[4,-795],[-1052,-3],[4,-804],[-1043,-3],[4,-795],[4,-794],[4,-804],[8,-1590],[4,-804],[4,-794],[-1052,-3],[4,-805],[4,-794],[-1052,-3],[4,-795],[4,-804],[-1044,-3],[4,-794],[4,-795],[4,-804],[-1052,-3],[4,-795],[4,-804],[-1052,-3],[4,-794],[-1052,-3],[4,-795],[-1044,-3],[4,-804],[-1052,-3],[4,-795],[-1052,-3],[4,-794],[-1052,-3],[4,-804],[-1044,-3],[-1052,-3],[4,-795],[-1052,-3],[-1043,-2],[4,-804],[-1052,-3],[3,-795],[4,-795],[-1052,-3],[4,-804],[-1052,-2],[3,-795],[4,-795],[4,-804],[4,-794],[-1044,-3],[4,-804],[4,-795],[3,-795],[4,-804],[4,-794],[-1052,-3],[4,-795],[3,-804],[4,-794],[4,-805],[4,-794],[3,-795],[4,-804],[4,-795],[4,-794],[3,-804],[-1052,-3],[4,-795],[3,-804],[4,-794],[-1052,-3],[4,-795],[3,-804],[4,-795],[-1044,-2],[4,-795],[4,-804],[3,-795],[4,-804],[4,-794],[-1053,-3],[4,-795],[4,-804],[4,-795],[3,-794],[1053,3],[3,-804],[1044,2],[4,-794],[1053,3],[3,-804],[1053,2],[4,-794],[3,-795],[1053,3],[4,-804],[1044,3],[3,-795],[4,-794],[1053,2],[3,-804],[4,-794],[4,-804],[8,-1590],[-1053,-2],[4,-804],[-1044,-3],[4,-795],[-2106,-6],[4,-794],[-1053,-3],[-1044,-3],[-1052,-3],[-1053,-3],[-1044,-2],[-1053,-3],[-3,794],[-1053,-2],[-1053,-3],[-1044,-3],[4,-795],[-1053,-2],[4,-804],[3,-795],[-1052,-3],[3,-804],[4,-794],[4,-795],[3,-804],[1053,3],[4,-795],[3,-795],[1053,3],[4,-804],[3,-795],[4,-804],[4,-794],[3,-795],[4,-804],[4,-795],[3,-794],[4,-804],[3,-795],[-1052,-3],[3,-804],[4,-794],[4,-795],[3,-804],[4,-795],[3,-794],[-1053,-3],[4,-804],[4,-795],[3,-804],[4,-794],[4,-795],[-1053,-3],[3,-804],[-1044,-3],[-1053,-2],[-2106,-6],[-4,804],[-1044,-2],[-1053,-3],[-4,795],[-1053,-3],[-1044,-3],[-1053,-3],[-3,795],[-1053,-3],[3,-794],[-1053,-3],[-1044,-2],[3,-795],[-1053,-3],[-1053,-2],[4,-804],[3,-795],[4,-795],[3,-804],[-1053,-2],[3,-795],[4,-804],[3,-795],[4,-794],[3,-804],[4,-795],[3,-795],[4,-804],[3,-794],[3,-804],[4,-795],[3,-795],[4,-804],[3,-794],[4,-795],[3,-804],[4,-795],[3,-804],[4,-794],[-1045,-3],[3,-795],[4,-804],[3,-794],[4,-795],[3,-804],[3,-795],[1045,3],[4,-804],[3,-795],[4,-794],[3,-804],[3,-795],[-1044,-2],[3,-795],[4,-804],[-1054,-3],[4,-794],[-1054,-3],[4,-804],[3,-795],[-1045,-2],[4,-795],[-1054,-2],[4,-805],[-1054,-2]],[[442448,782046],[3,-804],[-1054,-2],[3,-795],[-1054,-2],[-1045,-2],[3,-804],[3,-795],[-1053,-2],[3,-795],[-1054,-2],[3,-804],[3,-795],[-1045,-2],[3,-795],[-1054,-2],[3,-804],[3,-795],[-1053,-2],[3,-804],[-1054,-2],[-1045,-3],[3,-794],[-1054,-3],[-3,795],[-1054,-2],[-1054,-3],[-3,805],[-1045,-3],[-3,795],[-1054,-2],[-3,804],[-1053,-2],[-3,794],[-1045,-2],[-3,795],[-1054,-3],[-3,804],[-1054,-2],[-3,795],[-1053,-2],[-3,794],[-1045,-2],[-2108,-4],[-1053,-2],[-1046,-3],[3,-794],[-1054,-2],[-1053,-2],[-3,794],[-1045,-2],[-2108,-4],[-2,804],[-1054,-2],[-1045,-2],[3,-804],[-1054,-2],[3,-795],[-1054,-2],[3,-795],[2,-804],[3,-794],[3,-795],[3,-804],[-1054,-2],[2,-795],[3,-804],[-1045,-2],[-1054,-2],[3,-795],[-1054,-2],[3,-794],[-1054,-2],[3,-804],[2,-795],[3,-795],[3,-804],[2,-794],[1054,2],[3,-804],[1054,2],[2,-795],[1054,2],[3,-794],[1045,2],[3,-804],[1054,2],[3,-795],[1054,2],[1053,2],[1046,2],[1054,2],[3,-794],[1053,2],[1054,2],[1046,2],[1054,2],[3,-804],[1054,2],[1045,2],[3,-794],[1054,2],[3,-804],[1054,2],[2,-795],[1054,3],[3,-795],[3,-804],[1046,2],[2,-795],[1054,3],[3,-795],[1054,2],[3,-804],[1054,2],[3,-794],[1046,2],[3,-804],[2108,4],[1045,3],[3,-795],[1054,2],[1054,3],[3,-795],[1054,2],[1046,3],[3162,6],[1046,3],[2108,4],[1045,3],[4,-804],[2108,4],[3,-794],[1054,2],[3,-794],[1046,2],[1054,2],[3,-804],[1054,3],[3,-795],[1054,2],[4,-804],[1045,3],[1054,2],[1054,3],[4,-795],[1045,2],[1054,3],[1055,2],[1054,3],[1045,2],[1054,3],[-3,794],[1054,3],[1055,2],[1045,3],[3,-795],[1055,3],[1054,2],[1045,3],[1054,2],[4,-794],[1054,2],[1054,3],[1046,2],[3,-804],[1054,3],[1055,3],[3,-795],[1054,3],[1046,2],[3,-794],[1054,2],[1055,3],[3,-804],[1046,2],[1054,3],[3,-795],[1055,3],[1054,3],[3,-804],[1046,2],[4,-794]],[[479423,740626],[-1046,-3],[3,-795],[-1054,-2],[4,-804],[3,-795],[-1054,-3],[3,-794],[-1054,-3],[4,-804],[-1046,-2],[-1055,-3],[-1054,-3],[4,-794],[-1046,-3],[-1054,-2],[-1055,-3],[-1054,-3],[-1046,-2],[-1054,-3],[-1055,-2],[-1054,-3],[-1046,-2],[-3,794],[-1054,-2],[-4,804],[-1054,-3],[-1046,-2],[-3,794],[-1054,-2],[-1054,-3],[-1055,-2],[-1045,-3],[-1055,-2],[-1054,-3],[-1054,-2],[-4,795],[-1045,-3],[-1055,-2],[4,-795],[-1055,-2],[4,-795],[-1046,-2],[-1055,-3],[4,-804],[3,-794],[-1055,-3],[4,-804],[-1055,-2],[3,-795],[-1045,-2],[-1055,-3],[3,-794],[-1054,-3],[-1054,-2],[-1046,-2],[-1054,-3],[-3,795],[-1055,-2],[-1046,-3],[-3,795],[-1054,-2],[-3,804],[-1054,-3],[-3,795],[-1055,-2],[-3,804],[-1045,-2],[-3,794],[-1055,-2],[-1054,-2],[-1054,-3],[3,-794],[-1046,-3],[3,-804],[-1054,-2],[2,-794],[3,-805],[-1054,-2],[3,-794],[-1046,-3],[3,-794],[3,-804],[-1054,-2],[6,-1590],[-1055,-2],[-1054,-2],[3,-804],[-1046,-2],[3,-795],[-1055,-2],[-1054,-2],[-1055,-2],[-1045,-3],[-1055,-2],[-1054,-2],[-3,795],[-1046,-2],[-1054,-3],[-3,805],[-1055,-3],[-2,795],[-1055,-2],[-2,795],[-3,804],[-1046,-2],[-3,794],[-3,795],[-2,804],[-1055,-2],[-2,794],[-3,804],[-1054,-2],[-6,1590],[-1054,-3],[-3,805],[-3,794],[-2,795],[-1046,-2],[-3,804],[-2,794],[-3,804],[-1054,-2],[-6,1590],[-2,804],[-3,794],[-3,795],[-1054,-2],[-3,804],[-2,795],[-3,804],[-1054,-2],[-3,794],[-2,795],[-3,804],[-3,794],[-2,795],[-1046,-2],[-3,804],[-2,795],[-3,804],[-1054,-2],[-3,794],[-1054,-2],[-2,795],[-3,804],[-1045,-2],[-3,795],[-3,794],[-1054,-2],[-2,804],[-1054,-2],[-3,795],[-1054,-2],[-1045,-2],[2,-794],[-1054,-2],[-1053,-2],[2,-804],[3,-795],[2,-795],[-1054,-2],[3,-804],[2,-794],[3,-795],[2,-804],[3,-795],[2,-804],[3,-794],[3,-795],[2,-804],[3,-795],[-1046,-1],[3,-795],[2,-804],[-1054,-2],[2,-795],[-1054,-2],[3,-804],[-1046,-2],[3,-794],[-1054,-2],[2,-795],[3,-804],[2,-794],[3,-795],[-1055,-2],[3,-804],[2,-795],[3,-804],[2,-794],[3,-795],[2,-804],[-1054,-2],[2,-794],[3,-795],[-1046,-2],[3,-804],[-1055,-2],[-2108,-4],[-1046,-1],[-1055,-2],[-2,804],[-1054,-2],[-3,795],[-1045,-2],[-3,795],[-1054,-2],[-2,804],[-3,794],[-2,795],[-1054,-2],[-3,804],[-2,795],[-2,804],[-3,795],[-2,794],[-1054,-2],[-3,804],[-4,1590],[-3,804],[-2,794],[-2,804],[-3,795],[-2,795],[1054,1],[-2,805],[-3,794],[-2,795],[-2,804],[-3,794],[-2,805],[-2,794],[-3,795],[-2,804],[-1054,-2],[-2,795],[-3,794],[-2,804],[1054,2],[-2,795],[-1054,-2],[-3,804],[-2,795],[-1045,-2],[-3,795],[-2,804],[-2,794],[-3,795],[-2,804],[-2,795],[-3,804],[-2,794],[-1054,-1],[-2,794],[-1054,-2],[-1054,-1],[-2,804],[-1045,-2],[-1054,-2],[2,-804],[-1054,-2],[2,-794],[-1045,-2],[2,-794],[-1053,-2],[2,-804],[-2108,-4],[-1045,-1],[-2108,-4],[-1054,-1],[-1045,-2],[-1054,-2],[-1054,-1],[-1045,-2],[-1054,-1],[-2108,-4],[2,-794],[-1045,-2],[-1054,-1],[-1054,-2],[2,-804],[-1054,-1],[-1045,-2],[-2,804],[-1054,-1],[-2,794],[-1054,-1],[-2,804],[-2,794],[-2,795],[-2,804],[-2,795],[1054,1],[-2,795],[-2,804],[-1054,-2],[-2,795],[-2,804],[-2,795],[-2,794],[-2,804],[-1045,-1],[-2,794],[-1054,-1],[-2,795],[-1053,-2],[-2,804],[-2,795],[-1054,-2],[-2,804],[-1045,-1],[-1054,-2],[-2,795],[-1053,-1],[-2,794],[-1054,-1],[-1045,-2],[-1054,-1],[-2,804],[-1053,-1],[2,-805],[-1045,-1],[-1054,-1],[-1054,-2],[-1053,-1],[-1046,-2],[2,-794],[-1053,-2],[-2108,-2],[-1045,-2],[2,-794],[-1054,-2],[-1053,-1],[-1054,-1],[-1045,-2],[-1054,-1],[2,-804],[-1054,-1],[-1045,-2],[-1054,-1],[2,-794],[-1054,-2],[-1053,-1],[1,-804],[-1045,-1],[-1054,-2],[-1053,-1],[1,-794],[-1053,-2],[-1046,-1],[-1053,-1],[1,-795],[-1054,-1],[-1045,-1],[-1053,-1],[1,-804],[-1054,-2],[2,-794],[-1054,-1],[-1045,-2],[-1054,-1],[2,-794],[-1054,-1],[-1054,-2],[-1045,-1],[-1054,-1],[-1,795],[-2,794],[-1054,-1],[-1,804],[-1,795],[-2,795],[-1045,-1],[-1,804],[-2,794],[-1054,-1],[-1,804],[-1,795],[-1054,-1],[-2,794],[-1,805],[-1054,-2],[-1,795],[-1045,-1],[-1,795],[-2108,-2],[-1,804],[-1054,-1],[-1,794],[-1045,-1],[-2,804],[-1053,-1],[-1054,-1],[-1045,-1],[-1053,-1],[-2108,-2],[2,-804],[-1045,-1],[1,-794],[-1054,-1],[2,-804],[-2108,-2],[2,-795],[-1045,-1],[1,-795],[-1054,0],[-1054,-1],[-1045,-1],[-1053,-1],[-1,794],[-1054,0],[-1054,-1],[-1,794],[-1,804],[-1045,0],[-1,794],[-1,804],[-2,795],[1045,1],[-1,794],[1054,1],[-1,804],[1053,1],[-1,795],[1054,1],[-2,794],[1045,1],[-1,804],[1054,1],[-1,795],[1053,1],[-1,804],[-1,795],[1045,1],[-2,794],[-1,804],[-2,1590],[-2,804],[-1,794],[1054,1],[-2,804],[1054,1],[1053,1],[-1,795],[1045,1],[-2,794],[-1,804],[-2,1590],[-2,804],[-1,794],[-1,805],[-2,794],[-1,795],[-1,804],[1053,1],[-1,795],[1053,1],[-1,794],[1053,1],[1045,1],[2106,2],[1045,1],[1053,1],[2,-794],[2106,2],[2,-795],[1044,1],[2,-804],[1053,1],[2,-795],[1,-794],[1053,1],[2,-804],[1053,1],[1,-795],[2,-804],[1045,1],[1,-794],[2,-795],[1053,1],[1,-804],[2,-795],[1053,2],[2,-795],[1045,1],[1,-804],[1054,1],[1,-795],[1053,2],[2,-805],[1053,2],[2,-795],[1045,1],[1053,1],[2,-794],[1053,1],[1054,1],[1,-804],[1045,1],[1054,1],[1053,2],[1045,1],[1054,1],[-2,804],[1053,1],[1054,2],[1045,1],[1053,1],[1054,1],[-2,795],[1053,1],[1045,2],[-1,794],[1053,2],[1054,1],[1044,1],[-1,804],[1053,2],[1054,1],[-2,795],[1053,1],[1045,1],[1053,2],[-1,804],[2106,2],[1045,2],[1054,1],[1053,2],[1054,1],[1044,1],[1054,2],[1053,1],[2,-804],[1045,2],[1053,1],[1054,2],[1053,1],[1045,1],[2,-794],[1053,1],[1054,2],[1053,1],[1045,2],[1054,1],[1053,2],[1045,1],[1053,2],[1054,2],[1053,1],[1045,2],[-2,794],[1053,2],[-2,804],[1054,2],[-2,794],[-1054,-1],[-2,794],[-2,804],[-1053,-1],[-2,794],[-2,795],[-1045,-2],[-2,804],[1044,2],[-2,795],[-2,804],[1054,1],[2106,4],[-2,794],[1045,2],[1053,1],[1053,2],[1045,2],[1053,1],[1054,2],[1053,2],[1045,1],[2106,4],[-2,794],[1054,2],[1044,2],[-2,804],[1053,1],[1054,2],[1044,2],[1054,2],[1053,1],[1053,2],[1045,2],[2,-804],[1053,2],[1054,1],[2,-794],[1053,1],[3,-794],[1044,2],[1054,1],[2,-804],[1053,2],[3,-794],[1045,1],[2106,4],[1054,2],[1044,2],[-2,794],[1053,2],[1054,2],[1053,2],[-3,804],[1045,2],[1053,2],[1054,2],[1044,2],[1054,2],[2106,4],[1045,1],[1053,2],[1054,2],[1053,2],[1045,2],[2106,4],[1045,2],[1053,2],[1054,2],[1053,2],[1045,3],[2106,4],[1054,2],[1044,2],[1054,2],[2106,4],[1045,2],[1053,2],[1054,2],[3,-804],[1044,3],[3,-795],[1053,2],[3,-804],[1054,2],[2,-794],[3,-795],[3,-804],[3,-795],[3,-794],[-1054,-3],[3,-804],[3,-794],[3,-804],[-1053,-2],[2,-795],[3,-795],[-1045,-2],[3,-804],[3,-795],[3,-794],[3,-804],[2,-795],[1045,2],[3,-804],[3,-794],[3,-795],[1053,2],[3,-804],[3,-795],[1054,3],[2,-795],[3,-804],[1054,2],[3,-795],[1045,3],[1053,2],[3,-804],[2108,4],[-3,804],[1045,2],[1053,3],[-3,794],[1054,3],[-3,804],[1045,2],[-3,794],[-3,795],[1054,2],[-3,804],[-6,1590],[-3,804],[-3,794],[-3,804],[-6,1590],[-3,804],[-3,794],[1053,3],[3,-795],[1054,2],[3,-804],[3,-794],[1045,2],[3,-795],[1053,2],[3,-804],[3,-794],[1054,2],[3,-804],[1053,2],[3,-794],[3,-795],[1045,2],[3,-804],[3,-794],[1054,2],[3,-795],[1054,3],[3,-804],[3,-795],[1045,2],[3,-804],[3,-794],[3,-795],[1054,2],[3,-804],[3,-794],[1053,2],[4,-795]]]}